age,education-num,hours-per-week,gender,class
24,7,40,Male,<=50K
47,13,60,Male,>50K
48,9,40,Male,<=50K
55,10,40,Female,<=50K
25,9,40,Female,<=50K
51,13,50,Male,>50K
27,13,40,Female,<=50K
70,9,20,Female,<=50K
21,3,36,Male,<=50K
33,12,55,Female,>50K
27,13,45,Male,<=50K
61,14,70,Female,<=50K
37,7,40,Male,>50K
40,4,40,Male,<=50K
30,13,80,Male,<=50K
22,10,40,Female,<=50K
55,9,45,Female,<=50K
77,10,35,Male,<=50K
61,15,45,Male,>50K
37,10,60,Male,<=50K
43,9,40,Female,<=50K
28,13,50,Male,>50K
64,9,3,Male,<=50K
22,10,40,Male,<=50K
47,13,60,Male,<=50K
47,13,45,Male,>50K
28,13,50,Male,<=50K
29,7,40,Male,<=50K
34,4,40,Male,<=50K
30,14,35,Female,>50K
19,4,40,Male,<=50K
44,2,60,Female,<=50K
29,9,40,Male,<=50K
50,14,70,Male,>50K
43,13,48,Male,<=50K
26,13,40,Female,<=50K
33,9,40,Female,>50K
49,10,41,Male,>50K
20,9,40,Male,<=50K
57,7,99,Male,<=50K
37,9,40,Male,<=50K
42,11,40,Male,>50K
23,9,40,Male,<=50K
35,9,50,Male,>50K
38,9,70,Male,>50K
49,9,40,Female,>50K
43,4,25,Male,<=50K
30,9,40,Female,<=50K
28,9,40,Female,<=50K
45,9,45,Male,<=50K
38,11,40,Female,<=50K
50,12,40,Male,<=50K
70,11,50,Male,>50K
34,9,35,Female,>50K
46,11,40,Female,<=50K
28,3,52,Male,<=50K
53,9,58,Female,<=50K
46,9,45,Male,>50K
45,14,50,Male,>50K
37,10,40,Male,<=50K
53,9,50,Male,>50K
34,6,20,Female,<=50K
34,13,50,Male,>50K
34,9,45,Male,<=50K
32,9,55,Male,>50K
41,9,45,Male,>50K
21,6,44,Male,<=50K
19,7,20,Female,<=50K
26,10,40,Male,<=50K
19,9,25,Female,<=50K
41,9,40,Male,<=50K
17,7,18,Male,<=50K
64,4,20,Male,<=50K
23,9,16,Female,<=50K
37,6,40,Male,<=50K
42,10,40,Female,<=50K
65,14,20,Male,<=50K
57,9,72,Male,<=50K
66,9,50,Female,<=50K
38,7,40,Male,<=50K
28,6,40,Female,<=50K
38,11,25,Male,<=50K
59,10,34,Male,<=50K
64,2,45,Male,<=50K
50,9,40,Male,>50K
26,9,40,Male,<=50K
45,9,50,Male,<=50K
27,10,40,Female,<=50K
58,9,60,Male,>50K
44,10,45,Female,<=50K
23,10,40,Female,<=50K
28,7,40,Male,<=50K
26,10,40,Male,<=50K
36,9,40,Male,<=50K
18,8,20,Male,<=50K
27,6,48,Female,<=50K
53,16,50,Male,>50K
39,13,50,Female,>50K
46,11,40,Male,>50K
35,13,40,Male,<=50K
38,9,40,Male,>50K
23,13,43,Female,<=50K
30,9,70,Male,<=50K
47,7,45,Female,<=50K
20,9,24,Female,<=50K
29,13,40,Male,<=50K
30,10,40,Male,<=50K
27,9,40,Male,<=50K
47,10,40,Male,<=50K
23,10,40,Male,>50K
19,10,40,Female,<=50K
28,10,50,Female,<=50K
37,9,40,Male,<=50K
41,9,40,Female,>50K
19,10,25,Female,<=50K
30,9,60,Male,<=50K
27,13,45,Female,<=50K
32,10,55,Female,<=50K
23,13,40,Male,<=50K
27,9,32,Female,<=50K
24,10,40,Male,<=50K
17,7,40,Male,<=50K
40,10,50,Male,<=50K
20,10,40,Male,<=50K
29,13,40,Male,>50K
24,10,40,Female,<=50K
55,10,35,Female,<=50K
45,3,35,Female,<=50K
52,13,40,Female,<=50K
34,7,40,Male,<=50K
24,9,24,Female,<=50K
39,9,45,Male,<=50K
33,10,40,Female,<=50K
31,12,35,Female,<=50K
54,10,40,Male,>50K
37,9,40,Male,<=50K
18,9,15,Female,<=50K
40,13,45,Female,<=50K
35,5,40,Male,<=50K
51,8,40,Male,>50K
26,9,40,Male,<=50K
33,14,35,Male,<=50K
44,9,40,Male,<=50K
38,10,40,Female,<=50K
29,13,45,Female,<=50K
49,12,45,Male,>50K
55,9,40,Male,<=50K
62,14,30,Male,<=50K
54,10,40,Female,<=50K
48,11,40,Male,>50K
52,11,40,Female,<=50K
48,9,50,Female,<=50K
40,14,50,Male,>50K
46,15,50,Male,>50K
31,9,40,Male,<=50K
33,11,45,Male,<=50K
55,10,25,Male,<=50K
37,14,45,Male,<=50K
53,16,50,Male,>50K
46,12,40,Female,<=50K
54,13,40,Male,<=50K
56,10,40,Male,<=50K
47,9,40,Male,<=50K
34,9,40,Male,<=50K
37,10,65,Male,<=50K
35,8,20,Male,<=50K
31,11,40,Male,>50K
34,9,45,Male,<=50K
38,9,40,Male,<=50K
44,11,40,Male,>50K
33,9,30,Male,>50K
46,10,40,Female,<=50K
50,13,16,Male,>50K
21,10,25,Female,<=50K
20,9,12,Male,<=50K
55,13,99,Male,<=50K
42,13,55,Female,<=50K
48,10,20,Female,<=50K
25,13,40,Female,<=50K
45,14,45,Male,<=50K
33,6,45,Female,<=50K
30,10,40,Male,>50K
23,10,40,Female,<=50K
28,7,50,Male,<=50K
20,10,40,Male,<=50K
55,6,40,Male,<=50K
33,11,50,Female,<=50K
27,9,40,Male,<=50K
50,9,35,Female,<=50K
61,11,40,Male,>50K
20,3,40,Male,<=50K
41,14,60,Male,>50K
45,10,40,Male,>50K
30,13,40,Male,<=50K
43,9,40,Female,<=50K
23,13,20,Female,<=50K
42,13,8,Male,<=50K
38,9,40,Male,<=50K
27,11,38,Male,<=50K
39,6,25,Female,<=50K
18,9,15,Female,<=50K
23,13,40,Male,<=50K
36,9,57,Male,<=50K
44,13,50,Male,>50K
32,9,40,Male,<=50K
44,13,40,Male,>50K
24,8,32,Male,<=50K
39,14,55,Male,>50K
34,13,40,Male,>50K
43,6,40,Male,<=50K
30,9,40,Male,<=50K
65,9,20,Male,<=50K
45,13,45,Male,>50K
35,11,50,Male,<=50K
29,5,48,Female,<=50K
70,4,25,Male,<=50K
48,7,40,Male,<=50K
29,13,40,Female,<=50K
46,10,40,Female,<=50K
42,6,45,Male,<=50K
45,9,40,Male,>50K
31,9,40,Female,<=50K
26,13,40,Female,<=50K
34,11,40,Female,<=50K
53,9,35,Male,<=50K
38,10,58,Female,<=50K
36,6,40,Male,<=50K
27,9,40,Male,<=50K
35,10,40,Female,<=50K
41,9,30,Male,<=50K
45,9,30,Female,<=50K
29,9,50,Female,<=50K
59,9,40,Female,<=50K
51,9,40,Male,<=50K
28,6,35,Male,<=50K
27,9,40,Male,<=50K
37,9,50,Male,>50K
35,9,40,Male,<=50K
49,9,40,Male,>50K
49,10,50,Male,<=50K
32,9,55,Male,<=50K
27,10,55,Male,<=50K
64,15,16,Male,<=50K
55,14,10,Male,>50K
43,14,50,Male,>50K
23,13,40,Male,<=50K
40,6,40,Male,<=50K
42,9,43,Male,>50K
53,13,40,Male,>50K
27,9,40,Male,<=50K
17,7,40,Female,<=50K
43,9,40,Female,<=50K
60,16,40,Male,>50K
39,6,60,Male,<=50K
50,9,45,Female,<=50K
44,10,55,Male,<=50K
24,13,55,Male,<=50K
58,10,40,Male,<=50K
25,13,40,Male,<=50K
80,9,20,Female,<=50K
44,9,60,Male,<=50K
23,13,40,Female,<=50K
35,9,35,Female,<=50K
31,11,32,Female,<=50K
48,9,52,Male,<=50K
53,16,20,Male,<=50K
21,10,25,Female,<=50K
36,10,40,Female,<=50K
49,10,40,Male,<=50K
48,10,40,Male,>50K
21,10,20,Female,<=50K
31,9,45,Male,<=50K
28,16,30,Male,<=50K
51,13,35,Female,<=50K
66,10,50,Male,<=50K
32,9,40,Male,<=50K
17,9,35,Male,<=50K
46,13,77,Male,<=50K
29,9,40,Male,<=50K
46,4,30,Female,<=50K
67,9,50,Male,<=50K
42,6,40,Female,<=50K
53,8,40,Male,<=50K
39,9,40,Male,<=50K
27,10,55,Male,<=50K
48,10,50,Male,<=50K
19,9,15,Male,<=50K
80,2,15,Male,<=50K
58,8,40,Male,<=50K
42,13,60,Male,>50K
34,13,50,Female,>50K
47,11,40,Male,<=50K
65,9,40,Male,<=50K
48,9,70,Male,<=50K
26,12,40,Female,<=50K
55,9,48,Male,>50K
21,9,60,Male,<=50K
24,10,40,Male,>50K
35,9,40,Female,>50K
43,12,40,Female,<=50K
55,9,46,Male,>50K
53,14,35,Female,>50K
48,9,40,Female,<=50K
37,9,50,Male,<=50K
20,10,37,Female,<=50K
27,14,45,Female,<=50K
37,10,47,Male,<=50K
66,10,40,Female,>50K
48,10,45,Female,<=50K
31,10,50,Male,>50K
43,10,40,Female,<=50K
32,10,40,Female,<=50K
54,9,40,Male,<=50K
42,13,40,Female,<=50K
30,10,40,Male,<=50K
44,9,55,Male,<=50K
23,10,40,Female,<=50K
23,13,40,Male,<=50K
47,13,45,Male,>50K
17,6,20,Female,<=50K
27,10,40,Female,<=50K
29,9,30,Female,<=50K
50,14,25,Female,<=50K
44,10,12,Male,<=50K
39,10,40,Male,>50K
48,10,40,Male,<=50K
47,13,50,Female,<=50K
28,13,70,Female,<=50K
55,9,40,Male,<=50K
33,9,60,Male,<=50K
22,13,50,Male,<=50K
18,7,20,Male,<=50K
45,9,50,Female,<=50K
21,10,40,Female,<=50K
36,9,40,Male,<=50K
39,9,40,Male,<=50K
23,9,60,Male,<=50K
44,9,40,Female,<=50K
55,9,40,Female,<=50K
46,15,60,Male,>50K
56,13,50,Male,<=50K
33,9,38,Male,<=50K
59,9,15,Female,<=50K
41,9,40,Female,<=50K
39,10,50,Male,>50K
20,9,25,Male,<=50K
31,10,20,Female,<=50K
38,10,50,Male,>50K
39,13,50,Male,>50K
47,9,45,Male,>50K
38,6,35,Male,<=50K
33,10,99,Female,>50K
57,14,40,Female,<=50K
46,13,40,Female,<=50K
49,10,40,Male,>50K
31,8,55,Male,<=50K
23,13,40,Female,<=50K
18,3,54,Male,<=50K
41,11,40,Female,<=50K
19,10,40,Male,<=50K
23,9,40,Female,<=50K
51,13,50,Male,>50K
22,10,40,Male,<=50K
36,9,40,Male,<=50K
31,9,40,Male,<=50K
39,14,60,Female,>50K
26,13,50,Male,<=50K
40,13,50,Male,>50K
24,9,40,Male,<=50K
31,9,40,Male,>50K
64,12,20,Female,<=50K
38,13,50,Male,>50K
27,12,40,Female,<=50K
28,9,65,Male,>50K
29,10,20,Male,<=50K
43,13,50,Male,<=50K
76,6,15,Male,<=50K
55,9,55,Male,<=50K
23,13,25,Female,<=50K
29,13,25,Female,>50K
46,9,30,Male,>50K
36,13,55,Male,>50K
34,5,38,Male,<=50K
62,13,30,Male,<=50K
37,10,40,Male,<=50K
54,10,40,Male,<=50K
50,13,40,Female,>50K
23,4,40,Male,<=50K
41,13,40,Female,<=50K
47,14,42,Male,<=50K
21,10,40,Female,<=50K
21,8,40,Male,<=50K
38,9,40,Female,<=50K
48,13,40,Female,>50K
60,15,16,Male,<=50K
20,9,20,Female,<=50K
40,10,38,Female,<=50K
36,15,80,Male,>50K
29,9,40,Female,<=50K
68,10,48,Male,>50K
60,9,65,Male,>50K
26,13,40,Male,>50K
22,9,40,Male,<=50K
64,4,40,Male,>50K
17,7,20,Male,<=50K
24,13,40,Male,<=50K
44,13,40,Male,>50K
36,10,50,Male,<=50K
43,13,35,Female,<=50K
69,9,40,Male,<=50K
47,15,40,Male,<=50K
29,9,55,Male,<=50K
26,10,40,Male,<=50K
30,9,40,Female,<=50K
32,7,40,Male,<=50K
30,9,32,Male,<=50K
58,14,50,Male,>50K
44,14,40,Female,<=50K
52,9,40,Male,>50K
27,6,48,Male,<=50K
35,10,46,Male,<=50K
33,13,40,Male,>50K
36,9,40,Male,<=50K
23,10,40,Male,<=50K
53,9,46,Male,>50K
39,13,50,Male,>50K
31,5,25,Female,<=50K
27,10,40,Female,<=50K
55,6,70,Male,>50K
22,9,40,Female,<=50K
44,16,40,Female,<=50K
39,13,60,Male,<=50K
72,9,30,Male,<=50K
28,9,40,Male,>50K
45,14,50,Male,>50K
30,8,40,Male,<=50K
29,10,46,Male,<=50K
68,5,20,Male,<=50K
49,10,50,Male,>50K
20,9,70,Male,<=50K
51,9,20,Male,>50K
28,9,70,Male,>50K
40,14,50,Female,<=50K
43,9,40,Male,<=50K
47,10,40,Female,<=50K
27,9,40,Male,<=50K
35,14,32,Female,<=50K
35,9,40,Female,<=50K
30,10,40,Male,<=50K
19,9,30,Female,<=50K
44,13,70,Female,<=50K
20,10,40,Male,<=50K
50,3,34,Female,<=50K
41,13,50,Male,>50K
43,13,50,Male,<=50K
34,9,40,Female,<=50K
53,16,50,Male,>50K
45,10,30,Male,<=50K
26,9,40,Male,<=50K
19,10,30,Male,<=50K
57,13,40,Female,>50K
20,5,20,Female,<=50K
43,10,70,Male,>50K
36,9,40,Male,<=50K
34,10,52,Male,>50K
24,6,49,Male,<=50K
55,6,40,Male,<=50K
48,16,50,Male,>50K
41,2,40,Male,>50K
34,9,50,Male,<=50K
38,15,60,Male,<=50K
37,10,45,Female,>50K
23,7,40,Female,<=50K
35,14,60,Male,<=50K
43,3,40,Male,<=50K
18,7,20,Male,<=50K
44,16,40,Male,>50K
21,10,16,Female,<=50K
21,9,40,Male,<=50K
25,9,40,Male,<=50K
30,9,40,Female,<=50K
65,10,24,Female,<=50K
22,4,40,Female,<=50K
52,6,55,Male,<=50K
42,10,23,Female,<=50K
42,9,40,Male,<=50K
49,13,40,Male,>50K
42,10,60,Male,>50K
51,9,40,Male,>50K
23,13,35,Male,<=50K
38,13,35,Male,>50K
34,14,40,Female,<=50K
37,9,40,Male,<=50K
27,12,40,Male,<=50K
30,10,40,Female,<=50K
46,10,35,Female,<=50K
27,13,45,Female,>50K
49,9,40,Female,<=50K
32,9,40,Female,<=50K
48,9,40,Male,<=50K
19,9,25,Male,<=50K
25,10,38,Male,<=50K
28,13,40,Male,<=50K
27,14,25,Female,<=50K
37,14,65,Male,<=50K
30,13,40,Male,>50K
34,12,60,Male,<=50K
37,10,40,Male,>50K
49,10,40,Male,<=50K
50,13,55,Male,>50K
35,9,45,Female,<=50K
24,11,40,Male,<=50K
39,10,40,Female,<=50K
46,10,40,Female,<=50K
18,10,12,Female,<=50K
56,9,24,Female,>50K
28,9,40,Female,<=50K
54,10,48,Female,<=50K
32,14,40,Female,<=50K
41,4,40,Male,<=50K
47,10,40,Male,<=50K
61,9,40,Male,<=50K
23,10,9,Male,<=50K
58,14,40,Male,>50K
55,9,40,Male,<=50K
39,9,40,Female,<=50K
25,13,15,Female,<=50K
38,14,55,Female,<=50K
35,12,40,Male,<=50K
32,9,35,Female,<=50K
18,7,40,Male,<=50K
30,10,40,Female,<=50K
27,9,48,Male,<=50K
27,10,65,Male,<=50K
59,10,40,Female,<=50K
38,9,35,Female,<=50K
37,10,40,Male,<=50K
54,9,40,Male,>50K
21,9,40,Male,<=50K
24,12,22,Female,<=50K
74,6,20,Male,<=50K
20,10,20,Female,<=50K
45,13,50,Male,>50K
36,9,36,Female,<=50K
43,10,30,Female,<=50K
18,10,30,Male,<=50K
42,14,32,Female,<=50K
21,9,40,Female,<=50K
40,9,30,Male,<=50K
40,9,40,Female,<=50K
58,10,40,Male,<=50K
30,9,40,Male,<=50K
25,11,40,Male,<=50K
32,13,40,Male,>50K
23,10,35,Female,<=50K
43,6,40,Male,<=50K
76,9,17,Male,<=50K
24,9,40,Male,<=50K
21,7,40,Male,<=50K
41,9,10,Male,<=50K
20,10,25,Female,<=50K
49,9,40,Male,<=50K
42,3,40,Male,>50K
56,9,40,Female,<=50K
55,10,40,Male,>50K
65,15,10,Male,>50K
21,12,30,Female,<=50K
37,13,50,Male,>50K
20,10,40,Male,<=50K
36,12,21,Female,<=50K
30,9,40,Male,<=50K
18,7,5,Female,<=50K
52,9,40,Female,<=50K
32,10,60,Male,<=50K
36,13,50,Male,>50K
34,14,60,Male,>50K
39,10,40,Male,<=50K
41,13,40,Male,>50K
61,4,40,Male,>50K
26,13,48,Male,>50K
56,9,10,Male,<=50K
41,11,40,Male,<=50K
35,10,50,Male,<=50K
37,14,40,Female,<=50K
33,9,50,Male,<=50K
28,9,40,Male,<=50K
43,10,45,Male,>50K
33,13,40,Male,<=50K
39,10,55,Male,<=50K
23,7,3,Male,<=50K
66,9,40,Male,<=50K
20,9,40,Male,<=50K
22,9,40,Male,<=50K
33,9,45,Male,<=50K
22,10,40,Male,<=50K
54,4,50,Male,<=50K
49,13,40,Female,<=50K
25,9,40,Female,<=50K
40,9,40,Male,<=50K
27,13,40,Female,<=50K
34,14,35,Female,>50K
21,9,40,Female,<=50K
47,9,40,Female,>50K
38,13,30,Female,>50K
46,6,40,Male,<=50K
37,9,40,Male,<=50K
56,9,40,Male,<=50K
64,9,20,Male,<=50K
30,6,50,Male,<=50K
46,13,40,Male,<=50K
19,6,40,Male,<=50K
35,9,40,Female,<=50K
51,12,40,Male,>50K
28,9,40,Female,<=50K
51,9,50,Male,>50K
47,13,18,Male,<=50K
21,13,20,Female,<=50K
43,12,45,Female,<=50K
46,13,40,Male,<=50K
39,9,50,Male,<=50K
25,9,40,Male,<=50K
47,8,40,Female,<=50K
50,15,80,Male,>50K
63,9,30,Female,<=50K
53,9,40,Male,>50K
31,9,52,Male,<=50K
44,11,40,Male,<=50K
53,5,75,Male,<=50K
50,13,24,Female,<=50K
44,9,45,Male,<=50K
17,7,20,Male,<=50K
29,6,40,Male,<=50K
46,9,20,Female,<=50K
22,10,30,Female,<=50K
54,9,55,Male,>50K
29,13,50,Male,>50K
52,9,40,Female,>50K
33,10,45,Male,<=50K
47,9,40,Male,>50K
23,9,40,Male,<=50K
59,9,40,Male,>50K
41,9,40,Male,<=50K
29,10,44,Male,<=50K
31,9,40,Female,<=50K
31,9,40,Female,<=50K
22,10,40,Male,<=50K
35,12,40,Male,<=50K
30,13,50,Female,<=50K
27,11,56,Male,<=50K
48,14,40,Female,>50K
21,10,30,Male,<=50K
44,12,40,Male,>50K
33,13,38,Male,<=50K
22,13,20,Female,<=50K
35,13,20,Male,>50K
32,10,50,Male,<=50K
21,9,33,Female,<=50K
46,6,40,Male,>50K
38,5,40,Male,<=50K
33,13,55,Male,>50K
30,13,35,Female,<=50K
45,13,45,Male,>50K
27,10,40,Male,<=50K
31,10,40,Female,<=50K
21,12,40,Female,<=50K
46,13,50,Male,>50K
63,9,50,Female,<=50K
31,9,45,Female,<=50K
39,8,40,Male,<=50K
36,13,40,Male,<=50K
33,11,40,Male,<=50K
24,9,40,Female,<=50K
40,13,40,Male,>50K
60,5,70,Male,<=50K
20,10,60,Male,<=50K
40,13,60,Male,>50K
35,9,4,Female,<=50K
37,13,50,Male,<=50K
48,5,40,Female,<=50K
37,10,40,Male,<=50K
40,13,40,Female,<=50K
38,9,40,Female,<=50K
31,9,38,Female,<=50K
38,10,55,Male,>50K
39,9,40,Female,<=50K
60,13,40,Male,>50K
21,10,70,Male,<=50K
37,16,40,Male,>50K
37,10,40,Male,>50K
40,9,84,Male,<=50K
30,13,50,Male,>50K
49,10,40,Male,<=50K
41,15,40,Male,>50K
22,10,35,Female,<=50K
34,10,40,Female,>50K
30,10,40,Female,<=50K
51,13,60,Male,>50K
45,12,40,Female,<=50K
25,9,40,Male,<=50K
70,6,40,Female,<=50K
36,13,38,Female,<=50K
18,10,40,Female,<=50K
34,9,50,Male,<=50K
48,10,40,Female,<=50K
21,9,30,Female,<=50K
36,16,50,Male,>50K
34,11,40,Male,<=50K
23,10,40,Female,<=50K
43,13,55,Male,<=50K
19,9,60,Male,<=50K
47,15,45,Male,>50K
23,10,40,Female,<=50K
60,9,70,Male,<=50K
45,9,40,Male,>50K
46,9,40,Male,<=50K
55,11,40,Male,>50K
41,9,40,Male,>50K
48,9,40,Female,<=50K
45,13,40,Male,>50K
60,10,26,Male,<=50K
30,9,50,Male,>50K
19,13,40,Female,<=50K
19,9,40,Female,<=50K
21,9,40,Male,<=50K
35,7,90,Male,<=50K
52,10,55,Male,<=50K
30,10,40,Female,<=50K
51,13,50,Male,>50K
19,10,35,Female,<=50K
37,10,40,Male,<=50K
31,10,65,Female,<=50K
36,10,40,Female,>50K
40,14,50,Male,>50K
31,9,75,Male,<=50K
20,7,35,Male,<=50K
51,9,50,Male,>50K
27,9,50,Male,<=50K
30,13,40,Male,<=50K
41,14,40,Female,<=50K
23,12,44,Male,<=50K
19,10,16,Female,<=50K
32,9,40,Female,<=50K
35,4,40,Male,<=50K
24,13,40,Male,<=50K
67,9,2,Female,<=50K
41,14,38,Female,>50K
59,13,45,Female,>50K
29,13,50,Female,<=50K
66,6,40,Female,<=50K
24,8,40,Male,<=50K
28,9,55,Male,<=50K
29,9,40,Male,<=50K
37,9,48,Male,<=50K
43,10,50,Female,<=50K
19,7,18,Male,<=50K
43,9,30,Male,<=50K
30,11,45,Male,>50K
49,9,40,Male,>50K
62,16,50,Male,>50K
47,9,85,Male,>50K
52,10,50,Male,<=50K
61,9,44,Female,<=50K
56,13,40,Male,>50K
21,10,30,Male,<=50K
30,10,40,Male,<=50K
27,10,40,Female,<=50K
21,6,35,Female,<=50K
47,9,33,Male,<=50K
36,10,50,Male,>50K
52,10,35,Female,<=50K
28,10,52,Female,<=50K
24,10,40,Female,<=50K
32,9,45,Male,<=50K
46,10,38,Male,>50K
90,9,40,Male,<=50K
51,9,40,Male,<=50K
46,4,40,Male,<=50K
27,9,40,Female,<=50K
61,13,48,Male,>50K
28,13,40,Male,<=50K
40,15,50,Male,>50K
54,9,40,Female,>50K
35,9,60,Male,>50K
21,9,55,Male,<=50K
23,9,45,Female,<=50K
32,9,60,Male,>50K
36,9,40,Male,<=50K
64,8,24,Male,<=50K
23,9,40,Female,<=50K
50,12,40,Male,<=50K
58,9,60,Male,>50K
42,9,50,Male,<=50K
62,9,45,Male,>50K
48,14,50,Female,<=50K
26,9,55,Male,<=50K
24,13,50,Male,<=50K
59,9,40,Male,>50K
29,9,45,Male,<=50K
42,13,40,Male,>50K
59,9,55,Male,<=50K
57,12,40,Male,<=50K
22,13,25,Female,<=50K
35,7,40,Male,<=50K
46,9,50,Male,<=50K
37,10,40,Male,>50K
40,8,50,Male,>50K
19,9,20,Male,<=50K
41,10,45,Male,<=50K
71,9,40,Female,<=50K
41,9,40,Female,<=50K
31,9,50,Male,<=50K
42,9,40,Female,<=50K
41,13,70,Male,<=50K
24,13,30,Male,<=50K
19,10,30,Male,<=50K
23,12,20,Male,<=50K
41,7,40,Male,<=50K
50,9,44,Male,>50K
24,11,20,Male,<=50K
67,9,7,Female,<=50K
34,9,38,Female,<=50K
33,10,40,Male,<=50K
56,13,40,Female,<=50K
56,14,50,Male,>50K
43,14,45,Female,>50K
24,13,25,Female,<=50K
34,9,80,Male,<=50K
65,6,28,Female,<=50K
41,9,50,Male,>50K
26,9,65,Male,<=50K
44,9,40,Male,<=50K
27,5,37,Female,<=50K
27,10,50,Male,<=50K
78,4,60,Male,<=50K
69,9,20,Female,<=50K
32,4,40,Male,<=50K
43,9,40,Male,<=50K
29,14,36,Male,<=50K
35,9,5,Female,<=50K
30,13,40,Female,<=50K
57,9,40,Male,<=50K
49,9,50,Male,<=50K
33,9,40,Male,<=50K
23,13,5,Female,<=50K
44,5,55,Female,<=50K
42,9,40,Male,<=50K
31,10,40,Male,<=50K
21,10,6,Female,<=50K
53,9,40,Male,>50K
37,9,40,Male,<=50K
27,10,40,Female,<=50K
32,10,40,Male,<=50K
32,10,40,Male,>50K
47,9,45,Male,<=50K
40,13,50,Male,<=50K
41,11,84,Male,<=50K
38,13,45,Male,<=50K
53,9,40,Male,>50K
48,10,40,Male,>50K
26,13,40,Male,<=50K
50,13,40,Male,>50K
29,13,40,Male,<=50K
57,14,40,Male,>50K
33,10,48,Male,<=50K
31,9,40,Male,<=50K
26,10,75,Male,<=50K
77,5,10,Female,<=50K
46,12,50,Female,<=50K
55,13,40,Male,<=50K
23,7,38,Female,<=50K
45,9,45,Female,<=50K
34,13,40,Female,<=50K
50,9,42,Male,>50K
46,13,10,Male,<=50K
26,10,40,Male,<=50K
29,14,40,Male,<=50K
49,12,35,Male,<=50K
42,10,45,Male,>50K
39,9,40,Male,>50K
59,14,60,Female,<=50K
55,13,50,Male,>50K
31,13,50,Male,<=50K
18,8,20,Female,<=50K
26,13,45,Male,<=50K
38,10,40,Male,<=50K
17,7,20,Male,<=50K
36,14,40,Female,<=50K
48,12,45,Male,<=50K
21,10,25,Male,<=50K
28,9,35,Female,<=50K
33,9,55,Male,>50K
51,9,48,Male,<=50K
24,9,40,Female,<=50K
21,8,20,Male,<=50K
37,13,50,Male,>50K
27,11,40,Male,<=50K
31,4,40,Female,<=50K
60,9,40,Female,<=50K
28,11,23,Female,<=50K
50,9,48,Female,<=50K
24,9,40,Male,<=50K
61,9,40,Male,>50K
40,14,40,Male,>50K
33,10,40,Female,<=50K
29,9,40,Male,>50K
42,10,30,Male,<=50K
26,13,40,Female,<=50K
46,14,50,Male,>50K
18,7,6,Female,<=50K
31,9,47,Male,<=50K
35,10,40,Male,<=50K
31,9,40,Male,<=50K
23,9,40,Male,<=50K
49,10,32,Female,<=50K
38,10,40,Female,<=50K
45,13,40,Male,>50K
19,9,40,Female,<=50K
38,9,43,Female,<=50K
18,10,20,Female,<=50K
25,10,40,Male,<=50K
24,11,20,Male,<=50K
39,9,40,Female,<=50K
59,9,40,Male,<=50K
62,10,20,Female,<=50K
45,10,40,Male,>50K
53,4,40,Male,<=50K
42,11,40,Female,<=50K
27,12,40,Male,<=50K
41,13,40,Male,>50K
47,13,40,Male,>50K
23,10,40,Female,<=50K
28,9,30,Female,<=50K
51,7,40,Female,<=50K
38,13,70,Male,>50K
64,13,35,Male,>50K
48,9,40,Female,<=50K
31,10,40,Female,<=50K
20,10,30,Female,<=50K
27,9,40,Male,<=50K
38,9,40,Male,>50K
28,9,52,Female,<=50K
42,9,55,Male,<=50K
68,9,10,Female,<=50K
34,9,40,Male,<=50K
37,10,30,Male,<=50K
42,9,40,Male,<=50K
27,9,60,Male,<=50K
71,7,75,Female,<=50K
60,10,40,Male,>50K
73,9,35,Female,<=50K
29,9,40,Male,<=50K
24,9,44,Male,<=50K
19,9,30,Female,<=50K
47,10,20,Female,<=50K
63,14,45,Male,<=50K
56,7,40,Male,<=50K
32,12,48,Male,<=50K
43,13,50,Male,<=50K
47,10,40,Male,<=50K
20,10,20,Female,<=50K
52,10,60,Male,>50K
17,7,10,Female,<=50K
37,12,40,Female,<=50K
62,4,20,Male,<=50K
60,13,40,Male,>50K
27,13,40,Female,>50K
59,6,40,Female,<=50K
49,10,60,Male,<=50K
41,13,40,Male,<=50K
50,10,44,Male,<=50K
30,13,40,Female,<=50K
19,6,40,Female,<=50K
23,13,20,Female,<=50K
56,9,40,Male,<=50K
63,10,40,Male,<=50K
42,14,40,Male,>50K
37,12,13,Female,>50K
50,9,40,Male,>50K
32,10,40,Male,<=50K
33,11,50,Female,>50K
64,10,40,Female,<=50K
29,13,40,Female,>50K
59,10,40,Male,<=50K
44,10,40,Female,<=50K
26,3,14,Male,<=50K
63,13,40,Male,>50K
41,9,40,Male,>50K
50,13,45,Male,>50K
25,8,40,Male,<=50K
39,10,38,Female,<=50K
72,4,30,Male,<=50K
41,14,50,Male,>50K
36,9,90,Male,<=50K
19,10,25,Female,<=50K
48,9,40,Male,>50K
61,4,30,Male,<=50K
42,10,40,Female,<=50K
69,9,30,Male,<=50K
23,13,45,Female,<=50K
40,14,24,Female,>50K
45,15,60,Male,>50K
68,9,6,Female,<=50K
25,9,40,Male,<=50K
48,10,40,Male,>50K
34,13,55,Female,>50K
37,11,50,Male,<=50K
17,8,8,Female,<=50K
19,10,30,Male,<=50K
24,13,55,Female,<=50K
26,10,20,Male,<=50K
46,10,45,Male,>50K
34,11,35,Male,<=50K
23,10,35,Male,<=50K
25,13,40,Male,<=50K
34,13,40,Male,>50K
49,9,40,Male,<=50K
36,15,60,Male,<=50K
23,10,14,Female,<=50K
34,9,45,Male,>50K
63,9,40,Male,<=50K
18,7,40,Male,<=50K
52,10,60,Male,>50K
44,14,40,Male,<=50K
42,12,40,Male,>50K
28,10,40,Male,<=50K
22,9,40,Female,<=50K
31,13,60,Male,>50K
66,9,40,Male,<=50K
28,10,35,Male,<=50K
43,9,40,Male,>50K
24,13,40,Male,<=50K
33,9,50,Male,>50K
64,9,40,Male,<=50K
23,9,20,Female,<=50K
25,9,25,Female,<=50K
20,7,25,Female,<=50K
33,13,55,Male,>50K
37,1,40,Male,<=50K
52,15,65,Male,>50K
64,7,40,Male,<=50K
19,9,60,Male,<=50K
18,10,15,Female,<=50K
51,16,40,Female,>50K
30,9,40,Female,<=50K
23,9,40,Female,<=50K
19,10,20,Male,<=50K
40,11,40,Male,>50K
48,13,40,Male,>50K
65,10,40,Male,>50K
28,10,40,Male,<=50K
46,12,56,Male,<=50K
35,7,20,Male,<=50K
60,10,40,Male,<=50K
55,14,60,Male,>50K
30,9,44,Male,<=50K
49,13,40,Male,>50K
53,9,33,Female,<=50K
64,9,40,Male,<=50K
40,13,40,Male,>50K
43,14,55,Male,<=50K
42,9,40,Male,<=50K
25,6,50,Female,<=50K
47,14,40,Female,>50K
39,13,50,Male,>50K
44,10,70,Male,>50K
32,10,30,Female,<=50K
17,7,25,Female,<=50K
46,9,33,Female,<=50K
57,10,48,Female,<=50K
30,10,50,Male,<=50K
57,7,40,Male,<=50K
24,9,40,Female,<=50K
30,13,60,Female,<=50K
63,8,30,Female,<=50K
70,9,24,Female,<=50K
46,13,50,Male,>50K
54,10,30,Male,<=50K
23,10,40,Male,<=50K
33,9,50,Female,<=50K
40,9,40,Male,<=50K
57,9,40,Female,<=50K
46,10,42,Male,<=50K
18,9,20,Female,<=50K
50,9,40,Female,<=50K
39,15,55,Male,>50K
28,9,40,Male,<=50K
39,10,40,Female,<=50K
28,10,40,Female,<=50K
42,5,40,Male,<=50K
28,12,37,Male,>50K
36,12,40,Male,>50K
32,13,55,Male,<=50K
60,10,38,Female,<=50K
54,9,40,Male,<=50K
60,6,40,Male,<=50K
27,13,40,Male,>50K
29,9,30,Female,<=50K
18,7,25,Male,<=50K
45,9,40,Male,<=50K
19,10,40,Male,<=50K
44,13,45,Female,<=50K
36,9,60,Male,<=50K
53,10,50,Male,<=50K
25,13,55,Male,>50K
45,9,40,Male,<=50K
53,9,40,Male,>50K
41,14,30,Female,<=50K
20,10,25,Male,<=50K
35,11,44,Male,>50K
32,14,35,Female,<=50K
32,9,40,Male,<=50K
20,3,25,Male,<=50K
46,13,40,Female,<=50K
33,11,40,Male,<=50K
58,9,40,Female,<=50K
32,13,40,Male,>50K
48,9,40,Male,>50K
25,7,40,Male,<=50K
34,10,48,Female,>50K
39,9,48,Male,>50K
54,10,40,Male,>50K
51,14,40,Female,>50K
41,10,51,Male,<=50K
61,9,15,Male,<=50K
40,15,60,Male,>50K
32,9,40,Male,<=50K
28,13,50,Male,<=50K
39,13,60,Male,<=50K
38,13,52,Male,>50K
35,9,40,Male,<=50K
48,14,50,Female,<=50K
32,12,40,Male,<=50K
29,10,40,Male,<=50K
33,13,45,Male,>50K
18,9,40,Male,<=50K
60,13,40,Male,<=50K
28,9,40,Male,<=50K
34,10,40,Male,<=50K
37,9,40,Male,<=50K
41,3,40,Male,<=50K
51,9,38,Male,<=50K
44,10,50,Male,<=50K
32,6,40,Male,<=50K
61,12,2,Male,>50K
20,10,30,Male,<=50K
29,10,40,Male,<=50K
24,13,40,Male,<=50K
41,9,60,Male,>50K
61,4,40,Male,<=50K
35,13,40,Male,<=50K
51,4,30,Female,<=50K
36,13,35,Female,<=50K
20,10,35,Female,<=50K
55,9,60,Male,<=50K
38,9,50,Male,<=50K
53,13,50,Male,>50K
39,12,42,Male,<=50K
20,11,25,Female,<=50K
30,14,60,Male,>50K
23,13,50,Female,<=50K
44,13,40,Male,<=50K
18,9,20,Female,<=50K
46,10,40,Male,>50K
42,13,80,Male,>50K
30,10,45,Female,<=50K
38,9,40,Female,<=50K
51,9,40,Female,<=50K
31,9,40,Female,<=50K
51,9,45,Male,>50K
23,10,25,Male,<=50K
19,7,40,Male,<=50K
49,13,60,Male,<=50K
28,9,40,Male,<=50K
22,8,30,Male,<=50K
20,7,40,Male,<=50K
67,10,6,Male,<=50K
26,9,40,Male,<=50K
24,10,35,Female,<=50K
41,14,45,Female,<=50K
34,9,60,Male,<=50K
30,10,40,Female,<=50K
53,13,60,Male,>50K
33,9,35,Female,<=50K
60,8,40,Male,<=50K
59,5,40,Female,<=50K
36,14,40,Female,<=50K
43,13,40,Male,<=50K
36,9,30,Female,<=50K
43,9,40,Male,<=50K
50,11,50,Male,>50K
43,10,50,Male,<=50K
25,10,50,Male,<=50K
19,9,12,Female,<=50K
24,9,25,Female,<=50K
36,13,50,Male,>50K
20,10,24,Male,<=50K
22,9,43,Male,<=50K
51,9,40,Female,<=50K
57,13,8,Male,<=50K
19,6,25,Male,<=50K
32,14,10,Male,<=50K
27,10,37,Female,<=50K
42,6,40,Male,<=50K
42,10,40,Male,<=50K
65,10,40,Female,<=50K
36,11,40,Female,>50K
56,9,40,Male,<=50K
22,10,40,Female,<=50K
20,10,30,Female,<=50K
21,10,30,Male,<=50K
34,13,55,Male,<=50K
24,9,36,Female,<=50K
49,6,40,Male,>50K
42,10,45,Female,<=50K
56,4,40,Male,<=50K
36,12,40,Female,<=50K
35,10,40,Male,<=50K
51,9,40,Male,<=50K
49,14,75,Female,<=50K
52,14,45,Male,>50K
30,13,37,Female,<=50K
42,16,40,Male,>50K
25,9,35,Female,<=50K
41,10,40,Male,<=50K
24,13,36,Male,<=50K
45,10,40,Male,<=50K
33,9,45,Male,<=50K
58,13,45,Male,>50K
52,10,55,Female,<=50K
33,10,28,Female,<=50K
22,10,50,Male,<=50K
30,13,70,Male,<=50K
52,9,40,Female,<=50K
38,9,50,Male,>50K
31,13,45,Male,>50K
77,4,40,Female,<=50K
54,10,45,Female,>50K
55,9,50,Male,<=50K
40,10,50,Male,>50K
51,9,60,Male,<=50K
52,9,38,Male,<=50K
36,14,40,Male,<=50K
74,4,40,Female,<=50K
26,9,48,Male,<=50K
51,9,40,Male,<=50K
51,5,20,Male,<=50K
23,13,40,Female,<=50K
31,10,40,Female,<=50K
42,11,45,Male,>50K
40,9,38,Female,<=50K
50,9,40,Male,>50K
27,7,40,Male,<=50K
49,9,15,Male,<=50K
48,3,99,Male,<=50K
19,10,40,Female,<=50K
47,12,40,Female,<=50K
59,10,20,Female,<=50K
22,10,60,Male,<=50K
23,10,20,Female,<=50K
48,10,40,Male,<=50K
20,4,60,Female,<=50K
43,9,40,Male,<=50K
33,9,45,Male,<=50K
39,10,52,Male,>50K
72,9,40,Male,>50K
39,13,40,Male,<=50K
43,4,40,Female,<=50K
58,10,40,Male,>50K
38,11,40,Female,<=50K
52,9,50,Male,>50K
44,9,39,Female,<=50K
38,11,40,Male,>50K
58,11,65,Male,<=50K
67,9,15,Male,<=50K
60,2,40,Male,>50K
68,16,55,Male,>50K
39,13,70,Male,>50K
40,9,60,Male,<=50K
28,14,40,Male,>50K
34,9,40,Female,<=50K
36,9,80,Male,>50K
56,6,36,Female,<=50K
61,14,40,Female,>50K
20,10,25,Female,<=50K
29,9,40,Female,<=50K
24,10,40,Female,<=50K
33,14,40,Female,<=50K
47,9,40,Female,<=50K
47,6,40,Male,>50K
29,12,50,Male,<=50K
50,8,40,Male,>50K
90,14,60,Male,>50K
42,9,40,Male,<=50K
29,9,40,Male,<=50K
33,6,40,Male,<=50K
39,11,40,Male,>50K
25,9,40,Male,<=50K
34,7,50,Male,<=50K
24,13,35,Male,>50K
21,9,40,Male,<=50K
27,13,40,Male,<=50K
18,7,20,Female,<=50K
48,11,40,Male,>50K
22,6,15,Male,<=50K
45,13,38,Male,>50K
45,6,40,Male,<=50K
25,12,20,Male,<=50K
30,10,40,Male,>50K
32,13,60,Male,>50K
19,9,20,Male,<=50K
46,9,45,Female,<=50K
34,10,72,Male,<=50K
24,9,50,Male,<=50K
54,9,40,Male,>50K
35,13,45,Male,<=50K
21,10,35,Male,<=50K
69,16,40,Male,>50K
29,11,40,Male,<=50K
22,9,60,Male,<=50K
56,9,46,Female,<=50K
28,14,80,Female,>50K
20,7,40,Female,<=50K
33,9,30,Male,<=50K
27,10,40,Male,<=50K
60,9,50,Male,<=50K
41,10,40,Male,>50K
59,4,32,Male,<=50K
33,9,40,Male,<=50K
32,5,40,Female,<=50K
90,13,50,Male,<=50K
45,13,60,Male,>50K
67,9,38,Female,<=50K
42,9,52,Male,<=50K
45,11,40,Male,>50K
62,10,40,Female,<=50K
45,13,40,Male,>50K
24,10,30,Female,<=50K
39,13,52,Male,<=50K
32,10,46,Male,<=50K
27,13,25,Male,<=50K
23,10,24,Female,<=50K
20,10,40,Male,<=50K
58,13,25,Male,<=50K
54,10,40,Male,>50K
31,9,60,Female,<=50K
24,13,40,Female,<=50K
34,13,40,Female,<=50K
44,16,60,Male,>50K
30,9,35,Female,<=50K
43,10,40,Male,>50K
44,9,40,Female,>50K
37,10,70,Male,<=50K
49,9,35,Female,<=50K
38,10,65,Male,<=50K
39,13,45,Male,<=50K
19,9,40,Female,<=50K
44,10,60,Male,<=50K
26,13,30,Male,<=50K
57,13,50,Male,>50K
27,10,40,Male,<=50K
32,13,50,Male,<=50K
57,13,35,Female,>50K
55,11,40,Male,>50K
34,9,40,Male,<=50K
40,10,32,Female,<=50K
33,10,40,Male,<=50K
36,13,45,Male,<=50K
32,10,40,Female,<=50K
18,10,20,Female,<=50K
38,10,30,Male,>50K
34,10,40,Male,<=50K
32,9,30,Female,<=50K
23,9,50,Male,<=50K
47,13,45,Male,>50K
53,6,60,Male,<=50K
20,10,32,Male,<=50K
29,10,40,Male,<=50K
18,10,20,Female,<=50K
33,7,40,Male,<=50K
41,9,40,Male,<=50K
38,9,40,Male,<=50K
50,9,60,Male,>50K
64,10,40,Male,>50K
18,9,27,Female,<=50K
32,9,40,Male,<=50K
65,13,40,Male,<=50K
38,10,40,Female,<=50K
34,12,60,Female,>50K
42,9,40,Male,<=50K
31,13,40,Male,>50K
65,10,40,Male,<=50K
19,9,53,Male,<=50K
29,9,75,Male,<=50K
40,9,40,Male,<=50K
39,9,40,Male,<=50K
37,7,40,Female,<=50K
60,13,40,Male,>50K
38,4,40,Female,<=50K
28,13,52,Male,<=50K
32,13,40,Male,>50K
19,5,25,Male,<=50K
49,13,20,Female,>50K
28,9,60,Male,<=50K
49,9,40,Male,<=50K
46,9,40,Male,<=50K
65,13,40,Male,>50K
40,13,50,Male,>50K
50,15,45,Male,>50K
33,9,40,Female,<=50K
62,13,20,Male,>50K
35,13,40,Male,>50K
80,9,15,Male,<=50K
57,9,30,Male,<=50K
57,10,45,Male,>50K
41,9,55,Male,<=50K
18,8,20,Male,<=50K
42,14,16,Female,<=50K
51,14,40,Male,>50K
40,10,40,Male,<=50K
55,9,40,Female,<=50K
38,9,40,Male,<=50K
55,5,58,Male,<=50K
33,14,40,Male,>50K
33,9,40,Male,<=50K
48,9,40,Male,<=50K
20,9,25,Female,<=50K
45,13,45,Male,<=50K
46,9,45,Male,<=50K
45,14,40,Female,<=50K
21,9,40,Female,<=50K
60,9,40,Male,<=50K
40,10,40,Male,<=50K
71,14,40,Male,>50K
36,10,30,Male,<=50K
21,10,45,Male,<=50K
26,13,75,Female,>50K
18,7,20,Female,<=50K
19,9,53,Male,<=50K
36,9,70,Male,<=50K
41,12,60,Male,>50K
42,9,40,Female,<=50K
29,11,40,Female,<=50K
28,12,40,Male,<=50K
30,10,37,Female,<=50K
32,9,40,Male,<=50K
36,10,40,Male,<=50K
71,13,3,Female,<=50K
18,7,25,Male,<=50K
43,9,40,Male,<=50K
45,16,50,Male,>50K
28,9,40,Male,<=50K
33,9,40,Male,<=50K
29,9,40,Male,<=50K
64,3,40,Male,<=50K
46,13,40,Male,>50K
19,10,15,Male,<=50K
54,13,50,Male,>50K
57,5,40,Male,<=50K
29,11,40,Male,<=50K
35,12,55,Male,<=50K
32,9,40,Male,>50K
17,5,25,Female,<=50K
26,10,60,Male,<=50K
26,10,78,Male,<=50K
30,10,45,Male,<=50K
61,10,40,Male,<=50K
51,11,40,Male,>50K
42,9,40,Female,<=50K
26,9,30,Male,<=50K
33,9,84,Male,>50K
51,4,40,Female,<=50K
46,13,40,Female,>50K
30,13,40,Male,<=50K
51,10,60,Male,>50K
43,13,40,Male,>50K
32,9,40,Male,<=50K
47,12,25,Male,<=50K
62,9,40,Male,<=50K
41,7,40,Female,<=50K
22,10,24,Male,<=50K
34,9,45,Male,<=50K
47,13,40,Male,>50K
59,9,40,Male,<=50K
20,9,35,Male,<=50K
39,9,40,Male,>50K
33,5,50,Male,<=50K
35,10,40,Male,<=50K
17,8,16,Female,<=50K
36,9,35,Male,<=50K
32,10,50,Female,<=50K
21,10,35,Male,<=50K
50,7,40,Female,<=50K
35,9,40,Female,<=50K
42,5,35,Male,<=50K
30,10,40,Male,>50K
69,10,40,Male,<=50K
77,16,40,Male,>50K
29,14,50,Male,>50K
26,13,50,Male,<=50K
41,9,40,Male,>50K
30,10,50,Male,>50K
36,12,45,Male,<=50K
31,11,40,Male,>50K
22,10,12,Female,<=50K
33,13,10,Female,<=50K
41,9,40,Female,<=50K
45,12,40,Female,<=50K
34,11,48,Male,>50K
33,12,30,Male,<=50K
19,10,30,Male,<=50K
38,10,40,Female,<=50K
35,9,38,Female,<=50K
34,10,70,Male,<=50K
69,10,72,Male,>50K
24,13,30,Female,<=50K
27,13,45,Male,<=50K
44,13,75,Female,<=50K
36,11,40,Male,>50K
35,12,40,Male,<=50K
37,13,40,Male,>50K
55,11,38,Female,<=50K
37,10,25,Female,>50K
24,9,40,Male,<=50K
40,9,60,Male,<=50K
32,13,60,Male,>50K
59,8,40,Male,>50K
35,13,45,Male,>50K
55,13,40,Male,>50K
23,12,52,Female,<=50K
19,10,20,Female,<=50K
24,14,40,Female,<=50K
21,9,30,Male,<=50K
31,9,50,Male,<=50K
17,6,30,Male,<=50K
26,9,40,Female,<=50K
28,10,40,Male,>50K
24,10,50,Male,<=50K
34,9,40,Male,<=50K
71,10,28,Female,<=50K
62,9,40,Male,>50K
24,14,35,Female,>50K
37,9,40,Male,<=50K
22,9,10,Female,<=50K
45,15,40,Male,>50K
38,9,50,Male,<=50K
23,8,30,Male,<=50K
28,9,40,Male,<=50K
47,9,37,Female,<=50K
53,11,40,Female,<=50K
42,16,40,Male,>50K
24,13,16,Male,<=50K
25,10,43,Female,<=50K
56,7,40,Female,<=50K
48,9,60,Male,>50K
28,9,45,Male,>50K
78,9,50,Male,<=50K
49,9,44,Male,<=50K
36,7,24,Male,<=50K
38,9,30,Female,<=50K
29,13,40,Male,<=50K
18,10,35,Male,<=50K
66,9,25,Female,<=50K
34,9,40,Female,<=50K
35,9,20,Female,<=50K
60,7,20,Female,<=50K
22,10,20,Male,<=50K
33,9,48,Female,<=50K
49,10,55,Female,<=50K
56,13,40,Male,>50K
25,9,40,Male,<=50K
36,7,40,Male,<=50K
42,4,40,Female,<=50K
90,10,40,Female,<=50K
39,10,40,Male,<=50K
42,9,50,Female,<=50K
56,12,30,Female,<=50K
29,14,40,Male,>50K
23,10,40,Male,<=50K
22,10,30,Female,<=50K
38,10,40,Female,>50K
41,9,52,Female,<=50K
45,16,35,Female,>50K
44,10,45,Male,>50K
33,16,40,Male,<=50K
70,14,8,Male,<=50K
25,10,40,Male,<=50K
39,10,15,Female,<=50K
50,16,37,Male,>50K
35,9,35,Male,<=50K
90,9,40,Male,>50K
25,14,40,Female,<=50K
70,10,25,Male,<=50K
17,6,15,Female,<=50K
37,13,50,Male,>50K
66,9,16,Male,<=50K
35,13,60,Male,<=50K
32,14,48,Male,<=50K
23,9,50,Male,>50K
51,14,55,Female,>50K
35,11,44,Female,<=50K
20,9,10,Female,<=50K
33,9,40,Male,<=50K
40,9,15,Female,<=50K
37,11,40,Male,<=50K
17,7,20,Female,<=50K
34,13,45,Female,<=50K
41,10,40,Female,<=50K
20,10,20,Female,<=50K
40,14,55,Female,<=50K
57,10,50,Female,>50K
20,9,40,Female,<=50K
44,13,40,Male,<=50K
24,13,42,Female,<=50K
34,8,40,Female,<=50K
19,9,35,Male,<=50K
24,13,10,Female,<=50K
21,9,50,Male,<=50K
51,9,40,Female,<=50K
24,13,45,Female,<=50K
58,2,40,Male,<=50K
23,13,40,Female,<=50K
36,9,60,Male,>50K
22,9,35,Male,<=50K
60,14,50,Male,<=50K
69,16,50,Male,>50K
45,9,40,Female,>50K
28,13,60,Female,<=50K
27,9,40,Male,<=50K
41,13,50,Male,<=50K
42,9,24,Female,<=50K
17,7,4,Female,<=50K
31,9,65,Male,<=50K
36,13,50,Male,>50K
24,9,40,Male,<=50K
31,14,35,Male,>50K
23,9,40,Male,<=50K
39,9,72,Male,<=50K
18,10,40,Female,<=50K
31,1,24,Male,<=50K
36,13,20,Male,<=50K
42,14,40,Male,>50K
56,6,45,Male,<=50K
32,10,40,Male,>50K
19,10,25,Female,<=50K
24,13,40,Male,<=50K
61,13,40,Male,>50K
28,10,40,Female,<=50K
30,10,60,Male,>50K
30,13,55,Male,>50K
41,10,16,Male,<=50K
36,10,60,Male,<=50K
42,13,38,Female,<=50K
20,9,40,Male,<=50K
52,9,40,Female,<=50K
25,11,75,Male,<=50K
65,10,40,Male,<=50K
37,9,60,Male,>50K
38,9,40,Female,<=50K
34,13,35,Male,>50K
41,4,40,Male,<=50K
36,9,40,Female,<=50K
37,6,48,Male,<=50K
42,9,60,Male,<=50K
18,10,25,Female,<=50K
50,9,40,Female,<=50K
39,12,45,Female,<=50K
22,10,42,Male,<=50K
43,10,40,Female,<=50K
44,9,40,Male,<=50K
53,6,40,Female,<=50K
50,13,50,Male,<=50K
49,9,40,Male,<=50K
37,11,40,Male,<=50K
38,14,45,Male,<=50K
36,9,40,Male,>50K
34,10,55,Male,>50K
30,13,45,Male,>50K
35,10,30,Female,<=50K
28,13,57,Male,>50K
19,10,20,Male,<=50K
37,13,50,Male,>50K
34,12,40,Male,<=50K
46,14,40,Female,<=50K
70,13,40,Male,<=50K
37,13,80,Male,>50K
30,13,40,Male,<=50K
41,13,60,Male,>50K
37,11,55,Male,<=50K
43,13,7,Female,>50K
42,9,35,Male,<=50K
50,9,40,Male,<=50K
27,10,40,Female,<=50K
21,9,45,Male,<=50K
65,5,40,Male,<=50K
53,10,40,Female,<=50K
44,15,40,Female,>50K
47,9,40,Female,<=50K
29,10,38,Female,<=50K
53,10,34,Female,<=50K
29,13,40,Male,<=50K
22,13,35,Male,<=50K
42,9,55,Male,>50K
35,13,65,Male,>50K
54,9,40,Male,>50K
54,9,40,Male,<=50K
27,4,50,Female,<=50K
36,7,40,Female,<=50K
63,5,32,Male,<=50K
34,15,40,Male,>50K
60,3,40,Male,>50K
37,11,44,Male,>50K
27,9,40,Female,<=50K
20,10,10,Male,<=50K
42,10,40,Male,>50K
67,9,10,Male,<=50K
27,14,20,Male,<=50K
43,9,78,Male,<=50K
64,6,50,Male,<=50K
40,9,40,Male,<=50K
31,4,40,Female,<=50K
20,9,40,Male,<=50K
22,10,40,Male,<=50K
53,14,40,Male,>50K
54,9,40,Male,<=50K
23,10,45,Male,<=50K
27,13,50,Male,<=50K
47,4,40,Female,<=50K
27,13,60,Male,>50K
27,10,45,Male,<=50K
29,13,40,Male,<=50K
23,12,30,Male,<=50K
55,9,44,Male,<=50K
67,9,30,Female,>50K
49,14,40,Female,>50K
18,9,40,Male,<=50K
35,10,50,Male,<=50K
17,5,40,Female,<=50K
45,16,40,Male,>50K
43,9,40,Male,<=50K
65,9,16,Female,>50K
17,5,9,Male,<=50K
36,14,45,Male,>50K
26,10,40,Female,<=50K
62,14,40,Male,>50K
84,3,20,Male,<=50K
38,14,40,Male,<=50K
25,10,30,Male,<=50K
45,10,40,Male,<=50K
19,10,20,Female,<=50K
42,15,60,Male,<=50K
32,9,40,Male,<=50K
57,10,50,Male,>50K
18,9,40,Female,<=50K
33,9,40,Male,<=50K
49,9,45,Male,<=50K
29,14,35,Male,<=50K
25,9,40,Male,<=50K
31,10,50,Female,<=50K
38,15,50,Male,<=50K
46,13,40,Female,<=50K
41,10,40,Male,<=50K
48,13,40,Female,<=50K
29,9,45,Male,>50K
33,13,55,Male,>50K
32,9,38,Female,<=50K
58,10,40,Male,>50K
19,9,15,Female,<=50K
45,9,26,Female,<=50K
45,9,40,Female,<=50K
31,10,30,Female,<=50K
35,9,50,Male,<=50K
20,10,30,Male,<=50K
20,9,45,Male,<=50K
37,10,40,Female,<=50K
64,6,40,Male,<=50K
24,11,40,Male,<=50K
57,9,42,Male,>50K
21,10,40,Male,<=50K
22,10,40,Female,<=50K
45,16,60,Male,>50K
40,9,40,Male,>50K
20,7,40,Male,<=50K
43,9,30,Female,<=50K
48,5,40,Male,<=50K
40,9,60,Male,>50K
59,9,35,Female,<=50K
46,16,35,Male,<=50K
43,10,40,Male,<=50K
30,10,45,Male,<=50K
36,9,33,Male,<=50K
30,12,40,Female,<=50K
26,9,40,Male,<=50K
29,10,40,Male,<=50K
31,9,72,Male,<=50K
28,9,40,Male,<=50K
34,9,40,Male,<=50K
22,9,55,Female,<=50K
42,10,38,Female,<=50K
51,11,40,Male,<=50K
47,9,50,Male,<=50K
24,14,40,Male,<=50K
48,12,46,Male,>50K
39,10,40,Female,<=50K
40,10,40,Female,<=50K
59,10,40,Male,>50K
30,10,40,Male,<=50K
57,4,40,Male,<=50K
46,13,50,Female,<=50K
21,10,40,Female,<=50K
65,9,40,Female,<=50K
39,12,25,Female,>50K
38,9,60,Female,>50K
19,10,28,Male,<=50K
29,9,40,Male,<=50K
50,9,48,Male,>50K
26,13,44,Male,<=50K
41,9,45,Male,<=50K
24,11,40,Male,<=50K
51,13,70,Male,>50K
51,10,48,Male,>50K
34,9,40,Female,<=50K
26,9,40,Male,<=50K
63,6,50,Male,<=50K
47,9,40,Male,>50K
49,7,38,Female,<=50K
25,9,40,Male,<=50K
48,9,60,Male,>50K
46,6,50,Male,<=50K
53,4,40,Male,<=50K
42,13,40,Male,<=50K
47,13,45,Female,<=50K
59,10,40,Female,<=50K
20,10,35,Female,<=50K
55,13,40,Male,>50K
19,9,40,Male,<=50K
38,10,40,Female,<=50K
32,10,40,Female,>50K
48,5,44,Male,<=50K
30,10,40,Male,<=50K
18,7,40,Female,<=50K
23,11,40,Female,<=50K
36,8,40,Male,<=50K
89,13,40,Male,<=50K
40,1,40,Male,<=50K
48,16,45,Male,>50K
36,9,60,Male,<=50K
40,13,45,Male,>50K
42,13,40,Male,>50K
41,14,45,Male,>50K
38,9,35,Male,<=50K
56,14,60,Male,>50K
49,14,80,Female,<=50K
32,14,48,Male,<=50K
31,11,55,Male,<=50K
34,2,40,Female,<=50K
36,9,50,Male,>50K
42,9,40,Female,<=50K
46,10,40,Male,<=50K
52,5,45,Male,>50K
33,9,40,Female,<=50K
45,8,40,Male,>50K
64,9,40,Male,<=50K
20,10,60,Male,<=50K
37,11,40,Female,<=50K
26,9,40,Male,<=50K
24,10,20,Female,<=50K
27,9,45,Male,<=50K
51,2,40,Male,<=50K
40,13,40,Male,>50K
35,9,60,Male,<=50K
37,14,50,Male,>50K
44,10,60,Male,>50K
33,11,40,Female,<=50K
18,9,40,Male,<=50K
53,10,40,Male,>50K
32,13,55,Male,<=50K
35,7,50,Male,<=50K
72,9,17,Female,<=50K
35,13,45,Male,<=50K
47,10,45,Male,>50K
59,7,70,Male,>50K
65,10,35,Female,<=50K
35,13,40,Male,<=50K
27,10,49,Male,<=50K
34,13,25,Female,<=50K
24,9,40,Male,<=50K
31,10,40,Male,>50K
50,9,40,Female,>50K
44,13,45,Female,<=50K
39,9,40,Male,<=50K
60,10,40,Male,<=50K
51,9,52,Male,<=50K
50,9,40,Female,<=50K
48,2,48,Male,<=50K
33,9,40,Male,<=50K
44,9,48,Male,>50K
42,9,40,Male,<=50K
48,10,65,Male,>50K
26,10,65,Female,<=50K
52,9,38,Female,<=50K
28,13,50,Male,>50K
40,11,60,Male,<=50K
30,10,40,Male,<=50K
21,9,60,Female,<=50K
34,10,60,Male,>50K
39,12,20,Female,>50K
18,6,28,Female,<=50K
55,9,40,Female,<=50K
33,14,40,Male,<=50K
63,1,30,Male,<=50K
19,10,40,Female,<=50K
33,9,50,Male,<=50K
44,14,40,Female,<=50K
37,13,40,Female,>50K
30,9,40,Male,<=50K
36,12,40,Male,<=50K
46,13,55,Male,>50K
25,4,40,Male,<=50K
30,15,40,Male,<=50K
41,14,50,Male,<=50K
61,9,40,Male,>50K
43,9,60,Male,<=50K
43,14,50,Male,>50K
38,9,65,Male,<=50K
36,10,56,Female,<=50K
34,14,38,Male,<=50K
62,16,40,Female,>50K
21,9,40,Male,<=50K
53,9,45,Female,<=50K
27,10,48,Male,<=50K
21,10,40,Male,<=50K
20,4,40,Male,<=50K
58,13,40,Female,<=50K
47,7,28,Female,<=50K
44,13,60,Female,>50K
41,9,40,Male,<=50K
46,10,35,Female,<=50K
21,10,20,Male,<=50K
58,9,16,Female,<=50K
37,11,39,Male,<=50K
32,15,60,Male,<=50K
53,9,52,Male,>50K
58,10,48,Male,<=50K
38,13,70,Female,>50K
46,10,45,Male,>50K
43,9,45,Male,>50K
21,10,45,Male,<=50K
41,10,50,Male,<=50K
58,6,40,Male,<=50K
45,12,38,Female,<=50K
27,14,20,Female,>50K
57,10,40,Female,<=50K
33,13,40,Male,<=50K
51,11,38,Male,>50K
30,13,40,Male,<=50K
30,9,40,Male,<=50K
37,10,40,Female,<=50K
28,12,40,Male,<=50K
34,9,45,Male,<=50K
49,10,40,Male,<=50K
42,13,45,Male,>50K
50,13,40,Male,>50K
65,9,40,Male,<=50K
44,9,40,Female,<=50K
24,8,40,Male,<=50K
41,9,40,Female,<=50K
41,9,50,Male,<=50K
43,10,40,Female,<=50K
63,9,40,Female,<=50K
22,10,20,Male,<=50K
35,14,50,Male,>50K
53,13,40,Male,>50K
63,6,40,Male,<=50K
52,4,40,Male,<=50K
33,9,99,Male,<=50K
54,13,40,Male,<=50K
37,4,40,Male,<=50K
43,13,40,Male,<=50K
37,14,50,Male,>50K
37,13,45,Female,>50K
23,9,50,Male,<=50K
33,2,40,Female,<=50K
30,13,65,Male,<=50K
55,13,45,Male,>50K
39,7,40,Male,<=50K
37,14,60,Male,>50K
34,13,40,Female,<=50K
29,10,38,Male,<=50K
66,4,4,Male,<=50K
68,10,40,Male,<=50K
41,9,40,Female,<=50K
36,13,50,Female,>50K
55,10,10,Female,<=50K
17,8,17,Male,<=50K
33,9,40,Male,<=50K
40,9,40,Male,<=50K
26,9,40,Male,<=50K
38,10,40,Female,<=50K
24,13,40,Female,<=50K
56,9,44,Male,>50K
35,9,40,Male,<=50K
61,9,40,Male,>50K
35,9,55,Male,<=50K
37,9,50,Male,>50K
23,7,24,Female,<=50K
42,2,40,Male,<=50K
49,13,60,Male,>50K
33,9,60,Male,>50K
60,3,40,Male,<=50K
51,14,40,Male,<=50K
78,14,40,Male,<=50K
29,10,50,Female,<=50K
36,9,45,Male,>50K
53,9,20,Female,<=50K
28,6,40,Female,<=50K
35,13,40,Male,>50K
30,10,40,Male,<=50K
46,10,48,Male,>50K
49,10,44,Male,>50K
22,10,25,Male,<=50K
25,10,40,Male,<=50K
35,13,45,Female,<=50K
49,13,45,Male,>50K
42,9,25,Male,<=50K
32,10,60,Male,>50K
18,7,70,Male,<=50K
43,13,50,Male,>50K
33,7,50,Male,<=50K
50,14,80,Male,>50K
55,4,50,Male,<=50K
28,9,40,Male,<=50K
35,9,50,Male,>50K
43,9,40,Male,<=50K
31,9,40,Male,<=50K
57,11,40,Male,<=50K
21,10,35,Male,<=50K
69,10,35,Male,<=50K
40,9,40,Male,<=50K
39,9,50,Male,>50K
23,13,20,Female,<=50K
26,9,60,Male,<=50K
41,11,40,Male,>50K
50,9,35,Female,<=50K
33,10,40,Female,<=50K
27,9,40,Male,<=50K
32,11,40,Male,<=50K
40,10,50,Male,<=50K
19,9,40,Female,<=50K
52,10,60,Male,<=50K
38,12,50,Male,>50K
22,10,48,Male,>50K
34,10,54,Male,<=50K
52,9,40,Male,>50K
45,9,40,Male,<=50K
75,9,40,Male,>50K
48,16,45,Male,>50K
25,15,20,Female,<=50K
55,11,40,Male,>50K
25,9,50,Male,<=50K
39,13,35,Male,<=50K
49,11,60,Female,<=50K
18,10,25,Female,<=50K
25,9,50,Male,<=50K
28,13,40,Male,>50K
39,6,15,Female,<=50K
61,10,40,Male,>50K
57,9,42,Female,<=50K
55,10,40,Male,<=50K
40,4,20,Male,<=50K
42,10,40,Male,<=50K
28,9,40,Male,<=50K
46,9,65,Male,<=50K
52,6,45,Male,<=50K
21,9,40,Female,<=50K
23,9,40,Female,<=50K
34,9,62,Male,<=50K
72,10,74,Male,<=50K
67,10,24,Male,>50K
35,14,40,Male,>50K
67,9,32,Male,<=50K
29,9,25,Female,<=50K
19,9,20,Male,<=50K
32,8,30,Male,<=50K
17,7,6,Male,<=50K
25,9,40,Male,<=50K
37,15,60,Male,>50K
49,9,40,Male,<=50K
27,13,40,Female,<=50K
22,10,40,Male,<=50K
30,9,50,Male,<=50K
40,9,40,Male,>50K
46,9,40,Male,<=50K
37,9,40,Male,<=50K
41,10,40,Male,>50K
67,10,8,Male,<=50K
35,9,40,Male,<=50K
21,10,40,Male,<=50K
52,9,40,Male,>50K
35,9,40,Male,<=50K
45,11,50,Male,>50K
53,14,40,Male,>50K
45,10,45,Female,<=50K
37,9,50,Male,<=50K
28,10,40,Male,<=50K
44,12,60,Male,>50K
49,7,60,Male,<=50K
46,10,40,Male,<=50K
61,12,40,Female,<=50K
62,10,60,Male,<=50K
31,9,40,Male,<=50K
31,11,40,Female,<=50K
64,6,50,Male,<=50K
24,13,20,Female,<=50K
56,13,45,Male,>50K
28,9,40,Female,<=50K
55,13,73,Female,<=50K
64,9,40,Female,<=50K
29,10,40,Female,<=50K
25,9,50,Male,<=50K
32,9,40,Male,<=50K
51,9,40,Female,<=50K
35,9,45,Male,<=50K
38,16,60,Male,>50K
22,9,50,Male,<=50K
25,14,31,Female,<=50K
26,13,40,Male,<=50K
28,10,40,Male,<=50K
38,7,48,Male,>50K
56,9,50,Male,<=50K
41,9,40,Male,<=50K
45,13,50,Male,>50K
26,10,3,Male,<=50K
35,4,40,Male,<=50K
34,7,40,Female,<=50K
28,13,16,Female,<=50K
31,6,40,Male,<=50K
61,9,40,Female,<=50K
43,13,55,Male,>50K
23,10,6,Female,<=50K
49,10,40,Female,<=50K
43,14,37,Female,<=50K
35,9,60,Male,<=50K
54,9,40,Male,<=50K
49,6,40,Female,<=50K
37,5,30,Female,<=50K
18,9,20,Female,<=50K
26,13,41,Male,<=50K
48,9,18,Female,<=50K
32,9,50,Female,<=50K
43,10,40,Male,<=50K
30,10,40,Male,<=50K
23,9,40,Male,<=50K
54,9,40,Male,<=50K
26,13,20,Female,<=50K
40,11,40,Male,>50K
46,13,50,Male,>50K
24,5,40,Female,<=50K
39,12,52,Male,<=50K
23,9,40,Female,<=50K
30,9,35,Male,<=50K
51,9,20,Male,<=50K
52,4,40,Female,<=50K
20,10,20,Female,<=50K
30,11,49,Male,<=50K
53,9,50,Male,<=50K
19,6,24,Female,<=50K
45,10,40,Male,>50K
53,1,35,Female,<=50K
35,10,30,Female,<=50K
31,10,40,Male,<=50K
64,2,20,Male,<=50K
73,6,10,Female,<=50K
30,9,40,Male,<=50K
35,9,40,Male,<=50K
48,9,45,Male,<=50K
49,10,45,Male,>50K
19,7,55,Male,<=50K
41,1,30,Female,<=50K
46,9,20,Male,<=50K
37,16,45,Male,>50K
21,11,20,Female,<=50K
45,9,60,Male,<=50K
62,5,35,Female,<=50K
44,10,40,Female,<=50K
55,15,40,Male,>50K
44,10,40,Male,>50K
28,7,50,Male,<=50K
35,13,40,Female,<=50K
31,9,40,Female,<=50K
33,13,40,Female,<=50K
53,13,48,Male,>50K
65,14,60,Male,<=50K
21,9,38,Male,<=50K
23,13,40,Female,<=50K
57,3,40,Male,<=50K
35,9,40,Male,<=50K
40,14,52,Male,>50K
25,8,40,Male,<=50K
31,10,56,Male,>50K
35,9,40,Female,<=50K
54,1,60,Male,<=50K
33,9,40,Male,<=50K
39,13,60,Male,<=50K
48,4,30,Male,<=50K
41,10,40,Male,<=50K
57,14,60,Male,<=50K
23,10,40,Female,<=50K
28,9,40,Male,<=50K
21,9,53,Male,<=50K
40,11,40,Male,<=50K
51,14,50,Male,>50K
51,9,40,Male,>50K
20,9,30,Male,<=50K
71,10,40,Male,<=50K
26,11,40,Female,<=50K
37,9,40,Male,<=50K
61,9,40,Male,<=50K
62,9,32,Female,<=50K
35,9,40,Male,<=50K
28,13,28,Female,>50K
51,10,45,Male,<=50K
65,13,40,Male,<=50K
38,12,50,Male,>50K
55,9,44,Female,<=50K
30,9,60,Male,<=50K
36,10,40,Male,>50K
30,14,40,Male,>50K
31,11,45,Male,<=50K
52,4,40,Male,<=50K
41,9,40,Male,>50K
27,9,40,Male,<=50K
45,13,60,Male,>50K
30,11,40,Male,<=50K
25,13,30,Female,>50K
32,10,40,Female,<=50K
55,12,20,Male,>50K
48,9,40,Male,<=50K
32,13,40,Male,<=50K
57,9,40,Female,<=50K
18,9,40,Female,<=50K
23,13,40,Male,<=50K
26,13,7,Male,<=50K
84,9,13,Female,<=50K
60,9,99,Female,<=50K
20,10,46,Female,<=50K
22,13,20,Female,<=50K
22,9,25,Male,<=50K
43,3,72,Female,<=50K
39,14,45,Male,>50K
17,7,17,Male,<=50K
34,10,40,Male,<=50K
58,16,43,Female,>50K
35,10,40,Male,>50K
22,13,10,Female,<=50K
45,15,40,Male,>50K
34,13,20,Male,<=50K
58,13,25,Male,<=50K
26,10,50,Male,<=50K
23,13,20,Female,<=50K
20,12,40,Female,<=50K
45,10,40,Male,<=50K
51,9,40,Male,>50K
55,9,35,Male,>50K
17,6,20,Male,<=50K
28,14,50,Male,<=50K
20,10,25,Female,<=50K
25,7,32,Female,<=50K
21,4,36,Male,<=50K
42,9,40,Female,>50K
30,13,43,Male,<=50K
34,9,44,Male,<=50K
37,10,40,Female,<=50K
45,13,40,Male,>50K
67,14,55,Male,>50K
54,9,40,Male,<=50K
44,9,24,Female,<=50K
54,10,40,Male,>50K
42,10,40,Male,>50K
40,10,40,Male,<=50K
36,15,30,Male,>50K
19,9,14,Female,<=50K
66,9,8,Female,<=50K
74,9,55,Male,<=50K
48,13,40,Male,>50K
42,13,40,Female,<=50K
39,10,90,Male,<=50K
19,10,7,Female,<=50K
24,5,35,Female,<=50K
31,9,33,Male,<=50K
19,9,28,Female,<=50K
55,9,40,Male,>50K
49,13,50,Female,<=50K
59,15,25,Male,<=50K
38,9,40,Male,<=50K
40,13,40,Male,<=50K
25,9,40,Female,<=50K
45,9,40,Male,>50K
29,10,36,Male,<=50K
44,14,50,Female,<=50K
30,9,40,Male,<=50K
42,12,50,Male,>50K
46,10,40,Male,>50K
46,14,20,Male,>50K
33,10,40,Female,<=50K
39,10,40,Male,<=50K
51,10,40,Male,>50K
61,13,40,Male,>50K
69,15,5,Male,<=50K
44,13,40,Male,>50K
57,10,40,Female,<=50K
55,10,55,Female,>50K
60,13,25,Male,<=50K
57,9,32,Female,<=50K
33,9,40,Male,<=50K
34,9,40,Male,<=50K
20,10,40,Female,<=50K
52,9,40,Female,>50K
58,5,40,Male,<=50K
41,11,40,Male,<=50K
18,5,40,Male,<=50K
31,6,40,Male,<=50K
72,13,30,Male,<=50K
30,13,52,Male,>50K
34,13,10,Female,>50K
44,8,40,Male,<=50K
22,7,35,Male,<=50K
28,9,40,Male,<=50K
20,10,18,Female,<=50K
39,14,20,Female,>50K
39,9,65,Male,<=50K
24,10,40,Female,<=50K
24,10,40,Female,<=50K
27,9,60,Male,<=50K
25,9,40,Female,<=50K
46,9,43,Male,>50K
38,10,48,Male,>50K
32,9,40,Male,<=50K
79,9,7,Male,<=50K
50,7,40,Female,<=50K
23,9,40,Male,<=50K
32,13,46,Female,<=50K
63,9,40,Female,<=50K
24,13,45,Male,<=50K
30,9,40,Female,<=50K
39,14,40,Male,>50K
47,9,40,Female,<=50K
35,12,40,Female,<=50K
32,9,50,Female,<=50K
54,10,40,Male,<=50K
20,10,16,Female,<=50K
26,15,80,Female,<=50K
54,9,44,Male,>50K
80,14,54,Male,>50K
23,9,80,Female,<=50K
32,13,40,Male,>50K
21,10,38,Female,<=50K
49,3,40,Female,<=50K
52,10,40,Male,<=50K
27,9,40,Male,>50K
43,13,80,Female,<=50K
40,13,40,Male,>50K
37,9,40,Female,<=50K
33,9,50,Male,<=50K
36,10,40,Male,>50K
31,13,47,Male,<=50K
31,10,40,Male,<=50K
38,12,40,Male,>50K
21,10,20,Male,<=50K
21,10,20,Male,<=50K
60,11,40,Male,<=50K
55,13,40,Male,>50K
38,9,40,Male,>50K
41,9,40,Male,<=50K
62,9,40,Male,<=50K
53,13,48,Male,>50K
35,5,50,Male,<=50K
41,15,40,Male,>50K
26,4,40,Male,<=50K
31,10,40,Female,<=50K
39,9,35,Female,<=50K
48,9,40,Male,>50K
50,13,50,Male,>50K
55,15,10,Female,<=50K
37,12,45,Male,>50K
54,16,60,Male,>50K
36,11,42,Male,>50K
38,15,50,Female,>50K
44,14,40,Female,<=50K
59,15,60,Male,>50K
25,13,40,Female,<=50K
42,5,40,Male,<=50K
69,9,25,Female,<=50K
38,9,50,Male,>50K
29,11,40,Female,<=50K
58,10,40,Female,>50K
21,9,40,Female,<=50K
29,9,40,Male,<=50K
44,13,40,Male,<=50K
58,9,30,Male,<=50K
54,9,40,Female,<=50K
37,11,40,Male,<=50K
47,9,40,Male,<=50K
61,9,40,Female,<=50K
45,9,40,Female,<=50K
52,11,50,Male,>50K
38,9,42,Male,<=50K
27,10,40,Female,<=50K
50,9,60,Male,>50K
29,9,40,Male,<=50K
24,9,25,Female,<=50K
68,9,15,Male,<=50K
37,9,40,Male,<=50K
22,4,40,Male,<=50K
36,9,44,Male,>50K
18,9,35,Female,<=50K
26,13,80,Male,<=50K
54,9,60,Male,>50K
39,10,45,Female,<=50K
57,13,40,Male,<=50K
60,9,40,Female,<=50K
33,14,60,Male,>50K
27,13,40,Female,<=50K
32,10,55,Female,<=50K
34,13,40,Male,>50K
40,13,40,Female,<=50K
24,10,40,Male,<=50K
32,7,50,Male,<=50K
31,13,40,Male,<=50K
22,7,70,Male,>50K
49,7,65,Male,<=50K
56,9,28,Male,<=50K
29,9,40,Male,<=50K
74,9,16,Female,<=50K
50,14,70,Female,<=50K
43,13,40,Female,>50K
34,13,50,Female,<=50K
63,13,21,Female,<=50K
25,9,40,Male,<=50K
22,9,40,Female,<=50K
32,8,40,Female,<=50K
21,10,40,Male,<=50K
43,13,50,Female,<=50K
44,13,50,Male,>50K
17,7,20,Male,<=50K
52,9,40,Male,<=50K
58,3,40,Male,<=50K
29,9,45,Male,<=50K
21,9,40,Male,<=50K
39,15,45,Male,>50K
17,6,24,Female,<=50K
17,6,15,Male,<=50K
20,10,15,Female,<=50K
36,9,40,Female,<=50K
57,10,38,Female,<=50K
44,14,45,Female,<=50K
23,10,40,Male,<=50K
40,14,45,Male,>50K
29,13,53,Male,<=50K
69,9,20,Male,<=50K
41,9,40,Male,<=50K
33,9,50,Male,>50K
43,13,40,Male,>50K
32,12,40,Male,<=50K
26,13,50,Male,<=50K
42,9,50,Male,<=50K
27,12,40,Male,<=50K
53,10,60,Male,<=50K
24,13,35,Male,<=50K
29,9,55,Male,<=50K
21,10,43,Male,<=50K
50,13,65,Male,>50K
35,8,40,Female,<=50K
36,10,40,Female,<=50K
46,9,40,Female,>50K
34,10,40,Male,<=50K
34,13,40,Male,<=50K
27,9,50,Male,<=50K
43,10,50,Male,>50K
37,9,40,Male,<=50K
32,15,40,Male,>50K
19,10,20,Male,<=50K
32,3,40,Female,<=50K
35,9,40,Male,<=50K
40,9,40,Male,<=50K
72,13,20,Male,>50K
28,9,44,Male,>50K
36,10,40,Male,<=50K
49,13,40,Male,>50K
59,9,38,Female,<=50K
47,5,40,Male,<=50K
25,5,40,Male,<=50K
57,10,40,Female,<=50K
20,12,40,Female,<=50K
35,9,60,Male,<=50K
31,10,40,Female,<=50K
42,11,40,Male,>50K
38,13,45,Male,<=50K
47,9,48,Male,<=50K
29,9,45,Male,<=50K
26,9,40,Male,<=50K
44,13,40,Male,>50K
37,9,40,Male,<=50K
37,11,45,Female,>50K
39,12,59,Male,<=50K
29,9,40,Female,<=50K
34,9,40,Male,<=50K
61,9,50,Male,<=50K
23,4,40,Male,<=50K
50,13,40,Male,>50K
22,12,40,Female,<=50K
49,15,60,Male,>50K
24,11,32,Female,<=50K
35,13,45,Female,<=50K
42,13,50,Female,>50K
33,9,40,Male,<=50K
54,8,40,Male,<=50K
43,13,42,Male,<=50K
47,9,42,Male,<=50K
23,10,40,Female,<=50K
23,13,16,Female,<=50K
18,10,40,Male,<=50K
46,13,45,Male,>50K
31,7,40,Male,<=50K
30,13,40,Female,>50K
37,11,40,Male,>50K
39,14,50,Female,<=50K
44,6,40,Male,<=50K
29,6,80,Male,<=50K
41,9,40,Male,>50K
46,9,30,Female,<=50K
44,14,25,Female,>50K
33,12,40,Female,<=50K
43,10,60,Male,<=50K
35,12,99,Male,>50K
48,11,50,Male,>50K
50,14,40,Male,>50K
26,6,40,Female,<=50K
32,9,40,Male,<=50K
18,8,30,Female,<=50K
51,13,20,Male,<=50K
29,9,35,Male,<=50K
48,10,60,Female,<=50K
27,11,40,Male,<=50K
47,9,50,Male,>50K
28,10,40,Female,<=50K
44,16,55,Male,>50K
24,10,30,Male,>50K
21,10,4,Female,<=50K
39,13,40,Female,<=50K
61,10,44,Male,>50K
66,10,20,Female,<=50K
63,13,40,Male,>50K
30,9,40,Male,<=50K
39,9,54,Male,<=50K
60,4,40,Male,<=50K
55,14,40,Female,>50K
41,9,28,Female,<=50K
49,10,40,Male,<=50K
33,9,50,Male,<=50K
31,9,45,Male,>50K
70,6,40,Female,<=50K
57,10,8,Female,>50K
20,7,39,Female,<=50K
61,9,40,Male,>50K
25,9,95,Male,<=50K
42,10,40,Female,>50K
60,13,25,Male,<=50K
41,10,40,Male,>50K
37,10,40,Male,<=50K
62,9,40,Female,<=50K
33,9,40,Male,<=50K
51,9,50,Male,<=50K
37,13,40,Male,<=50K
32,9,24,Male,<=50K
40,14,40,Male,>50K
23,9,24,Female,<=50K
35,11,40,Male,>50K
17,7,20,Female,<=50K
55,6,40,Male,<=50K
36,10,25,Female,<=50K
45,13,40,Male,>50K
32,10,40,Male,<=50K
36,13,50,Female,<=50K
54,10,40,Male,>50K
48,13,55,Male,>50K
36,10,60,Male,<=50K
47,13,40,Male,<=50K
37,4,50,Male,<=50K
55,9,40,Male,>50K
23,7,40,Male,<=50K
32,12,42,Male,>50K
41,14,55,Female,<=50K
26,6,24,Male,<=50K
30,7,49,Male,<=50K
25,11,40,Female,<=50K
27,13,40,Female,<=50K
42,10,50,Male,>50K
27,8,45,Male,<=50K
47,9,37,Female,<=50K
44,10,60,Male,<=50K
72,4,20,Female,<=50K
30,13,16,Female,>50K
23,10,40,Female,<=50K
59,10,60,Male,>50K
18,9,10,Male,<=50K
51,9,50,Male,<=50K
28,13,40,Female,<=50K
63,15,35,Male,>50K
41,14,60,Female,>50K
67,9,30,Male,<=50K
35,13,50,Male,>50K
49,10,46,Male,>50K
46,9,60,Male,<=50K
17,7,16,Male,<=50K
44,9,40,Female,<=50K
60,10,40,Female,<=50K
17,8,16,Male,<=50K
18,10,40,Female,<=50K
17,6,40,Male,<=50K
36,13,40,Male,<=50K
24,12,25,Male,<=50K
40,6,40,Male,<=50K
64,11,55,Male,<=50K
39,9,40,Male,<=50K
34,12,25,Female,>50K
19,9,40,Male,<=50K
37,13,90,Male,>50K
33,13,40,Male,<=50K
39,10,40,Male,<=50K
34,11,40,Male,<=50K
36,9,40,Male,<=50K
36,13,40,Male,>50K
26,14,40,Female,<=50K
37,12,30,Male,<=50K
56,9,50,Male,>50K
49,9,60,Female,<=50K
43,9,35,Female,<=50K
48,9,38,Female,<=50K
23,9,35,Female,<=50K
49,9,40,Female,<=50K
38,9,45,Male,<=50K
35,9,50,Male,<=50K
36,9,50,Male,<=50K
39,10,40,Male,<=50K
20,7,40,Female,<=50K
23,12,20,Female,<=50K
30,13,40,Female,<=50K
26,9,40,Female,<=50K
49,9,40,Female,<=50K
45,9,47,Male,>50K
45,14,50,Male,>50K
32,6,16,Male,<=50K
32,6,40,Male,<=50K
32,9,40,Male,<=50K
30,13,40,Male,>50K
34,13,40,Female,<=50K
37,13,50,Male,>50K
27,13,40,Female,<=50K
23,9,60,Male,<=50K
48,13,30,Female,<=50K
27,8,44,Female,<=50K
35,10,40,Male,<=50K
38,16,40,Female,>50K
32,10,38,Female,<=50K
44,9,30,Female,<=50K
48,14,40,Female,>50K
55,9,45,Male,<=50K
39,7,40,Male,<=50K
34,13,25,Female,>50K
37,10,30,Female,<=50K
34,13,60,Male,>50K
36,9,30,Female,<=50K
48,9,65,Male,<=50K
51,9,50,Male,<=50K
35,11,50,Male,<=50K
54,14,40,Female,<=50K
52,10,40,Male,>50K
29,13,40,Male,<=50K
27,10,56,Female,<=50K
21,9,10,Female,<=50K
33,7,40,Male,<=50K
29,10,24,Male,<=50K
39,13,40,Male,>50K
42,13,40,Male,>50K
54,9,40,Male,<=50K
60,3,45,Male,<=50K
29,10,40,Male,<=50K
80,10,60,Male,<=50K
41,14,40,Male,>50K
47,7,38,Female,<=50K
37,8,35,Male,<=50K
26,10,20,Male,<=50K
20,9,30,Male,<=50K
28,9,17,Female,<=50K
31,13,45,Male,>50K
55,13,40,Male,>50K
46,10,45,Male,>50K
29,10,40,Male,<=50K
31,13,40,Male,>50K
42,10,40,Male,<=50K
33,10,48,Male,>50K
57,11,40,Female,<=50K
29,10,40,Male,>50K
47,9,40,Female,<=50K
25,13,40,Male,<=50K
49,10,50,Male,<=50K
24,10,40,Male,<=50K
19,9,30,Male,<=50K
23,10,40,Male,<=50K
37,12,48,Female,<=50K
35,12,80,Female,>50K
52,9,40,Female,<=50K
75,10,30,Male,<=50K
48,12,45,Male,<=50K
59,5,50,Male,<=50K
36,13,48,Male,<=50K
44,14,40,Male,>50K
36,13,50,Male,<=50K
29,14,55,Male,<=50K
39,6,60,Male,>50K
22,9,50,Male,<=50K
20,10,20,Female,<=50K
35,10,55,Male,<=50K
25,13,40,Female,<=50K
35,10,40,Male,<=50K
37,9,30,Male,<=50K
18,10,26,Female,<=50K
41,13,40,Male,<=50K
37,16,60,Female,>50K
21,10,40,Male,<=50K
38,6,40,Male,>50K
40,9,56,Male,<=50K
32,13,40,Male,<=50K
51,9,40,Female,<=50K
37,2,40,Male,<=50K
40,13,48,Female,<=50K
35,10,40,Female,<=50K
40,9,40,Female,<=50K
38,2,40,Male,<=50K
35,12,40,Male,>50K
46,13,40,Male,>50K
45,10,50,Male,<=50K
24,7,40,Female,<=50K
42,10,38,Female,<=50K
44,9,20,Male,<=50K
36,9,35,Male,<=50K
35,9,40,Male,<=50K
32,9,40,Male,<=50K
25,10,20,Female,<=50K
52,9,40,Male,<=50K
52,11,40,Male,<=50K
52,9,40,Male,>50K
29,13,40,Male,<=50K
37,12,42,Male,<=50K
26,9,25,Male,<=50K
36,7,40,Female,<=50K
20,10,16,Male,<=50K
41,15,45,Male,>50K
22,9,40,Male,<=50K
44,13,40,Male,<=50K
38,16,50,Male,>50K
42,2,60,Male,<=50K
31,13,40,Male,<=50K
39,13,55,Female,>50K
53,14,40,Female,<=50K
55,13,50,Male,<=50K
45,15,55,Male,>50K
52,14,40,Male,>50K
47,3,40,Male,<=50K
53,3,40,Male,<=50K
29,13,40,Female,<=50K
31,10,40,Male,<=50K
22,9,55,Male,<=50K
19,10,40,Female,<=50K
64,7,16,Female,<=50K
51,10,58,Male,>50K
26,10,40,Female,<=50K
51,10,40,Male,<=50K
19,10,35,Male,<=50K
46,12,38,Male,>50K
59,9,10,Female,<=50K
33,9,32,Female,<=50K
41,9,45,Male,<=50K
64,15,60,Male,>50K
41,10,40,Male,<=50K
20,10,20,Male,<=50K
51,12,45,Male,>50K
43,9,40,Male,<=50K
29,10,40,Male,<=50K
57,15,60,Male,<=50K
35,11,40,Male,<=50K
50,14,45,Male,>50K
31,15,50,Male,<=50K
24,7,65,Male,<=50K
37,10,60,Male,>50K
58,11,60,Female,<=50K
40,14,50,Male,<=50K
32,13,70,Male,>50K
29,10,40,Male,>50K
36,10,40,Female,<=50K
29,6,35,Male,>50K
55,3,25,Male,<=50K
62,4,35,Female,<=50K
42,9,35,Female,<=50K
22,10,20,Male,<=50K
26,13,40,Male,<=50K
51,9,40,Male,<=50K
33,10,35,Male,<=50K
47,9,38,Male,<=50K
36,13,20,Female,>50K
45,5,40,Male,>50K
51,14,30,Female,>50K
44,10,25,Female,<=50K
48,9,45,Male,<=50K
35,10,35,Male,<=50K
23,13,40,Female,<=50K
42,13,45,Male,>50K
54,9,40,Male,>50K
28,9,40,Male,<=50K
38,9,40,Male,<=50K
36,13,45,Male,<=50K
39,10,40,Male,<=50K
45,4,40,Female,<=50K
39,14,50,Male,>50K
64,15,9,Male,>50K
80,13,40,Male,>50K
41,10,40,Female,>50K
44,10,37,Female,<=50K
29,9,40,Male,<=50K
19,10,20,Female,<=50K
63,11,8,Female,<=50K
39,10,45,Female,<=50K
33,9,44,Male,<=50K
34,13,14,Male,<=50K
32,10,60,Male,<=50K
50,10,99,Male,>50K
39,12,50,Male,>50K
46,9,40,Female,<=50K
21,9,40,Female,<=50K
45,10,70,Male,<=50K
22,9,40,Male,<=50K
35,13,40,Male,<=50K
33,9,40,Male,>50K
25,13,40,Female,<=50K
42,9,40,Female,<=50K
43,9,40,Female,<=50K
49,10,45,Male,<=50K
29,12,37,Female,<=50K
45,5,15,Female,<=50K
50,13,40,Male,>50K
36,9,40,Male,<=50K
56,13,40,Male,>50K
36,9,65,Male,<=50K
45,13,40,Male,>50K
38,9,40,Male,<=50K
37,9,45,Female,<=50K
23,10,40,Male,<=50K
20,9,35,Female,<=50K
23,10,40,Male,<=50K
36,13,35,Male,<=50K
60,13,50,Male,>50K
53,9,40,Male,<=50K
31,13,25,Female,<=50K
44,13,50,Male,>50K
41,10,40,Male,<=50K
52,10,40,Male,<=50K
23,9,45,Male,<=50K
20,10,40,Male,<=50K
46,13,45,Female,<=50K
24,9,40,Female,<=50K
27,9,50,Male,<=50K
33,12,42,Female,<=50K
18,8,15,Male,<=50K
51,7,35,Male,<=50K
41,10,36,Female,>50K
21,10,40,Female,<=50K
32,13,47,Male,<=50K
57,15,36,Male,>50K
27,10,48,Female,<=50K
42,10,40,Female,<=50K
64,12,50,Male,>50K
39,14,45,Female,>50K
60,7,50,Male,<=50K
56,9,35,Male,<=50K
44,13,45,Male,<=50K
50,7,50,Male,>50K
50,13,65,Male,>50K
60,9,48,Male,<=50K
57,9,40,Male,>50K
58,13,40,Female,<=50K
54,9,40,Female,<=50K
32,9,37,Female,<=50K
38,10,45,Male,<=50K
23,9,48,Female,<=50K
60,13,35,Female,<=50K
50,10,35,Female,<=50K
17,6,12,Female,<=50K
28,3,40,Female,<=50K
37,13,50,Male,>50K
22,9,40,Female,<=50K
55,5,48,Female,<=50K
36,9,50,Male,>50K
44,15,32,Male,>50K
66,13,12,Male,<=50K
29,12,40,Male,<=50K
27,9,40,Male,<=50K
48,9,43,Male,<=50K
29,13,40,Male,<=50K
33,9,40,Male,<=50K
55,6,40,Male,<=50K
28,6,48,Female,<=50K
32,13,30,Female,<=50K
45,7,35,Female,<=50K
22,10,15,Female,<=50K
18,7,10,Male,<=50K
51,10,25,Female,<=50K
56,13,20,Male,<=50K
32,13,40,Male,>50K
32,9,40,Male,<=50K
56,9,40,Male,<=50K
32,13,30,Female,<=50K
54,9,40,Male,>50K
59,9,38,Female,<=50K
55,12,5,Female,<=50K
20,10,20,Male,<=50K
34,9,44,Male,<=50K
28,13,40,Male,<=50K
19,9,35,Male,<=50K
38,9,45,Male,<=50K
64,15,40,Female,>50K
21,9,40,Male,<=50K
18,7,25,Male,<=50K
61,10,30,Male,>50K
52,9,40,Male,>50K
35,8,40,Male,<=50K
50,12,45,Male,>50K
23,10,32,Female,<=50K
26,9,40,Male,<=50K
36,9,40,Female,<=50K
29,14,40,Male,<=50K
39,9,40,Male,<=50K
43,9,50,Male,<=50K
52,9,50,Male,<=50K
58,8,40,Male,<=50K
50,15,75,Male,>50K
67,3,40,Female,<=50K
34,13,45,Female,<=50K
51,12,38,Male,>50K
29,10,35,Male,<=50K
25,13,20,Male,<=50K
58,9,55,Male,>50K
60,14,50,Male,<=50K
43,9,40,Female,<=50K
34,9,80,Male,<=50K
36,13,40,Male,>50K
39,12,60,Male,<=50K
34,14,40,Male,<=50K
43,13,50,Male,>50K
41,10,45,Male,>50K
17,6,20,Male,<=50K
34,10,63,Male,<=50K
57,9,48,Male,<=50K
29,13,80,Female,<=50K
47,13,65,Male,<=50K
48,7,60,Male,<=50K
56,7,20,Male,<=50K
38,9,40,Male,<=50K
42,10,45,Male,<=50K
45,9,40,Male,>50K
51,13,40,Female,>50K
36,9,2,Female,<=50K
20,11,40,Female,<=50K
34,12,40,Male,<=50K
34,13,40,Male,>50K
46,13,40,Female,>50K
36,15,50,Male,>50K
23,4,40,Male,<=50K
28,13,55,Male,<=50K
25,10,30,Male,<=50K
30,10,40,Male,<=50K
40,14,50,Male,>50K
26,10,60,Male,<=50K
22,10,20,Female,<=50K
49,6,99,Male,>50K
18,10,15,Male,<=50K
47,14,40,Male,>50K
33,9,40,Female,<=50K
37,9,40,Male,<=50K
26,13,50,Female,<=50K
36,9,25,Male,<=50K
50,9,50,Male,<=50K
28,13,65,Male,>50K
25,9,32,Female,<=50K
34,10,40,Female,<=50K
39,11,40,Female,<=50K
35,13,50,Female,>50K
20,6,40,Male,<=50K
25,12,40,Female,<=50K
21,10,40,Female,<=50K
18,9,12,Male,<=50K
38,9,35,Female,<=50K
50,13,40,Female,>50K
58,13,40,Male,<=50K
40,14,35,Male,<=50K
30,10,72,Male,<=50K
48,13,50,Male,>50K
32,9,40,Male,<=50K
34,14,40,Male,>50K
39,10,60,Female,<=50K
51,9,40,Male,>50K
46,14,50,Male,>50K
26,9,40,Male,<=50K
41,15,46,Male,>50K
30,11,40,Male,<=50K
56,9,45,Male,>50K
42,6,40,Male,>50K
40,9,40,Male,<=50K
34,10,15,Male,<=50K
52,14,44,Female,>50K
24,11,35,Female,<=50K
44,13,48,Male,<=50K
36,10,40,Male,>50K
62,4,40,Female,<=50K
47,9,40,Male,<=50K
23,3,35,Male,<=50K
23,13,40,Female,<=50K
24,9,40,Female,<=50K
25,13,40,Female,<=50K
49,7,40,Male,<=50K
43,14,40,Female,<=50K
21,10,40,Male,<=50K
43,13,50,Male,<=50K
51,13,40,Male,>50K
71,10,10,Male,<=50K
28,13,40,Female,<=50K
24,13,40,Female,<=50K
20,9,30,Male,<=50K
20,10,35,Female,<=50K
40,13,50,Male,>50K
42,5,40,Male,<=50K
49,14,45,Male,>50K
21,9,25,Female,<=50K
45,11,40,Female,<=50K
56,14,50,Male,>50K
42,13,40,Male,>50K
34,12,40,Male,<=50K
30,9,40,Female,<=50K
67,13,40,Male,>50K
17,8,20,Female,<=50K
30,12,40,Female,<=50K
33,15,50,Male,>50K
52,9,45,Male,>50K
42,9,40,Female,<=50K
34,9,60,Male,<=50K
33,13,40,Male,<=50K
48,10,48,Female,<=50K
53,9,40,Male,<=50K
33,9,30,Male,<=50K
32,9,35,Female,<=50K
52,10,40,Male,<=50K
47,10,40,Male,>50K
39,14,50,Male,>50K
46,12,50,Male,>50K
59,13,45,Female,<=50K
23,4,35,Male,<=50K
20,7,40,Male,<=50K
40,10,45,Male,>50K
58,7,16,Male,<=50K
42,9,40,Male,<=50K
33,9,46,Male,<=50K
24,14,13,Male,<=50K
37,13,55,Male,>50K
39,13,60,Female,>50K
40,14,36,Female,>50K
61,15,40,Male,>50K
53,6,40,Female,<=50K
30,9,30,Male,<=50K
34,9,40,Male,<=50K
49,9,46,Male,<=50K
63,6,40,Male,<=50K
38,10,55,Male,>50K
83,6,50,Male,>50K
51,9,40,Male,<=50K
26,13,35,Female,<=50K
38,10,60,Male,<=50K
39,13,60,Male,<=50K
35,9,50,Male,>50K
23,10,40,Female,<=50K
30,12,36,Female,<=50K
31,4,40,Female,<=50K
17,6,12,Male,<=50K
30,11,46,Female,<=50K
37,10,40,Male,>50K
42,9,40,Female,<=50K
61,9,40,Male,<=50K
34,9,40,Male,<=50K
27,10,49,Male,<=50K
30,9,50,Male,>50K
67,9,20,Male,<=50K
35,9,40,Male,<=50K
23,9,40,Male,<=50K
61,9,40,Male,<=50K
45,13,40,Male,<=50K
30,13,40,Male,<=50K
26,10,38,Male,<=50K
21,9,40,Female,<=50K
34,10,40,Male,<=50K
39,7,40,Male,<=50K
46,4,45,Male,<=50K
40,7,37,Female,<=50K
20,9,40,Female,<=50K
31,13,43,Female,>50K
28,9,40,Male,<=50K
59,9,40,Male,>50K
40,10,50,Male,>50K
21,10,4,Female,<=50K
30,12,40,Female,<=50K
36,13,40,Male,>50K
26,13,40,Female,<=50K
34,10,35,Male,<=50K
45,14,60,Female,<=50K
32,9,55,Male,>50K
44,13,35,Male,>50K
50,9,40,Male,<=50K
31,5,20,Female,<=50K
40,2,40,Male,<=50K
42,9,40,Male,>50K
38,10,40,Female,<=50K
51,13,60,Male,>50K
43,9,40,Male,<=50K
36,9,40,Male,<=50K
59,10,40,Male,>50K
25,12,35,Female,>50K
42,10,70,Male,<=50K
34,9,50,Male,<=50K
61,13,50,Male,>50K
42,9,40,Female,<=50K
48,6,80,Male,<=50K
69,13,20,Male,<=50K
46,15,40,Male,>50K
23,2,36,Male,<=50K
43,14,50,Female,<=50K
38,9,20,Female,<=50K
18,9,40,Female,<=50K
42,13,70,Male,<=50K
69,14,5,Female,<=50K
40,11,40,Male,>50K
69,2,34,Male,<=50K
53,13,50,Male,>50K
29,13,40,Male,>50K
23,13,40,Female,<=50K
18,10,15,Female,<=50K
49,14,40,Female,<=50K
32,9,40,Male,<=50K
56,13,40,Male,<=50K
28,7,30,Female,<=50K
39,10,42,Male,>50K
51,9,40,Male,<=50K
71,10,24,Female,<=50K
41,13,55,Male,>50K
72,13,6,Male,<=50K
26,9,35,Female,<=50K
25,13,40,Male,<=50K
35,9,40,Female,<=50K
69,13,20,Male,<=50K
21,10,20,Female,<=50K
55,9,40,Female,<=50K
48,16,40,Male,>50K
24,13,84,Female,<=50K
32,9,46,Male,<=50K
44,12,50,Male,<=50K
39,12,40,Male,>50K
45,9,45,Male,>50K
59,13,43,Male,>50K
48,11,25,Female,>50K
73,4,18,Female,<=50K
40,14,50,Male,>50K
45,14,55,Female,<=50K
52,10,49,Female,<=50K
27,9,65,Male,>50K
59,2,45,Male,<=50K
29,13,42,Female,<=50K
39,10,40,Male,<=50K
25,13,40,Male,<=50K
22,9,40,Female,<=50K
28,9,40,Male,<=50K
18,10,25,Female,<=50K
38,12,40,Male,<=50K
24,11,30,Male,>50K
51,9,50,Male,<=50K
26,9,30,Female,<=50K
19,10,20,Female,<=50K
21,7,50,Male,<=50K
23,10,25,Male,<=50K
24,10,65,Male,<=50K
38,10,40,Female,<=50K
42,9,40,Female,<=50K
37,14,40,Female,<=50K
33,10,40,Female,<=50K
28,9,40,Male,<=50K
18,7,35,Male,<=50K
35,10,40,Female,<=50K
41,9,40,Female,>50K
64,13,50,Male,>50K
39,13,40,Female,<=50K
39,9,80,Male,>50K
19,9,40,Male,<=50K
42,14,40,Female,>50K
23,10,30,Male,<=50K
47,13,60,Female,>50K
46,3,40,Female,>50K
62,6,35,Female,<=50K
17,8,40,Female,<=50K
39,10,65,Male,<=50K
35,13,40,Male,>50K
25,13,40,Female,>50K
36,13,40,Male,<=50K
47,9,32,Female,<=50K
48,10,40,Male,>50K
71,13,60,Male,>50K
18,8,25,Male,<=50K
50,13,37,Female,<=50K
29,9,40,Male,<=50K
30,12,40,Male,<=50K
38,7,40,Male,<=50K
32,9,50,Male,>50K
33,10,45,Male,<=50K
29,11,32,Male,>50K
46,11,38,Female,<=50K
32,9,20,Male,<=50K
26,10,15,Female,<=50K
65,6,20,Female,<=50K
41,11,70,Male,>50K
49,13,40,Female,<=50K
31,9,40,Male,<=50K
30,9,45,Male,<=50K
27,5,40,Female,<=50K
50,13,40,Male,>50K
22,10,40,Female,<=50K
40,9,40,Male,<=50K
33,13,40,Male,>50K
46,10,40,Male,<=50K
55,13,20,Male,>50K
20,10,25,Male,<=50K
25,10,50,Female,<=50K
34,9,40,Male,<=50K
65,9,10,Male,>50K
43,11,40,Male,<=50K
43,10,60,Male,>50K
53,9,40,Female,<=50K
21,6,40,Male,<=50K
27,7,40,Male,<=50K
28,10,30,Female,>50K
36,9,50,Male,<=50K
38,9,50,Female,<=50K
38,9,40,Male,<=50K
54,7,40,Female,>50K
44,10,60,Male,>50K
31,13,50,Male,>50K
37,9,70,Male,<=50K
42,13,35,Female,<=50K
38,9,40,Female,<=50K
21,9,40,Male,<=50K
29,10,50,Male,<=50K
47,11,50,Male,>50K
19,9,30,Male,<=50K
44,10,60,Male,>50K
34,9,40,Male,<=50K
44,9,60,Male,<=50K
50,9,40,Male,>50K
43,13,40,Male,<=50K
46,13,40,Male,>50K
20,10,20,Male,<=50K
31,12,40,Female,<=50K
19,9,40,Female,<=50K
20,10,25,Female,<=50K
31,9,40,Male,<=50K
31,14,45,Female,>50K
52,15,60,Male,>50K
40,13,40,Female,<=50K
38,5,12,Female,<=50K
55,9,55,Male,>50K
44,6,42,Female,<=50K
30,7,40,Male,<=50K
22,10,25,Male,<=50K
49,14,43,Male,>50K
42,14,45,Male,>50K
46,2,30,Female,<=50K
66,10,35,Female,<=50K
27,5,40,Male,<=50K
45,13,50,Male,>50K
29,9,37,Male,<=50K
26,11,65,Male,<=50K
51,9,40,Male,<=50K
24,10,40,Male,<=50K
27,5,32,Male,<=50K
37,13,50,Female,>50K
54,13,40,Male,<=50K
72,12,16,Female,<=50K
41,12,20,Male,<=50K
28,6,30,Male,<=50K
34,6,80,Male,<=50K
36,14,40,Male,<=50K
29,9,50,Female,<=50K
39,13,60,Male,<=50K
35,11,40,Female,>50K
53,13,38,Female,<=50K
20,10,40,Female,<=50K
57,9,40,Male,<=50K
65,4,50,Female,<=50K
66,9,50,Male,<=50K
31,13,40,Male,>50K
33,9,50,Male,<=50K
36,9,40,Male,<=50K
63,2,44,Female,<=50K
39,9,40,Female,<=50K
52,9,60,Male,<=50K
49,4,40,Male,<=50K
47,13,35,Female,<=50K
55,11,42,Female,<=50K
61,9,20,Male,<=50K
44,13,55,Male,<=50K
28,13,50,Male,>50K
29,10,40,Male,<=50K
19,10,8,Female,<=50K
59,9,40,Female,<=50K
35,7,40,Male,<=50K
56,9,40,Female,<=50K
26,13,25,Male,<=50K
43,9,40,Male,<=50K
50,14,40,Male,>50K
55,9,55,Female,<=50K
43,12,43,Male,<=50K
27,10,40,Male,<=50K
41,13,65,Male,<=50K
48,13,50,Male,>50K
21,4,40,Male,<=50K
31,9,55,Female,<=50K
43,10,72,Male,>50K
34,13,50,Male,>50K
48,10,55,Male,>50K
51,10,40,Male,<=50K
26,10,40,Male,>50K
57,9,5,Male,<=50K
59,9,50,Male,<=50K
61,9,4,Female,<=50K
32,13,40,Female,>50K
49,9,40,Male,<=50K
40,13,40,Female,<=50K
26,9,40,Female,<=50K
36,3,40,Male,<=50K
47,10,48,Male,>50K
19,7,12,Male,<=50K
27,9,30,Male,<=50K
57,11,40,Female,<=50K
46,15,40,Female,>50K
44,11,40,Female,<=50K
38,14,40,Male,>50K
24,4,20,Female,<=50K
30,10,48,Female,<=50K
19,10,15,Male,<=50K
60,11,15,Female,>50K
32,13,40,Male,<=50K
35,10,50,Male,<=50K
26,9,40,Male,<=50K
45,7,50,Male,<=50K
28,10,40,Male,<=50K
47,13,44,Male,<=50K
23,10,30,Male,<=50K
57,9,40,Female,<=50K
21,10,35,Female,<=50K
35,9,45,Male,>50K
53,16,60,Male,>50K
47,10,40,Male,>50K
40,10,30,Female,<=50K
18,10,25,Female,<=50K
37,10,40,Male,<=50K
60,14,40,Male,>50K
48,13,44,Female,<=50K
47,14,35,Male,>50K
36,10,40,Male,>50K
59,13,25,Female,<=50K
35,13,50,Male,>50K
60,5,40,Female,<=50K
53,10,45,Male,>50K
41,10,35,Male,<=50K
32,9,40,Female,<=50K
19,9,30,Male,<=50K
45,14,50,Male,>50K
53,10,50,Male,<=50K
72,13,7,Female,<=50K
22,10,30,Female,<=50K
56,4,20,Female,<=50K
47,13,60,Male,<=50K
31,12,40,Female,<=50K
49,9,40,Female,<=50K
39,14,40,Male,>50K
21,10,40,Male,<=50K
26,13,48,Male,<=50K
33,9,40,Male,<=50K
51,9,40,Female,<=50K
37,14,50,Male,>50K
50,10,40,Female,<=50K
49,13,75,Male,>50K
50,13,50,Male,>50K
23,9,40,Female,<=50K
57,14,20,Male,<=50K
63,13,45,Male,>50K
21,10,40,Male,<=50K
36,6,40,Male,<=50K
45,10,50,Male,<=50K
39,9,40,Male,<=50K
33,9,40,Male,<=50K
46,10,40,Male,>50K
31,7,51,Male,<=50K
22,9,40,Male,<=50K
50,14,40,Male,>50K
44,3,84,Male,>50K
49,9,40,Male,>50K
36,13,40,Male,<=50K
25,9,40,Female,<=50K
36,9,40,Male,>50K
28,7,40,Male,<=50K
42,14,48,Female,>50K
39,13,40,Male,<=50K
48,10,45,Male,<=50K
34,10,40,Male,>50K
42,9,50,Male,<=50K
49,14,40,Male,>50K
30,9,45,Male,<=50K
47,3,40,Male,<=50K
57,10,40,Female,<=50K
53,10,40,Female,<=50K
24,13,40,Male,<=50K
33,9,40,Male,>50K
57,9,60,Male,<=50K
20,9,50,Male,<=50K
34,9,30,Male,<=50K
47,9,40,Male,<=50K
47,10,40,Female,<=50K
57,9,38,Female,<=50K
49,9,70,Male,<=50K
42,9,40,Male,<=50K
39,13,63,Female,<=50K
51,3,44,Male,>50K
61,9,40,Male,>50K
42,9,40,Male,<=50K
65,9,55,Male,<=50K
50,9,40,Male,<=50K
51,14,47,Male,>50K
25,6,40,Male,<=50K
44,7,40,Female,<=50K
28,12,40,Female,<=50K
27,11,38,Female,<=50K
48,10,40,Male,<=50K
44,9,40,Male,<=50K
28,9,40,Male,>50K
65,9,40,Female,<=50K
33,9,32,Female,<=50K
24,7,40,Male,<=50K
55,12,60,Male,<=50K
23,10,40,Female,<=50K
60,12,40,Male,<=50K
44,14,50,Male,>50K
73,9,3,Female,<=50K
32,11,43,Female,<=50K
52,2,50,Male,<=50K
36,9,45,Male,>50K
48,9,60,Male,<=50K
36,11,40,Male,<=50K
32,9,2,Female,>50K
34,9,49,Male,<=50K
39,13,35,Male,>50K
36,13,40,Female,<=50K
29,9,40,Male,<=50K
59,9,40,Male,>50K
28,9,40,Male,<=50K
30,9,40,Female,<=50K
25,10,37,Female,>50K
31,9,52,Male,<=50K
30,14,40,Female,<=50K
36,9,37,Female,<=50K
20,5,30,Male,<=50K
20,10,40,Female,<=50K
33,13,40,Male,<=50K
44,14,44,Male,>50K
27,13,40,Female,<=50K
63,12,40,Male,>50K
35,13,70,Male,>50K
26,10,40,Male,<=50K
28,9,50,Male,<=50K
50,10,50,Male,>50K
23,10,35,Male,<=50K
35,9,50,Male,<=50K
33,8,40,Male,<=50K
25,10,30,Male,<=50K
61,9,40,Male,<=50K
55,10,40,Male,>50K
20,9,40,Male,<=50K
35,10,40,Male,<=50K
39,12,50,Female,>50K
39,13,55,Male,<=50K
51,14,40,Male,>50K
33,11,45,Male,<=50K
49,7,60,Female,<=50K
24,13,39,Male,<=50K
30,9,25,Female,<=50K
59,8,35,Male,<=50K
29,10,40,Male,<=50K
33,9,50,Male,>50K
60,9,99,Female,<=50K
53,4,40,Male,<=50K
39,12,42,Male,<=50K
30,15,45,Female,<=50K
37,9,45,Male,>50K
44,10,45,Female,>50K
51,14,80,Male,>50K
28,9,48,Male,<=50K
34,9,45,Male,<=50K
42,15,80,Male,>50K
28,14,40,Female,<=50K
55,10,50,Male,<=50K
41,13,10,Female,>50K
22,5,40,Female,<=50K
47,7,40,Male,<=50K
28,12,5,Male,<=50K
44,10,40,Male,<=50K
36,9,45,Male,<=50K
54,6,40,Female,<=50K
55,9,65,Male,<=50K
41,10,40,Female,<=50K
61,9,24,Male,<=50K
45,8,40,Male,<=50K
60,11,40,Male,>50K
35,10,40,Female,<=50K
19,9,25,Female,<=50K
53,10,60,Male,<=50K
17,8,10,Male,<=50K
37,7,25,Male,<=50K
36,13,32,Female,<=50K
42,14,38,Male,>50K
41,9,50,Male,<=50K
62,14,35,Male,<=50K
59,14,50,Male,<=50K
27,7,35,Male,<=50K
57,13,10,Male,<=50K
42,16,50,Male,<=50K
49,4,40,Male,<=50K
45,8,40,Male,<=50K
42,5,40,Male,<=50K
38,15,70,Male,>50K
32,13,20,Female,>50K
56,10,35,Female,>50K
21,11,40,Female,<=50K
33,9,32,Male,<=50K
36,9,50,Male,>50K
30,9,50,Male,<=50K
49,9,55,Female,<=50K
22,10,30,Female,<=50K
46,11,40,Female,<=50K
25,9,70,Male,<=50K
63,13,50,Male,>50K
17,6,20,Female,<=50K
44,4,55,Female,<=50K
25,9,40,Male,<=50K
31,10,40,Male,<=50K
29,9,40,Male,<=50K
43,9,40,Male,>50K
23,13,22,Male,<=50K
49,9,40,Female,<=50K
31,10,40,Female,<=50K
29,15,70,Female,<=50K
48,9,16,Female,<=50K
54,14,40,Male,>50K
55,5,30,Male,<=50K
40,10,40,Female,<=50K
57,9,45,Male,<=50K
37,9,40,Male,<=50K
43,4,40,Male,<=50K
49,15,60,Male,>50K
35,10,40,Male,>50K
34,9,48,Female,<=50K
44,11,40,Male,>50K
46,12,36,Female,<=50K
41,16,30,Male,<=50K
45,13,50,Female,<=50K
21,9,50,Male,<=50K
19,10,20,Male,<=50K
18,9,3,Male,<=50K
25,13,40,Female,<=50K
37,9,56,Male,<=50K
23,13,30,Female,<=50K
22,9,40,Male,<=50K
17,6,15,Male,<=50K
52,10,40,Male,>50K
26,10,45,Male,<=50K
65,6,64,Male,<=50K
26,9,20,Male,<=50K
38,13,40,Male,<=50K
39,11,40,Female,<=50K
29,16,50,Male,>50K
48,14,40,Female,<=50K
25,8,40,Male,<=50K
36,10,56,Male,<=50K
22,13,15,Female,<=50K
32,9,55,Male,>50K
43,10,40,Male,<=50K
33,13,24,Female,<=50K
48,14,35,Male,>50K
67,11,24,Female,<=50K
37,14,60,Male,>50K
56,16,70,Male,>50K
58,10,40,Female,<=50K
50,9,40,Male,<=50K
67,13,20,Male,<=50K
28,10,54,Male,<=50K
41,9,40,Male,<=50K
38,9,40,Male,<=50K
29,11,40,Male,<=50K
55,9,45,Female,<=50K
25,13,40,Female,>50K
30,9,40,Male,<=50K
66,9,24,Female,<=50K
20,10,40,Male,<=50K
44,14,40,Male,>50K
31,9,40,Female,<=50K
67,13,8,Male,>50K
55,10,40,Male,<=50K
35,14,50,Male,>50K
17,5,45,Male,<=50K
28,7,40,Female,<=50K
51,13,40,Male,>50K
31,9,54,Male,<=50K
53,9,40,Female,<=50K
52,9,38,Female,<=50K
21,9,30,Female,<=50K
22,9,50,Male,<=50K
20,6,30,Female,<=50K
24,9,40,Female,<=50K
21,11,40,Male,<=50K
23,9,20,Male,<=50K
36,9,25,Male,>50K
33,13,50,Female,<=50K
71,16,10,Male,>50K
40,10,40,Male,<=50K
27,16,40,Female,<=50K
31,9,75,Male,<=50K
25,12,45,Male,>50K
68,13,40,Male,>50K
42,9,30,Male,>50K
28,10,40,Female,<=50K
55,10,50,Male,>50K
32,10,40,Male,>50K
44,9,38,Female,<=50K
46,15,55,Female,>50K
40,9,45,Male,>50K
36,9,50,Male,<=50K
34,10,75,Male,<=50K
35,13,40,Male,>50K
34,10,40,Male,>50K
42,11,60,Female,<=50K
19,9,40,Male,<=50K
20,10,20,Female,<=50K
43,9,40,Male,<=50K
35,9,40,Female,<=50K
35,9,40,Male,<=50K
43,10,40,Male,>50K
34,9,40,Male,<=50K
46,12,40,Male,>50K
25,9,84,Male,>50K
26,9,40,Female,<=50K
47,9,40,Male,>50K
46,13,35,Male,>50K
44,7,60,Female,<=50K
69,12,15,Male,>50K
74,9,20,Male,<=50K
31,9,40,Female,<=50K
58,9,40,Male,<=50K
36,10,40,Male,<=50K
43,13,40,Male,>50K
19,9,40,Male,<=50K
30,10,50,Male,<=50K
21,11,40,Male,<=50K
45,9,44,Male,>50K
19,10,40,Male,<=50K
60,6,10,Female,<=50K
20,10,15,Female,<=50K
43,12,40,Female,<=50K
46,13,70,Female,<=50K
35,13,50,Male,>50K
21,9,40,Female,<=50K
41,16,50,Male,>50K
47,9,20,Female,<=50K
90,9,40,Male,<=50K
52,14,40,Male,<=50K
36,9,40,Male,>50K
32,11,40,Male,<=50K
24,10,40,Male,<=50K
19,10,35,Female,<=50K
26,13,45,Female,<=50K
42,10,40,Female,<=50K
47,10,50,Male,>50K
29,7,42,Male,<=50K
38,9,40,Male,<=50K
30,11,52,Female,<=50K
42,11,30,Female,<=50K
43,10,40,Female,<=50K
24,10,25,Male,<=50K
53,14,40,Female,<=50K
34,13,40,Male,<=50K
29,9,40,Male,<=50K
58,4,35,Male,<=50K
56,10,50,Female,>50K
34,13,40,Male,>50K
62,12,40,Female,<=50K
28,4,40,Female,<=50K
20,10,28,Female,<=50K
41,11,40,Male,>50K
49,9,35,Female,<=50K
22,9,20,Male,<=50K
36,9,40,Male,<=50K
19,10,30,Female,<=50K
63,9,40,Male,>50K
17,8,35,Male,<=50K
50,13,45,Male,<=50K
37,10,52,Male,<=50K
19,9,40,Male,<=50K
34,9,40,Male,<=50K
54,4,30,Male,<=50K
39,9,38,Female,<=50K
20,10,25,Male,<=50K
22,9,25,Male,<=50K
60,9,40,Female,<=50K
45,9,40,Male,<=50K
65,10,40,Male,<=50K
41,9,40,Male,<=50K
53,9,38,Female,<=50K
43,10,50,Male,>50K
30,13,50,Male,>50K
31,16,99,Male,>50K
32,9,50,Female,>50K
49,16,50,Male,>50K
54,9,40,Female,<=50K
32,10,60,Male,<=50K
31,13,40,Male,<=50K
25,9,40,Female,<=50K
37,9,45,Male,<=50K
53,9,40,Male,<=50K
37,9,40,Male,<=50K
19,8,40,Female,>50K
35,10,40,Male,<=50K
70,4,40,Male,<=50K
54,9,45,Male,<=50K
19,9,20,Male,<=50K
19,9,40,Male,<=50K
49,9,40,Male,<=50K
23,13,52,Female,<=50K
32,11,40,Male,<=50K
43,7,60,Male,<=50K
37,11,45,Male,>50K
63,9,40,Male,<=50K
37,10,50,Male,>50K
23,9,16,Female,<=50K
51,9,45,Male,<=50K
28,9,40,Male,<=50K
52,10,20,Female,>50K
43,11,36,Female,<=50K
19,7,20,Male,<=50K
26,9,40,Male,<=50K
31,9,30,Male,<=50K
55,9,40,Female,<=50K
51,13,40,Male,>50K
44,14,40,Female,<=50K
40,13,40,Male,>50K
46,9,50,Male,<=50K
24,9,20,Male,<=50K
37,12,50,Male,<=50K
23,10,40,Male,<=50K
59,4,40,Male,<=50K
37,9,45,Male,>50K
26,9,12,Female,<=50K
17,6,20,Male,<=50K
53,13,40,Male,>50K
43,2,70,Male,<=50K
29,7,45,Male,<=50K
25,13,40,Male,<=50K
43,9,26,Female,<=50K
33,9,40,Male,<=50K
29,12,40,Female,<=50K
50,13,50,Female,>50K
71,15,16,Male,<=50K
31,11,40,Female,<=50K
44,10,44,Male,>50K
34,10,66,Male,<=50K
50,15,36,Male,>50K
53,9,48,Female,<=50K
44,14,40,Male,<=50K
21,9,40,Male,<=50K
18,8,45,Female,<=50K
31,10,36,Female,<=50K
27,13,40,Female,<=50K
43,10,40,Male,<=50K
49,9,40,Male,<=50K
50,16,60,Female,>50K
33,14,45,Male,<=50K
55,4,40,Male,<=50K
41,9,40,Female,<=50K
21,9,40,Male,<=50K
29,13,40,Male,<=50K
44,10,45,Male,>50K
34,9,55,Male,>50K
26,7,40,Male,<=50K
62,13,40,Female,>50K
19,11,40,Female,<=50K
43,13,40,Female,<=50K
37,9,40,Male,<=50K
39,9,50,Female,<=50K
24,13,40,Female,<=50K
23,13,40,Female,<=50K
32,10,50,Male,<=50K
35,13,40,Male,>50K
56,9,40,Male,<=50K
69,10,45,Male,>50K
40,14,65,Male,>50K
30,9,40,Male,<=50K
22,10,40,Male,<=50K
56,13,45,Male,<=50K
35,9,45,Male,<=50K
21,9,40,Male,<=50K
48,10,65,Male,>50K
50,6,40,Male,>50K
23,10,30,Female,<=50K
48,9,30,Female,<=50K
30,11,45,Male,<=50K
50,14,30,Female,<=50K
27,10,46,Male,<=50K
20,9,20,Male,<=50K
56,10,40,Female,<=50K
56,3,40,Male,<=50K
38,9,42,Male,>50K
59,13,4,Male,<=50K
48,10,50,Male,>50K
66,9,3,Female,<=50K
37,9,44,Male,>50K
26,7,40,Male,<=50K
44,9,40,Male,<=50K
35,9,40,Male,<=50K
50,13,20,Male,<=50K
55,5,40,Male,<=50K
20,10,12,Male,<=50K
23,9,40,Male,<=50K
30,13,45,Male,<=50K
27,11,40,Female,<=50K
38,9,48,Male,<=50K
43,13,50,Male,>50K
29,10,40,Male,<=50K
41,9,25,Male,<=50K
32,13,40,Male,<=50K
40,14,50,Male,>50K
39,13,40,Female,<=50K
64,14,35,Female,<=50K
36,6,40,Female,<=50K
38,9,40,Male,<=50K
36,10,45,Male,<=50K
33,11,40,Male,<=50K
64,13,45,Male,>50K
29,9,40,Female,<=50K
49,10,40,Male,<=50K
72,9,42,Male,<=50K
38,9,40,Male,<=50K
38,7,40,Male,<=50K
45,13,40,Male,<=50K
34,13,50,Male,>50K
36,9,47,Female,<=50K
46,9,25,Female,<=50K
36,16,35,Male,<=50K
35,9,40,Male,<=50K
31,10,25,Female,<=50K
46,6,40,Male,<=50K
27,9,40,Female,<=50K
51,14,38,Male,>50K
41,13,40,Male,<=50K
26,9,65,Male,<=50K
44,13,40,Male,<=50K
39,9,40,Male,<=50K
66,9,40,Male,<=50K
59,10,40,Male,>50K
58,13,70,Male,>50K
27,9,40,Male,<=50K
24,11,38,Female,<=50K
43,14,40,Female,<=50K
25,9,30,Male,<=50K
38,9,40,Male,<=50K
25,13,46,Male,<=50K
44,13,55,Male,>50K
59,14,15,Male,<=50K
44,13,50,Male,>50K
36,10,40,Female,<=50K
28,9,48,Male,<=50K
17,7,40,Male,<=50K
52,13,50,Male,>50K
29,9,40,Female,>50K
48,10,32,Female,<=50K
50,13,40,Male,<=50K
45,9,40,Male,>50K
19,9,70,Male,<=50K
49,10,90,Female,<=50K
19,9,8,Female,<=50K
39,15,31,Male,>50K
47,9,45,Male,<=50K
54,9,45,Male,<=50K
49,6,99,Male,<=50K
51,13,8,Male,<=50K
46,10,40,Male,<=50K
28,13,40,Male,<=50K
41,9,40,Male,>50K
19,7,24,Male,<=50K
62,5,40,Female,<=50K
36,9,40,Male,<=50K
55,9,40,Male,>50K
38,13,40,Male,>50K
25,13,60,Male,<=50K
49,9,40,Female,<=50K
29,9,50,Male,<=50K
25,13,40,Male,<=50K
28,9,20,Female,<=50K
28,10,40,Female,<=50K
24,7,40,Female,<=50K
48,10,40,Male,<=50K
47,13,44,Male,>50K
25,9,25,Female,<=50K
38,10,48,Male,>50K
25,10,40,Male,>50K
32,9,40,Female,<=50K
46,10,40,Male,>50K
47,11,40,Female,<=50K
55,14,60,Male,>50K
34,12,40,Female,<=50K
23,9,30,Female,<=50K
28,10,60,Female,<=50K
57,13,80,Male,<=50K
27,10,60,Male,<=50K
35,14,75,Male,<=50K
35,9,40,Male,<=50K
28,13,40,Male,>50K
31,9,18,Female,<=50K
18,10,40,Female,<=50K
17,3,48,Male,<=50K
72,15,20,Male,<=50K
18,7,15,Female,<=50K
38,9,40,Female,<=50K
36,7,43,Male,<=50K
31,10,35,Female,<=50K
39,13,6,Female,>50K
45,13,35,Female,>50K
31,9,50,Male,<=50K
58,6,40,Male,<=50K
44,9,40,Female,<=50K
46,9,40,Female,<=50K
22,12,20,Male,<=50K
27,9,70,Male,<=50K
33,13,40,Female,>50K
25,9,40,Male,>50K
37,10,40,Male,<=50K
41,14,40,Male,<=50K
28,9,40,Female,<=50K
21,11,60,Female,<=50K
48,13,40,Male,<=50K
47,10,40,Male,<=50K
43,10,40,Male,<=50K
45,15,40,Female,<=50K
41,14,40,Male,>50K
50,10,45,Male,>50K
20,9,40,Female,<=50K
35,9,40,Male,>50K
45,14,45,Male,>50K
35,10,40,Male,<=50K
23,13,40,Male,<=50K
48,12,45,Male,<=50K
73,9,15,Male,<=50K
39,9,40,Female,<=50K
44,11,40,Male,<=50K
61,4,70,Male,<=50K
33,9,40,Male,<=50K
36,13,40,Male,>50K
20,9,40,Female,<=50K
18,6,40,Male,<=50K
53,9,40,Male,>50K
18,6,20,Female,<=50K
18,10,10,Male,<=50K
68,4,20,Female,<=50K
47,11,50,Male,<=50K
36,9,40,Male,<=50K
30,14,47,Male,>50K
33,7,30,Male,<=50K
49,7,40,Male,<=50K
22,10,15,Female,<=50K
42,13,50,Male,>50K
57,9,55,Male,<=50K
44,10,40,Male,<=50K
45,9,28,Female,<=50K
46,9,50,Male,<=50K
49,9,50,Male,<=50K
36,9,40,Male,<=50K
34,9,50,Male,<=50K
29,10,40,Male,<=50K
23,7,40,Male,<=50K
35,9,65,Male,>50K
35,10,60,Male,<=50K
22,9,40,Female,<=50K
51,9,40,Female,<=50K
54,16,45,Male,>50K
39,11,40,Female,<=50K
29,13,47,Male,<=50K
52,10,40,Female,<=50K
56,16,50,Male,<=50K
26,10,40,Female,<=50K
38,9,46,Male,<=50K
40,13,45,Male,>50K
42,13,45,Male,>50K
70,5,45,Male,<=50K
33,9,40,Male,<=50K
36,13,48,Male,>50K
17,7,20,Male,<=50K
30,10,55,Male,<=50K
45,13,70,Male,>50K
25,10,60,Female,<=50K
24,9,40,Male,<=50K
44,3,40,Male,<=50K
42,9,40,Male,<=50K
37,13,32,Female,>50K
41,8,10,Female,<=50K
21,10,10,Female,<=50K
22,7,20,Female,<=50K
51,9,40,Female,<=50K
31,9,40,Female,>50K
41,13,35,Male,>50K
28,10,40,Male,<=50K
63,10,45,Male,<=50K
28,9,45,Male,>50K
23,10,40,Male,<=50K
46,8,40,Male,>50K
22,10,40,Female,<=50K
19,9,35,Female,<=50K
55,9,18,Female,<=50K
58,12,40,Male,>50K
35,6,50,Male,<=50K
28,9,10,Female,<=50K
45,9,35,Female,<=50K
19,9,25,Female,<=50K
55,13,60,Male,>50K
67,10,4,Female,<=50K
67,2,20,Female,<=50K
47,9,55,Male,>50K
21,10,45,Male,<=50K
23,10,40,Male,<=50K
18,9,28,Female,<=50K
22,10,40,Female,>50K
38,9,40,Male,<=50K
46,9,40,Male,>50K
53,9,45,Male,<=50K
31,13,40,Female,<=50K
61,10,25,Male,<=50K
40,9,35,Female,<=50K
22,10,30,Male,<=50K
29,9,40,Female,<=50K
41,13,45,Male,>50K
57,10,40,Male,<=50K
39,13,30,Female,>50K
63,9,45,Male,<=50K
35,9,60,Male,<=50K
62,14,40,Male,>50K
42,13,60,Male,>50K
41,10,40,Male,<=50K
30,13,15,Female,<=50K
19,9,52,Female,<=50K
49,7,40,Male,<=50K
26,7,36,Female,<=50K
45,10,40,Male,<=50K
61,3,37,Female,<=50K
21,9,40,Male,<=50K
41,14,60,Male,>50K
32,13,40,Female,<=50K
55,10,40,Male,>50K
35,9,60,Male,>50K
36,11,50,Male,>50K
38,13,40,Female,<=50K
41,9,40,Female,<=50K
54,13,50,Male,<=50K
27,10,40,Female,<=50K
48,16,45,Male,>50K
21,10,35,Female,<=50K
63,10,60,Male,>50K
21,6,50,Male,<=50K
32,9,55,Male,<=50K
24,13,40,Female,<=50K
80,10,20,Female,<=50K
42,13,45,Male,<=50K
38,14,40,Female,<=50K
56,8,40,Male,<=50K
26,10,40,Male,<=50K
19,6,40,Male,<=50K
41,9,40,Male,<=50K
57,9,30,Female,<=50K
56,10,40,Female,<=50K
19,9,40,Female,<=50K
35,11,40,Male,<=50K
35,14,40,Male,>50K
27,6,60,Male,<=50K
38,9,60,Male,<=50K
49,13,40,Male,>50K
23,12,40,Female,<=50K
41,10,40,Male,>50K
21,6,36,Male,<=50K
39,9,42,Male,<=50K
33,6,40,Male,<=50K
24,10,40,Female,<=50K
43,9,20,Male,<=50K
55,9,40,Male,<=50K
25,9,40,Male,<=50K
64,10,35,Male,<=50K
38,10,50,Male,<=50K
24,13,40,Female,<=50K
18,10,8,Male,<=50K
19,10,35,Male,<=50K
25,9,40,Male,<=50K
22,9,45,Male,<=50K
21,9,40,Male,<=50K
46,7,40,Female,<=50K
47,7,50,Male,<=50K
24,9,40,Male,<=50K
66,15,20,Male,<=50K
27,2,40,Female,<=50K
43,10,40,Male,<=50K
56,10,40,Female,<=50K
32,14,40,Male,>50K
22,10,40,Female,<=50K
41,9,40,Male,<=50K
26,14,40,Male,>50K
49,9,48,Male,>50K
58,10,36,Female,<=50K
25,9,40,Male,<=50K
27,13,25,Male,<=50K
23,13,8,Female,<=50K
47,9,40,Female,<=50K
39,14,40,Male,<=50K
53,9,35,Male,>50K
27,10,40,Male,<=50K
36,14,40,Female,<=50K
25,9,35,Female,<=50K
35,9,40,Male,<=50K
25,7,40,Male,<=50K
61,10,40,Male,<=50K
68,4,10,Male,<=50K
25,9,40,Male,<=50K
27,5,40,Male,<=50K
34,13,40,Male,<=50K
26,9,45,Male,<=50K
33,7,49,Male,<=50K
53,13,50,Male,<=50K
36,9,40,Female,<=50K
31,9,55,Male,>50K
26,13,40,Male,>50K
68,14,24,Male,<=50K
58,10,45,Male,<=50K
23,9,40,Male,<=50K
33,13,40,Female,<=50K
51,9,40,Male,>50K
38,11,40,Male,>50K
19,10,40,Female,<=50K
33,9,40,Male,<=50K
61,9,45,Male,>50K
53,9,40,Female,>50K
22,7,30,Female,<=50K
52,9,40,Male,>50K
31,10,40,Female,<=50K
47,4,40,Male,<=50K
19,9,30,Male,<=50K
60,10,40,Male,>50K
28,13,40,Female,<=50K
31,13,40,Female,>50K
54,9,40,Male,<=50K
40,14,40,Male,>50K
31,15,70,Male,>50K
56,13,45,Female,<=50K
28,10,40,Female,>50K
28,7,30,Male,<=50K
40,10,84,Male,<=50K
43,14,60,Female,>50K
55,13,40,Female,<=50K
36,10,35,Female,<=50K
51,9,40,Male,>50K
32,7,55,Male,<=50K
44,16,40,Female,>50K
17,7,18,Male,<=50K
57,14,40,Male,>50K
30,9,40,Male,<=50K
41,13,40,Male,>50K
24,9,35,Female,<=50K
22,13,45,Female,<=50K
34,13,60,Male,>50K
27,10,40,Female,<=50K
19,10,40,Female,<=50K
57,15,55,Male,>50K
60,10,15,Female,<=50K
32,10,40,Female,<=50K
28,12,40,Male,>50K
35,12,35,Female,>50K
30,9,40,Male,<=50K
39,9,60,Male,>50K
24,10,40,Male,<=50K
58,14,35,Male,<=50K
30,10,30,Female,<=50K
37,13,40,Male,>50K
62,13,60,Male,>50K
32,15,40,Male,>50K
54,9,40,Male,>50K
34,9,30,Male,<=50K
50,9,40,Female,<=50K
37,13,55,Male,>50K
45,10,40,Male,<=50K
37,10,40,Male,<=50K
59,13,40,Male,>50K
52,9,50,Male,<=50K
27,13,55,Male,>50K
42,10,40,Male,>50K
36,10,60,Female,<=50K
37,13,45,Male,<=50K
48,13,40,Male,>50K
25,9,40,Male,<=50K
33,10,4,Male,<=50K
34,11,55,Male,<=50K
27,13,30,Male,<=50K
23,10,16,Female,<=50K
30,9,40,Male,<=50K
28,10,44,Male,<=50K
36,14,50,Male,>50K
24,13,50,Female,<=50K
28,10,15,Female,<=50K
20,6,35,Male,<=50K
19,10,25,Female,<=50K
57,10,60,Male,>50K
32,13,40,Male,<=50K
28,11,60,Male,<=50K
46,9,80,Female,<=50K
57,10,60,Male,<=50K
30,9,40,Male,<=50K
28,9,36,Female,>50K
30,9,42,Male,<=50K
48,9,44,Male,>50K
29,7,60,Male,<=50K
45,9,90,Male,>50K
50,9,60,Male,<=50K
58,9,50,Male,<=50K
32,9,40,Male,<=50K
32,14,40,Male,>50K
24,9,40,Male,<=50K
27,10,40,Female,<=50K
20,10,35,Male,<=50K
52,6,50,Male,<=50K
41,9,40,Male,<=50K
55,7,30,Male,<=50K
32,5,40,Male,<=50K
49,13,40,Female,>50K
71,14,40,Female,<=50K
23,10,20,Female,<=50K
43,13,40,Male,>50K
39,9,70,Male,<=50K
46,13,40,Male,>50K
19,10,30,Male,<=50K
41,13,70,Female,<=50K
19,9,25,Female,<=50K
22,9,40,Male,<=50K
24,13,47,Male,<=50K
57,14,40,Male,>50K
34,13,50,Male,>50K
52,9,28,Female,<=50K
43,11,40,Male,<=50K
47,10,40,Male,<=50K
43,10,44,Female,<=50K
52,13,45,Male,>50K
33,13,50,Male,>50K
29,13,20,Female,<=50K
46,10,40,Male,<=50K
31,9,60,Female,<=50K
41,14,45,Male,>50K
67,16,20,Male,>50K
46,13,40,Male,<=50K
44,9,40,Male,<=50K
24,13,15,Male,<=50K
59,6,40,Male,<=50K
22,9,40,Male,<=50K
42,13,40,Male,<=50K
24,9,40,Male,<=50K
27,9,40,Female,<=50K
22,9,40,Male,<=50K
44,9,40,Female,<=50K
42,9,40,Male,<=50K
24,9,40,Male,<=50K
40,13,40,Female,<=50K
29,11,40,Female,<=50K
41,14,35,Female,<=50K
51,9,40,Male,>50K
35,10,45,Male,<=50K
51,13,55,Male,>50K
48,13,55,Male,>50K
41,10,40,Male,>50K
40,9,40,Male,<=50K
24,9,40,Female,<=50K
26,10,40,Female,<=50K
37,10,18,Female,<=50K
32,10,40,Male,<=50K
41,14,60,Male,>50K
42,13,40,Male,>50K
25,9,40,Male,<=50K
44,13,48,Male,<=50K
46,9,35,Male,<=50K
38,9,99,Male,>50K
25,4,45,Male,<=50K
46,6,99,Male,>50K
48,6,30,Male,<=50K
33,9,60,Male,<=50K
28,9,40,Male,<=50K
68,9,15,Male,<=50K
53,8,56,Male,<=50K
46,9,44,Male,<=50K
36,13,40,Female,<=50K
35,9,60,Male,<=50K
60,10,38,Male,<=50K
71,15,2,Male,<=50K
24,13,20,Female,<=50K
38,15,45,Female,<=50K
17,6,40,Male,<=50K
36,7,40,Male,>50K
53,13,40,Female,<=50K
27,11,40,Male,<=50K
50,13,40,Male,>50K
65,10,38,Female,<=50K
48,14,44,Female,<=50K
30,7,45,Male,<=50K
33,6,40,Male,<=50K
23,13,50,Female,<=50K
27,13,40,Female,<=50K
37,9,40,Male,<=50K
23,10,32,Male,<=50K
24,13,40,Male,<=50K
38,9,45,Female,<=50K
30,9,40,Male,<=50K
34,13,40,Male,>50K
23,10,16,Female,<=50K
58,14,27,Female,<=50K
31,16,90,Female,<=50K
26,13,40,Male,<=50K
43,10,50,Male,<=50K
18,7,16,Male,<=50K
70,9,8,Female,<=50K
38,3,48,Male,<=50K
30,13,70,Male,<=50K
22,11,20,Female,<=50K
54,13,40,Male,>50K
46,13,45,Male,<=50K
38,13,40,Male,<=50K
23,10,40,Female,<=50K
52,9,40,Male,<=50K
41,9,45,Female,<=50K
42,13,45,Male,>50K
39,9,45,Male,>50K
36,11,54,Female,<=50K
40,10,55,Male,>50K
17,7,32,Female,<=50K
27,13,40,Female,<=50K
32,7,40,Male,>50K
56,9,40,Male,<=50K
37,9,40,Male,>50K
34,10,45,Male,<=50K
37,9,50,Male,<=50K
64,7,48,Male,<=50K
30,9,30,Male,<=50K
56,10,38,Female,<=50K
62,9,18,Male,<=50K
41,13,40,Male,<=50K
53,13,50,Female,<=50K
26,9,40,Female,<=50K
41,12,50,Female,<=50K
44,10,40,Male,<=50K
42,11,45,Male,<=50K
28,9,40,Male,<=50K
67,7,8,Male,<=50K
29,12,40,Male,<=50K
23,10,20,Female,<=50K
20,9,40,Male,<=50K
41,9,40,Female,<=50K
19,8,40,Male,<=50K
59,15,40,Male,<=50K
52,10,72,Male,>50K
21,10,3,Female,<=50K
48,11,40,Male,<=50K
46,10,45,Male,<=50K
27,3,40,Female,<=50K
39,9,40,Male,<=50K
28,10,40,Male,<=50K
23,9,40,Female,<=50K
33,13,45,Male,<=50K
21,10,30,Male,<=50K
55,11,50,Male,>50K
26,10,40,Male,<=50K
35,11,40,Female,<=50K
19,10,36,Female,<=50K
26,13,42,Male,<=50K
47,13,50,Male,>50K
37,10,50,Male,<=50K
30,12,25,Female,<=50K
28,11,40,Female,<=50K
19,10,40,Female,<=50K
26,10,40,Female,<=50K
18,9,20,Female,<=50K
18,7,5,Male,<=50K
25,9,40,Male,<=50K
47,10,40,Male,<=50K
35,14,38,Female,>50K
52,10,40,Male,<=50K
56,9,40,Male,>50K
37,13,50,Female,<=50K
23,9,30,Female,<=50K
22,10,30,Male,<=50K
33,10,50,Female,<=50K
63,5,16,Male,<=50K
48,10,40,Male,>50K
22,10,40,Male,<=50K
27,9,40,Male,<=50K
90,13,10,Female,<=50K
35,9,40,Female,<=50K
27,10,40,Male,<=50K
26,10,45,Male,<=50K
42,13,50,Female,<=50K
31,7,42,Female,<=50K
29,13,50,Female,>50K
53,9,40,Female,<=50K
36,13,40,Male,>50K
73,11,32,Female,<=50K
27,10,40,Male,>50K
30,9,40,Male,<=50K
25,13,40,Male,>50K
53,12,40,Male,>50K
24,10,40,Male,<=50K
21,10,20,Male,<=50K
54,9,35,Female,<=50K
53,12,45,Male,>50K
43,13,40,Male,>50K
40,13,48,Male,<=50K
32,9,65,Male,<=50K
19,10,40,Female,<=50K
24,13,20,Male,<=50K
41,10,48,Male,>50K
18,10,20,Female,<=50K
43,10,40,Male,<=50K
33,10,54,Male,>50K
56,13,50,Female,<=50K
42,10,50,Female,>50K
27,9,40,Female,<=50K
17,7,12,Female,<=50K
39,8,50,Male,<=50K
34,10,48,Male,<=50K
34,13,40,Female,<=50K
33,6,40,Male,<=50K
42,6,40,Male,<=50K
31,13,55,Male,>50K
37,5,70,Male,>50K
60,9,45,Male,<=50K
38,13,48,Male,>50K
18,9,20,Male,<=50K
40,10,40,Male,<=50K
38,13,50,Male,>50K
48,9,40,Male,<=50K
25,13,40,Female,<=50K
90,9,40,Male,<=50K
21,9,32,Male,<=50K
50,14,60,Male,>50K
23,10,26,Female,<=50K
54,14,45,Male,>50K
24,10,33,Male,<=50K
38,10,40,Female,<=50K
37,6,40,Male,<=50K
27,7,40,Female,<=50K
23,9,40,Male,<=50K
32,7,60,Male,>50K
28,11,50,Male,<=50K
32,11,50,Female,<=50K
38,10,32,Female,<=50K
62,12,40,Male,>50K
20,10,36,Male,<=50K
43,13,50,Male,>50K
49,9,40,Male,<=50K
28,10,35,Male,<=50K
55,9,15,Male,<=50K
22,9,55,Male,<=50K
78,13,3,Male,<=50K
53,13,40,Male,>50K
60,10,54,Female,<=50K
33,13,50,Male,>50K
34,13,35,Female,<=50K
19,8,30,Male,<=50K
50,9,40,Male,<=50K
20,9,30,Female,<=50K
50,10,40,Male,>50K
21,9,40,Male,<=50K
31,16,40,Male,<=50K
22,10,48,Male,<=50K
19,7,19,Female,<=50K
27,9,37,Female,<=50K
39,10,40,Male,<=50K
51,6,40,Male,<=50K
21,9,30,Female,<=50K
58,9,40,Female,<=50K
25,6,40,Male,<=50K
27,13,40,Male,<=50K
52,13,45,Male,>50K
27,10,40,Male,<=50K
53,10,40,Female,<=50K
50,11,16,Female,<=50K
24,9,38,Male,<=50K
46,9,40,Male,<=50K
50,13,40,Female,<=50K
23,9,40,Female,<=50K
48,13,40,Male,>50K
42,10,40,Male,<=50K
23,10,48,Male,<=50K
42,9,25,Female,<=50K
71,9,52,Male,<=50K
21,10,35,Female,<=50K
25,10,40,Male,<=50K
33,10,37,Female,<=50K
45,13,40,Male,<=50K
56,9,38,Female,<=50K
38,10,60,Male,<=50K
47,12,40,Male,>50K
39,9,40,Male,<=50K
22,10,40,Male,<=50K
36,9,45,Male,<=50K
26,10,40,Male,<=50K
43,13,45,Male,>50K
27,13,36,Female,<=50K
36,13,40,Male,>50K
30,9,73,Male,>50K
38,13,40,Male,>50K
61,4,35,Male,<=50K
27,12,58,Female,<=50K
35,10,56,Male,<=50K
46,13,40,Female,<=50K
41,14,40,Male,>50K
34,4,40,Female,<=50K
28,13,40,Male,<=50K
25,10,40,Male,<=50K
65,10,22,Female,<=50K
31,11,40,Female,<=50K
43,9,40,Male,<=50K
73,13,12,Female,<=50K
48,13,44,Female,<=50K
53,13,57,Female,<=50K
39,9,40,Male,<=50K
42,15,50,Male,>50K
20,10,40,Male,<=50K
47,14,55,Male,>50K
66,7,40,Male,>50K
51,9,40,Female,<=50K
35,10,40,Male,>50K
56,10,40,Male,<=50K
32,10,40,Male,<=50K
28,13,40,Female,<=50K
54,9,15,Female,<=50K
56,14,40,Male,<=50K
52,13,38,Male,<=50K
71,9,36,Male,<=50K
18,7,20,Male,<=50K
25,13,65,Male,<=50K
23,10,15,Female,<=50K
34,15,50,Male,<=50K
38,13,50,Male,>50K
30,5,40,Male,<=50K
32,9,60,Male,<=50K
31,11,40,Male,<=50K
28,13,40,Male,<=50K
25,9,38,Female,<=50K
19,10,40,Female,<=50K
44,9,40,Male,>50K
49,14,50,Male,>50K
79,14,23,Female,<=50K
56,9,40,Male,>50K
20,10,40,Female,<=50K
65,14,40,Male,>50K
46,10,60,Male,>50K
32,10,50,Male,<=50K
22,10,20,Male,<=50K
39,8,40,Male,<=50K
37,9,50,Male,<=50K
33,7,20,Female,<=50K
19,9,42,Male,<=50K
54,10,40,Male,<=50K
20,9,40,Male,<=50K
32,8,60,Male,>50K
36,5,40,Female,<=50K
54,9,40,Male,<=50K
30,13,42,Male,<=50K
44,10,40,Male,<=50K
41,13,25,Female,>50K
60,13,40,Female,>50K
56,16,40,Male,>50K
58,10,40,Male,<=50K
77,9,20,Male,<=50K
29,9,45,Male,<=50K
49,5,40,Female,<=50K
19,9,40,Male,<=50K
37,10,39,Female,<=50K
29,10,48,Male,<=50K
28,10,40,Male,<=50K
26,9,40,Male,<=50K
43,10,40,Male,>50K
24,10,40,Female,<=50K
36,10,65,Female,<=50K
59,13,40,Male,>50K
35,10,60,Male,>50K
31,9,35,Female,<=50K
31,10,40,Female,<=50K
31,10,40,Male,>50K
20,9,40,Female,<=50K
47,9,40,Male,<=50K
39,9,54,Male,<=50K
33,14,50,Male,>50K
52,9,55,Male,>50K
47,5,50,Female,<=50K
45,6,40,Female,<=50K
28,13,40,Male,>50K
37,13,40,Male,>50K
31,10,40,Male,<=50K
35,9,60,Male,<=50K
19,10,50,Male,<=50K
42,9,30,Male,<=50K
19,9,45,Male,<=50K
33,5,40,Male,<=50K
47,9,65,Male,<=50K
24,7,40,Male,<=50K
17,6,20,Female,<=50K
36,13,40,Male,<=50K
27,13,15,Female,<=50K
82,3,20,Male,<=50K
37,9,60,Male,>50K
43,13,38,Male,<=50K
55,9,37,Female,<=50K
26,13,40,Male,<=50K
25,9,40,Male,<=50K
33,10,40,Male,<=50K
48,9,40,Female,<=50K
41,9,60,Male,<=50K
34,9,45,Male,<=50K
46,9,50,Male,<=50K
32,15,60,Male,>50K
36,10,40,Female,<=50K
27,9,70,Female,<=50K
41,10,40,Male,>50K
25,11,35,Male,<=50K
41,8,40,Male,<=50K
48,16,60,Female,>50K
25,10,22,Female,<=50K
33,8,40,Male,<=50K
52,9,50,Male,>50K
65,9,40,Female,<=50K
17,7,16,Female,<=50K
42,9,40,Male,<=50K
48,13,45,Male,>50K
19,9,16,Male,<=50K
43,9,40,Female,>50K
69,10,24,Female,<=50K
41,14,40,Female,>50K
58,9,60,Male,<=50K
24,13,40,Male,<=50K
52,8,40,Male,<=50K
54,14,1,Male,<=50K
23,10,25,Male,<=50K
32,13,50,Male,>50K
34,13,60,Male,>50K
50,9,40,Female,<=50K
32,13,45,Male,>50K
41,9,40,Male,>50K
18,7,30,Male,<=50K
33,15,40,Male,>50K
19,10,40,Female,<=50K
69,14,11,Male,<=50K
24,13,75,Female,<=50K
27,10,35,Male,<=50K
20,10,40,Male,<=50K
68,13,2,Female,<=50K
52,10,35,Male,<=50K
57,11,40,Male,>50K
22,10,40,Male,<=50K
36,9,35,Male,<=50K
21,10,40,Male,<=50K
22,10,35,Male,<=50K
42,9,28,Female,<=50K
34,13,36,Female,<=50K
17,6,20,Male,<=50K
23,10,38,Female,<=50K
32,9,42,Female,<=50K
39,10,40,Male,<=50K
44,13,40,Male,>50K
50,10,40,Female,<=50K
24,9,40,Male,<=50K
18,7,20,Male,<=50K
33,14,10,Female,>50K
47,9,45,Male,>50K
63,11,24,Female,<=50K
43,13,40,Male,>50K
38,10,40,Male,<=50K
28,10,60,Male,<=50K
29,6,40,Female,<=50K
42,9,25,Female,<=50K
52,7,40,Female,<=50K
43,10,40,Male,>50K
23,10,40,Male,>50K
45,12,40,Male,<=50K
24,10,40,Male,<=50K
37,9,42,Male,<=50K
27,10,50,Male,<=50K
33,9,40,Male,<=50K
25,13,40,Female,<=50K
43,9,45,Male,<=50K
27,10,40,Male,<=50K
59,10,36,Male,<=50K
24,10,24,Female,<=50K
63,9,40,Male,<=50K
76,5,25,Male,<=50K
38,10,40,Male,<=50K
42,12,46,Male,<=50K
35,10,60,Male,<=50K
20,9,2,Male,<=50K
20,10,25,Male,<=50K
29,13,45,Male,<=50K
28,11,40,Male,<=50K
60,5,35,Male,<=50K
35,13,55,Female,<=50K
19,10,35,Female,<=50K
17,6,20,Female,<=50K
40,9,32,Female,<=50K
35,9,40,Male,<=50K
33,11,40,Male,>50K
28,13,50,Male,<=50K
32,5,40,Male,<=50K
40,13,40,Male,<=50K
32,10,40,Female,<=50K
47,9,50,Female,<=50K
67,9,15,Female,<=50K
19,9,60,Male,<=50K
25,10,30,Female,<=50K
19,10,27,Female,<=50K
35,9,40,Male,<=50K
38,9,55,Male,>50K
18,6,40,Male,<=50K
65,9,59,Female,<=50K
55,14,18,Male,<=50K
26,9,25,Male,<=50K
25,9,40,Female,<=50K
29,13,50,Male,>50K
26,9,40,Male,<=50K
24,3,40,Male,<=50K
43,9,40,Male,>50K
36,10,40,Male,<=50K
41,9,40,Male,<=50K
17,5,40,Male,<=50K
32,9,40,Female,<=50K
24,9,35,Male,<=50K
24,8,40,Male,<=50K
69,10,25,Male,<=50K
58,9,10,Male,<=50K
34,9,60,Male,<=50K
29,9,40,Male,<=50K
30,13,43,Male,<=50K
55,4,50,Male,<=50K
34,10,40,Female,<=50K
41,13,40,Male,<=50K
44,9,40,Female,<=50K
38,7,40,Male,<=50K
66,9,35,Female,>50K
48,10,40,Male,<=50K
37,9,30,Male,<=50K
45,12,40,Male,>50K
34,12,40,Male,<=50K
31,9,40,Male,<=50K
50,9,40,Male,<=50K
53,9,40,Female,<=50K
25,13,40,Male,<=50K
49,13,55,Male,>50K
21,9,40,Female,<=50K
58,6,40,Male,<=50K
49,10,17,Male,<=50K
24,13,40,Female,<=50K
18,10,40,Male,<=50K
34,14,40,Female,<=50K
33,12,60,Male,<=50K
31,7,40,Male,>50K
39,13,40,Female,<=50K
46,9,28,Female,>50K
21,10,10,Male,<=50K
47,9,40,Male,<=50K
20,10,35,Female,<=50K
36,9,41,Male,<=50K
43,16,55,Male,>50K
35,12,40,Female,<=50K
46,16,52,Female,>50K
23,9,40,Female,<=50K
31,11,50,Male,<=50K
65,10,40,Female,<=50K
41,10,40,Female,<=50K
37,15,60,Male,>50K
25,13,35,Male,<=50K
20,9,40,Male,<=50K
40,13,40,Male,<=50K
27,9,62,Male,<=50K
23,9,55,Male,<=50K
46,10,48,Male,>50K
31,12,40,Female,<=50K
52,9,35,Male,<=50K
57,14,40,Male,>50K
44,14,35,Male,>50K
46,10,40,Male,<=50K
23,9,40,Male,<=50K
34,15,40,Male,>50K
40,9,30,Female,<=50K
71,4,45,Male,<=50K
23,7,40,Male,<=50K
29,9,40,Female,<=50K
56,10,20,Female,<=50K
36,11,40,Male,>50K
19,9,30,Male,<=50K
36,9,40,Male,>50K
27,11,60,Male,<=50K
51,13,55,Male,<=50K
29,9,40,Male,>50K
41,9,30,Female,<=50K
26,13,30,Male,<=50K
28,9,40,Female,<=50K
33,9,30,Female,<=50K
65,10,45,Female,<=50K
48,10,40,Male,<=50K
57,10,40,Female,<=50K
59,9,40,Female,<=50K
58,16,16,Male,>50K
60,9,8,Male,<=50K
42,10,45,Male,>50K
65,7,24,Male,<=50K
33,13,55,Female,>50K
34,13,55,Male,>50K
46,9,40,Male,<=50K
57,3,40,Male,<=50K
46,10,40,Male,>50K
25,9,40,Male,<=50K
50,7,40,Female,<=50K
45,10,43,Female,<=50K
63,10,40,Female,<=50K
59,10,12,Female,>50K
43,9,43,Male,<=50K
30,10,45,Male,>50K
56,9,40,Male,<=50K
51,9,80,Male,>50K
32,9,40,Male,<=50K
49,9,15,Female,<=50K
51,9,32,Female,<=50K
62,10,40,Male,<=50K
21,12,18,Female,<=50K
55,9,60,Male,<=50K
44,9,45,Male,<=50K
20,10,20,Male,<=50K
52,7,40,Male,<=50K
53,13,50,Male,<=50K
34,9,53,Male,>50K
59,9,38,Male,>50K
50,9,40,Male,<=50K
28,13,60,Female,<=50K
73,13,15,Female,<=50K
24,9,50,Male,<=50K
51,13,40,Female,<=50K
20,9,28,Male,<=50K
31,10,40,Male,>50K
56,5,40,Female,<=50K
37,9,40,Male,<=50K
22,9,35,Male,<=50K
81,4,2,Female,<=50K
19,9,40,Female,<=50K
69,13,45,Male,>50K
27,14,20,Male,<=50K
53,3,10,Female,<=50K
35,14,40,Male,<=50K
20,9,40,Male,<=50K
28,11,40,Female,<=50K
40,9,40,Male,<=50K
29,13,75,Male,<=50K
62,9,40,Male,<=50K
52,14,40,Male,>50K
28,10,30,Female,<=50K
29,13,52,Male,<=50K
37,9,46,Male,>50K
23,9,40,Male,<=50K
75,15,35,Male,<=50K
34,7,40,Male,<=50K
27,10,40,Male,<=50K
26,13,40,Male,<=50K
47,10,40,Female,<=50K
24,9,40,Male,<=50K
49,9,40,Male,<=50K
44,9,50,Female,>50K
51,9,40,Male,<=50K
41,9,40,Female,<=50K
43,13,42,Male,<=50K
43,9,40,Male,<=50K
24,10,30,Female,<=50K
46,3,40,Female,<=50K
41,13,40,Male,>50K
41,11,15,Female,>50K
28,10,30,Female,<=50K
32,9,40,Female,<=50K
37,15,55,Female,>50K
51,14,40,Male,>50K
59,5,50,Male,<=50K
21,9,40,Female,<=50K
58,13,38,Male,<=50K
34,8,25,Male,<=50K
19,9,40,Female,<=50K
27,9,40,Female,<=50K
40,13,30,Male,<=50K
41,13,50,Male,>50K
54,14,40,Male,>50K
50,14,40,Female,>50K
40,10,17,Female,>50K
25,12,37,Female,>50K
22,6,30,Female,<=50K
48,13,40,Male,>50K
34,11,40,Female,<=50K
52,9,45,Male,>50K
53,15,50,Female,>50K
39,11,40,Female,>50K
49,9,60,Male,<=50K
36,11,40,Female,<=50K
21,10,40,Female,<=50K
50,9,40,Female,<=50K
30,4,40,Male,<=50K
37,14,45,Female,<=50K
30,13,40,Male,<=50K
70,13,30,Female,<=50K
68,3,6,Male,<=50K
29,9,35,Female,<=50K
76,4,10,Male,<=50K
46,10,40,Male,<=50K
51,9,40,Male,>50K
45,13,40,Male,>50K
21,10,40,Male,<=50K
47,9,60,Male,>50K
30,9,40,Male,<=50K
42,9,40,Male,>50K
49,10,35,Male,<=50K
20,10,30,Female,<=50K
33,4,40,Male,<=50K
33,13,50,Male,>50K
50,9,60,Male,<=50K
32,9,50,Male,<=50K
35,14,40,Female,<=50K
25,13,40,Female,<=50K
35,10,40,Male,<=50K
40,9,40,Female,<=50K
30,9,40,Female,<=50K
21,9,40,Male,<=50K
29,13,40,Male,<=50K
30,11,40,Female,<=50K
30,14,45,Male,>50K
46,9,38,Male,<=50K
19,5,35,Male,<=50K
22,9,40,Male,<=50K
72,6,20,Female,<=50K
42,10,65,Male,<=50K
41,9,60,Male,<=50K
17,8,20,Male,<=50K
32,11,40,Male,<=50K
20,9,30,Female,<=50K
54,13,80,Female,>50K
23,9,40,Male,<=50K
33,9,40,Male,<=50K
43,9,48,Male,<=50K
30,14,44,Male,>50K
19,10,25,Female,<=50K
23,10,40,Male,<=50K
23,13,40,Male,<=50K
22,9,50,Male,<=50K
51,9,43,Female,<=50K
29,13,50,Male,>50K
39,10,25,Female,<=50K
72,4,45,Male,<=50K
55,10,40,Male,>50K
21,9,35,Male,<=50K
28,9,35,Male,<=50K
45,9,38,Female,<=50K
40,10,35,Female,<=50K
40,9,40,Male,<=50K
18,7,7,Male,<=50K
19,10,32,Female,<=50K
69,4,40,Female,<=50K
70,16,2,Male,>50K
56,10,40,Male,>50K
60,16,65,Female,>50K
24,9,40,Female,<=50K
51,9,40,Male,>50K
46,13,40,Male,<=50K
27,10,40,Male,<=50K
51,9,80,Male,<=50K
25,4,40,Male,<=50K
17,7,40,Male,<=50K
74,9,15,Male,<=50K
42,9,35,Female,<=50K
39,9,50,Female,<=50K
37,3,40,Female,<=50K
46,10,40,Female,>50K
44,10,45,Female,<=50K
24,9,40,Male,<=50K
46,9,40,Male,<=50K
32,10,25,Female,<=50K
42,13,45,Male,>50K
53,13,45,Male,<=50K
33,9,55,Male,>50K
18,7,10,Female,<=50K
58,14,35,Male,>50K
44,14,99,Male,<=50K
26,6,40,Male,<=50K
49,4,70,Male,<=50K
28,9,45,Male,<=50K
23,13,55,Male,<=50K
53,7,40,Female,<=50K
21,12,35,Female,<=50K
48,13,48,Male,>50K
57,10,40,Male,<=50K
45,10,20,Female,<=50K
47,4,40,Male,<=50K
41,9,40,Male,<=50K
77,4,40,Male,<=50K
34,13,37,Male,<=50K
47,14,38,Male,<=50K
37,10,40,Male,<=50K
26,6,75,Male,>50K
55,14,60,Male,<=50K
40,14,60,Male,<=50K
61,9,30,Male,>50K
41,9,25,Female,<=50K
31,13,40,Female,<=50K
24,9,44,Male,<=50K
46,13,50,Male,<=50K
18,9,30,Male,<=50K
32,9,42,Male,<=50K
59,12,40,Female,>50K
53,3,50,Female,<=50K
18,9,12,Female,<=50K
46,13,38,Male,>50K
47,13,65,Male,>50K
42,10,45,Male,>50K
24,10,40,Male,<=50K
25,9,40,Female,<=50K
26,10,45,Male,>50K
19,10,40,Female,<=50K
45,13,40,Male,>50K
32,3,60,Male,<=50K
52,9,40,Male,<=50K
50,10,39,Female,<=50K
28,12,40,Female,<=50K
55,14,50,Male,>50K
56,8,40,Female,<=50K
28,7,40,Male,<=50K
80,9,30,Male,<=50K
29,10,40,Female,<=50K
41,10,40,Male,>50K
31,10,40,Male,<=50K
30,13,72,Male,>50K
64,10,40,Female,>50K
26,13,40,Male,<=50K
40,13,50,Male,>50K
62,10,40,Male,<=50K
51,4,40,Male,<=50K
26,9,44,Male,<=50K
18,9,28,Female,<=50K
36,9,40,Male,>50K
19,10,20,Female,<=50K
28,10,25,Female,<=50K
33,13,50,Female,>50K
47,13,40,Female,<=50K
36,9,50,Male,<=50K
40,5,40,Male,<=50K
52,12,30,Female,<=50K
42,10,40,Male,<=50K
56,13,40,Male,>50K
22,10,35,Female,<=50K
33,9,40,Male,<=50K
43,9,40,Male,>50K
52,9,40,Female,<=50K
30,13,60,Male,<=50K
24,9,37,Female,<=50K
27,10,50,Male,<=50K
34,9,40,Male,<=50K
36,11,37,Male,<=50K
47,5,40,Female,<=50K
36,9,40,Female,<=50K
45,13,51,Male,<=50K
32,9,40,Female,>50K
40,12,40,Male,<=50K
37,10,41,Female,<=50K
31,10,40,Female,<=50K
47,14,45,Male,<=50K
33,13,35,Male,<=50K
51,5,40,Male,<=50K
44,14,50,Male,>50K
37,9,40,Male,<=50K
56,13,65,Male,>50K
32,10,40,Male,<=50K
48,6,70,Male,<=50K
51,14,42,Male,>50K
19,9,16,Female,<=50K
36,13,40,Female,<=50K
61,3,40,Male,<=50K
61,10,40,Male,<=50K
23,13,40,Male,<=50K
33,9,40,Male,<=50K
30,13,20,Female,<=50K
50,14,50,Male,>50K
38,15,99,Male,>50K
35,13,40,Male,<=50K
42,9,40,Male,<=50K
25,5,45,Male,<=50K
41,12,50,Female,<=50K
46,10,40,Male,<=50K
41,11,40,Male,>50K
42,9,48,Male,>50K
60,9,30,Male,<=50K
19,10,16,Female,<=50K
23,10,45,Male,<=50K
51,9,38,Female,<=50K
26,9,40,Female,<=50K
18,6,40,Male,<=50K
58,9,50,Male,<=50K
33,9,32,Female,<=50K
38,10,50,Male,<=50K
24,4,50,Male,<=50K
66,9,8,Female,<=50K
29,10,30,Female,<=50K
44,10,55,Female,<=50K
32,11,50,Male,<=50K
26,9,40,Male,<=50K
35,10,45,Male,<=50K
44,9,84,Male,<=50K
40,9,40,Male,<=50K
33,13,45,Female,<=50K
27,10,50,Male,<=50K
42,11,40,Male,<=50K
36,11,40,Male,<=50K
56,10,40,Female,<=50K
73,9,25,Female,<=50K
21,10,40,Male,<=50K
61,1,40,Male,<=50K
53,14,65,Male,>50K
45,6,40,Male,<=50K
19,9,40,Female,<=50K
50,14,35,Female,<=50K
30,9,40,Female,<=50K
59,13,40,Male,<=50K
58,14,50,Male,>50K
46,2,40,Male,<=50K
22,9,40,Female,<=50K
58,2,38,Male,<=50K
41,10,45,Male,>50K
50,9,84,Male,>50K
22,10,40,Male,<=50K
49,13,50,Male,>50K
23,9,40,Male,<=50K
22,10,40,Female,<=50K
32,11,40,Female,<=50K
35,10,40,Female,<=50K
51,9,20,Female,<=50K
41,9,40,Female,<=50K
38,10,40,Female,<=50K
32,2,21,Male,<=50K
40,9,40,Male,<=50K
23,10,40,Female,<=50K
34,9,55,Male,<=50K
31,9,40,Male,<=50K
33,11,40,Female,<=50K
42,15,60,Male,>50K
39,13,40,Male,<=50K
37,13,35,Female,<=50K
34,12,40,Male,<=50K
47,9,30,Female,>50K
23,7,40,Female,<=50K
53,9,40,Female,<=50K
35,5,50,Male,<=50K
31,10,10,Female,<=50K
33,5,50,Male,<=50K
48,15,70,Male,>50K
39,10,40,Male,>50K
57,6,48,Male,<=50K
19,10,30,Male,<=50K
41,9,40,Female,<=50K
22,10,35,Male,<=50K
38,14,45,Male,>50K
48,11,10,Female,<=50K
73,9,15,Female,<=50K
56,9,40,Female,<=50K
49,14,40,Male,<=50K
37,9,40,Male,<=50K
20,9,60,Male,<=50K
58,10,45,Male,>50K
34,13,20,Male,<=50K
69,9,33,Male,<=50K
37,10,50,Male,>50K
54,9,65,Male,<=50K
19,10,84,Male,<=50K
35,14,48,Male,<=50K
44,10,40,Male,<=50K
24,9,40,Male,<=50K
59,9,40,Female,<=50K
39,10,25,Male,<=50K
25,13,25,Female,<=50K
29,10,50,Male,<=50K
39,9,60,Male,<=50K
48,13,35,Male,>50K
42,10,40,Female,<=50K
62,9,30,Male,<=50K
61,9,38,Female,>50K
44,9,40,Male,<=50K
49,13,60,Male,>50K
33,9,38,Female,<=50K
56,9,40,Female,<=50K
39,13,50,Male,>50K
38,13,50,Male,<=50K
38,14,40,Male,>50K
21,10,22,Female,<=50K
22,7,38,Female,<=50K
65,11,40,Female,<=50K
30,9,40,Male,<=50K
63,13,35,Male,<=50K
38,11,40,Male,>50K
30,9,40,Male,<=50K
35,13,40,Male,<=50K
53,4,40,Male,<=50K
51,13,50,Male,>50K
22,7,40,Male,<=50K
41,9,40,Female,<=50K
18,9,40,Male,<=50K
55,13,8,Female,<=50K
54,9,50,Male,>50K
52,9,40,Male,<=50K
33,10,50,Male,<=50K
24,13,40,Male,<=50K
48,13,40,Male,<=50K
29,9,20,Female,<=50K
43,10,40,Male,>50K
21,10,25,Male,<=50K
20,10,40,Female,<=50K
43,9,40,Female,<=50K
22,6,40,Female,<=50K
23,10,40,Female,<=50K
36,2,40,Female,<=50K
44,9,60,Male,<=50K
40,13,40,Male,>50K
18,9,40,Male,<=50K
34,9,70,Male,<=50K
18,7,25,Female,<=50K
25,13,48,Male,<=50K
50,9,40,Male,<=50K
56,4,48,Male,<=50K
58,9,38,Male,>50K
27,12,40,Female,>50K
38,9,40,Male,<=50K
39,9,10,Female,<=50K
31,9,40,Female,<=50K
62,9,40,Male,>50K
43,13,40,Female,>50K
73,6,4,Male,<=50K
53,9,45,Male,<=50K
54,10,40,Male,>50K
22,13,20,Male,<=50K
38,9,55,Male,<=50K
53,16,50,Male,>50K
19,10,45,Female,<=50K
18,9,20,Female,<=50K
32,10,40,Female,<=50K
45,14,40,Male,>50K
18,9,40,Male,<=50K
23,10,40,Male,<=50K
36,14,50,Male,>50K
43,14,40,Male,>50K
39,11,40,Male,<=50K
27,13,45,Female,<=50K
38,9,35,Female,<=50K
42,14,46,Male,<=50K
41,9,40,Male,<=50K
60,4,40,Male,<=50K
27,9,50,Male,>50K
21,12,35,Male,<=50K
30,10,40,Male,<=50K
32,10,40,Male,<=50K
61,12,90,Female,<=50K
40,13,45,Male,>50K
60,16,30,Female,<=50K
59,6,40,Male,<=50K
72,16,25,Male,>50K
31,10,15,Female,<=50K
56,3,40,Male,<=50K
43,14,50,Female,>50K
66,13,40,Male,>50K
39,9,55,Male,<=50K
60,4,40,Female,<=50K
31,10,40,Male,<=50K
40,10,40,Female,<=50K
37,9,40,Male,<=50K
23,10,25,Female,<=50K
64,9,50,Male,<=50K
54,10,40,Male,<=50K
24,9,40,Female,<=50K
51,9,20,Female,<=50K
32,9,40,Male,<=50K
38,13,38,Male,<=50K
37,9,40,Male,<=50K
41,9,40,Female,<=50K
65,10,35,Male,>50K
28,9,38,Female,<=50K
44,14,40,Female,>50K
21,10,45,Male,<=50K
64,10,40,Male,<=50K
44,10,45,Female,<=50K
49,10,40,Female,>50K
19,7,40,Male,<=50K
33,13,50,Male,>50K
47,14,40,Female,>50K
39,9,40,Male,<=50K
26,9,40,Male,<=50K
22,7,40,Female,<=50K
46,14,60,Female,<=50K
41,13,33,Female,<=50K
52,9,40,Male,>50K
29,10,38,Male,<=50K
31,9,40,Male,<=50K
34,9,40,Male,<=50K
32,10,60,Male,<=50K
35,10,60,Male,>50K
61,14,50,Male,<=50K
48,9,45,Male,>50K
34,9,40,Female,<=50K
31,13,35,Male,<=50K
20,10,40,Female,<=50K
43,10,40,Male,<=50K
49,14,50,Female,>50K
74,11,32,Male,<=50K
38,13,37,Male,<=50K
23,13,25,Male,<=50K
36,7,60,Male,<=50K
39,13,50,Male,>50K
57,11,40,Female,<=50K
26,9,40,Male,<=50K
51,13,40,Male,>50K
46,10,50,Male,>50K
19,5,50,Female,<=50K
25,9,35,Male,<=50K
65,10,40,Female,<=50K
57,9,28,Female,<=50K
18,7,30,Female,<=50K
35,9,40,Female,<=50K
62,11,40,Female,<=50K
46,10,55,Male,>50K
42,11,40,Male,>50K
41,12,50,Male,<=50K
35,13,45,Female,<=50K
38,9,40,Male,<=50K
25,9,40,Male,<=50K
24,9,40,Male,<=50K
52,10,40,Male,>50K
45,13,60,Male,<=50K
59,12,40,Male,<=50K
37,13,40,Male,>50K
28,10,48,Male,<=50K
42,10,40,Female,<=50K
23,9,60,Male,<=50K
30,10,75,Male,<=50K
17,7,15,Female,<=50K
49,10,40,Male,<=50K
33,6,40,Male,<=50K
46,9,40,Male,<=50K
46,13,30,Male,>50K
63,12,40,Male,>50K
30,13,4,Female,<=50K
34,10,42,Male,<=50K
30,9,40,Female,<=50K
37,13,40,Female,<=50K
44,14,60,Female,>50K
34,9,40,Female,<=50K
24,13,40,Male,<=50K
35,10,40,Female,<=50K
48,10,40,Male,<=50K
39,13,40,Male,<=50K
38,10,42,Male,<=50K
50,2,40,Male,<=50K
19,10,40,Male,<=50K
31,10,50,Male,>50K
58,9,40,Male,<=50K
50,9,45,Female,<=50K
35,9,40,Male,<=50K
28,9,40,Female,<=50K
45,16,50,Male,>50K
28,4,40,Male,<=50K
29,9,40,Female,<=50K
37,11,40,Male,>50K
37,13,50,Male,>50K
65,9,40,Male,<=50K
54,10,40,Female,<=50K
23,10,40,Female,<=50K
64,6,10,Male,>50K
51,2,40,Female,<=50K
47,9,60,Male,>50K
30,8,50,Male,<=50K
33,9,40,Female,<=50K
22,13,20,Female,<=50K
18,10,20,Male,<=50K
23,10,20,Female,<=50K
21,10,9,Female,<=50K
31,13,40,Male,<=50K
45,9,40,Male,<=50K
54,9,40,Male,<=50K
63,9,29,Male,<=50K
18,9,20,Male,<=50K
23,10,15,Female,<=50K
58,13,50,Male,>50K
44,11,40,Male,<=50K
29,10,45,Male,>50K
28,13,40,Female,<=50K
52,13,40,Male,<=50K
57,15,35,Female,>50K
50,13,44,Male,>50K
43,11,45,Male,<=50K
54,10,40,Female,<=50K
22,7,45,Male,<=50K
41,11,40,Female,<=50K
38,9,50,Male,>50K
45,10,35,Female,<=50K
36,10,40,Male,<=50K
48,14,40,Male,>50K
57,8,40,Male,>50K
48,7,55,Male,<=50K
58,9,45,Female,<=50K
72,4,6,Female,<=50K
47,9,40,Male,>50K
46,9,40,Female,<=50K
26,9,60,Male,<=50K
37,14,45,Female,>50K
21,10,30,Female,<=50K
46,10,50,Female,<=50K
27,10,40,Female,<=50K
35,10,40,Male,>50K
39,13,50,Male,>50K
49,13,60,Male,>50K
37,9,50,Male,<=50K
47,13,40,Male,>50K
46,9,58,Male,>50K
32,4,35,Male,<=50K
29,11,40,Male,<=50K
30,10,44,Female,<=50K
56,9,10,Male,<=50K
32,9,40,Male,<=50K
19,9,30,Female,<=50K
42,12,70,Male,<=50K
19,10,40,Male,<=50K
43,6,40,Male,<=50K
17,7,12,Female,<=50K
40,13,40,Male,>50K
47,9,40,Male,<=50K
18,8,30,Female,<=50K
34,9,48,Male,<=50K
73,9,77,Male,<=50K
20,10,10,Female,<=50K
21,13,30,Male,<=50K
22,9,40,Male,<=50K
46,16,40,Male,>50K
57,11,40,Male,>50K
32,10,30,Female,<=50K
33,10,40,Male,<=50K
46,9,65,Male,<=50K
47,10,40,Male,<=50K
35,9,40,Female,<=50K
28,9,40,Male,<=50K
25,13,35,Male,<=50K
51,10,40,Female,<=50K
41,12,50,Female,<=50K
41,12,40,Female,<=50K
25,7,40,Male,>50K
33,10,50,Male,<=50K
30,12,50,Female,>50K
31,14,45,Male,<=50K
27,3,60,Male,<=50K
31,12,40,Female,<=50K
33,9,40,Male,<=50K
39,9,42,Male,>50K
39,9,40,Male,<=50K
31,13,40,Male,>50K
21,9,30,Female,<=50K
34,9,40,Male,<=50K
21,8,32,Male,<=50K
25,13,40,Male,<=50K
42,9,50,Male,>50K
38,13,40,Male,>50K
37,9,40,Female,<=50K
21,9,40,Female,<=50K
23,13,27,Female,<=50K
62,13,55,Male,>50K
73,16,28,Male,>50K
56,11,45,Male,<=50K
50,13,40,Female,<=50K
50,14,40,Male,<=50K
24,12,30,Female,<=50K
33,9,40,Male,<=50K
37,10,40,Female,<=50K
24,13,40,Female,<=50K
39,9,50,Male,<=50K
28,13,50,Male,<=50K
48,9,50,Male,<=50K
41,13,60,Female,>50K
34,13,50,Male,>50K
84,10,35,Male,>50K
59,16,50,Male,<=50K
24,9,50,Male,<=50K
35,9,40,Female,<=50K
59,15,40,Male,>50K
63,10,35,Male,>50K
19,10,9,Female,<=50K
49,14,40,Male,>50K
34,13,50,Male,>50K
31,13,50,Male,>50K
44,9,40,Male,<=50K
32,13,40,Female,<=50K
34,16,20,Male,<=50K
57,9,62,Female,<=50K
35,9,40,Male,<=50K
23,13,35,Male,<=50K
59,9,45,Male,>50K
40,13,44,Male,>50K
44,12,40,Male,>50K
20,10,40,Female,<=50K
46,11,60,Male,>50K
58,13,40,Male,>50K
22,10,40,Female,<=50K
18,9,30,Female,<=50K
40,11,40,Female,<=50K
45,9,40,Female,<=50K
50,6,40,Female,<=50K
63,13,40,Male,<=50K
43,10,38,Female,<=50K
43,13,36,Female,<=50K
41,14,40,Male,<=50K
35,13,37,Male,>50K
52,10,40,Male,<=50K
23,9,60,Male,<=50K
31,9,40,Male,>50K
64,9,50,Male,>50K
51,10,55,Male,>50K
23,13,50,Male,<=50K
44,13,7,Female,<=50K
46,6,40,Male,<=50K
32,14,50,Female,<=50K
33,14,50,Female,>50K
38,9,50,Female,>50K
21,9,40,Female,<=50K
42,10,38,Male,<=50K
32,10,38,Male,<=50K
27,11,50,Male,<=50K
21,10,40,Female,<=50K
34,7,40,Male,<=50K
45,9,45,Male,<=50K
32,13,40,Female,<=50K
38,13,38,Male,<=50K
49,13,40,Male,>50K
35,13,45,Male,>50K
27,9,40,Male,>50K
41,9,20,Female,<=50K
42,9,40,Male,<=50K
28,13,40,Female,>50K
59,6,15,Female,<=50K
46,9,40,Female,<=50K
26,9,40,Female,<=50K
46,8,35,Male,>50K
51,10,40,Male,<=50K
21,10,18,Female,<=50K
23,3,35,Male,<=50K
22,9,40,Female,<=50K
53,10,40,Female,>50K
21,10,40,Male,<=50K
51,11,40,Male,>50K
18,10,10,Female,<=50K
48,9,40,Male,<=50K
18,6,10,Male,<=50K
20,9,35,Male,<=50K
23,10,20,Male,<=50K
43,9,44,Female,<=50K
19,8,40,Female,<=50K
21,9,25,Female,<=50K
39,12,20,Male,<=50K
52,9,40,Female,<=50K
32,13,40,Male,<=50K
22,10,10,Female,<=50K
69,8,60,Male,>50K
38,9,20,Male,<=50K
48,9,60,Male,>50K
43,7,40,Male,<=50K
40,10,35,Male,>50K
37,9,40,Male,<=50K
61,3,40,Male,<=50K
18,6,36,Male,<=50K
30,9,20,Female,<=50K
28,10,55,Male,<=50K
38,14,40,Male,>50K
30,13,52,Female,<=50K
25,13,40,Female,<=50K
17,7,10,Male,<=50K
35,7,60,Female,<=50K
45,13,46,Male,<=50K
26,9,39,Female,<=50K
41,13,40,Female,<=50K
37,9,20,Female,<=50K
25,9,60,Male,<=50K
47,10,50,Female,<=50K
36,12,36,Female,<=50K
53,9,40,Male,>50K
24,13,40,Male,<=50K
35,10,50,Female,<=50K
17,6,40,Male,<=50K
23,10,40,Male,<=50K
51,16,40,Male,>50K
41,5,40,Male,<=50K
57,9,40,Male,<=50K
17,6,15,Female,<=50K
50,9,44,Female,<=50K
45,9,40,Male,<=50K
48,13,60,Female,<=50K
28,9,52,Female,<=50K
71,6,40,Male,<=50K
39,14,45,Male,>50K
21,10,40,Male,<=50K
40,13,55,Female,<=50K
37,16,99,Male,>50K
53,13,40,Female,<=50K
64,9,40,Female,<=50K
25,9,40,Female,<=50K
34,11,40,Male,>50K
44,15,50,Male,>50K
27,4,40,Female,<=50K
48,14,55,Male,>50K
30,13,45,Male,>50K
38,6,40,Male,>50K
29,5,40,Male,<=50K
30,9,80,Male,<=50K
54,9,40,Male,>50K
23,7,40,Male,<=50K
23,9,45,Female,<=50K
63,16,12,Male,<=50K
29,9,25,Male,<=50K
44,9,40,Male,<=50K
43,10,40,Female,<=50K
45,7,40,Male,<=50K
35,6,40,Male,<=50K
39,1,12,Female,<=50K
48,9,40,Female,<=50K
45,9,30,Female,<=50K
45,10,99,Male,>50K
23,13,40,Male,<=50K
66,12,3,Female,<=50K
30,9,40,Male,<=50K
33,16,40,Male,>50K
36,10,40,Female,<=50K
32,10,30,Male,<=50K
57,3,40,Male,<=50K
43,10,45,Male,>50K
24,11,40,Male,<=50K
58,10,50,Male,>50K
22,10,40,Male,<=50K
50,9,40,Male,<=50K
49,9,40,Male,>50K
38,10,40,Male,>50K
43,9,40,Male,<=50K
39,14,50,Male,>50K
27,10,40,Male,<=50K
52,10,40,Male,<=50K
49,9,40,Male,>50K
35,10,65,Male,<=50K
46,12,50,Male,>50K
28,9,40,Female,<=50K
40,5,40,Male,<=50K
29,9,40,Male,<=50K
39,9,35,Female,<=50K
40,9,40,Male,<=50K
35,13,28,Male,<=50K
41,6,40,Female,<=50K
30,10,40,Female,<=50K
52,6,40,Male,<=50K
35,9,40,Female,<=50K
45,9,40,Male,>50K
52,14,60,Male,>50K
18,10,40,Female,<=50K
30,10,48,Male,<=50K
34,9,45,Male,<=50K
41,10,48,Female,<=50K
40,9,55,Male,<=50K
37,10,50,Male,>50K
27,7,45,Male,<=50K
31,13,25,Female,>50K
28,14,30,Female,>50K
45,13,50,Male,>50K
25,14,40,Female,<=50K
54,5,40,Male,<=50K
21,10,30,Female,<=50K
36,9,40,Female,<=50K
17,6,10,Female,<=50K
44,9,40,Female,<=50K
20,10,40,Male,<=50K
20,9,45,Male,<=50K
58,3,40,Male,<=50K
62,13,40,Male,<=50K
43,10,40,Male,>50K
18,10,25,Female,<=50K
35,9,25,Male,<=50K
19,10,25,Male,<=50K
45,10,40,Male,>50K
55,13,40,Male,<=50K
45,14,40,Male,>50K
54,9,40,Male,<=50K
30,9,36,Female,<=50K
27,9,40,Male,<=50K
50,15,50,Male,>50K
48,10,40,Male,<=50K
46,10,40,Female,<=50K
78,3,36,Male,<=50K
31,2,25,Female,<=50K
50,9,40,Male,<=50K
24,13,40,Male,<=50K
28,13,40,Male,>50K
26,12,40,Male,<=50K
30,13,60,Male,<=50K
21,9,36,Female,<=50K
19,8,25,Male,<=50K
38,9,40,Male,<=50K
67,12,35,Male,<=50K
35,9,45,Female,<=50K
29,13,50,Male,>50K
20,10,20,Male,<=50K
65,9,40,Male,<=50K
29,9,40,Male,<=50K
32,11,50,Male,<=50K
38,10,40,Female,<=50K
20,10,20,Male,<=50K
53,10,45,Male,>50K
34,11,40,Female,<=50K
45,9,40,Male,<=50K
58,10,99,Female,<=50K
45,14,40,Female,<=50K
58,13,50,Male,>50K
40,14,50,Female,>50K
60,9,40,Male,>50K
40,9,45,Male,>50K
33,10,40,Male,<=50K
47,3,40,Female,<=50K
31,13,60,Male,<=50K
19,8,30,Female,<=50K
57,10,60,Male,>50K
67,4,3,Male,<=50K
20,9,40,Female,<=50K
19,9,40,Male,<=50K
29,9,40,Male,<=50K
27,9,40,Female,<=50K
28,3,40,Female,<=50K
41,9,40,Male,>50K
60,9,40,Female,<=50K
24,12,40,Male,<=50K
19,10,50,Male,<=50K
37,10,44,Female,<=50K
28,11,38,Female,<=50K
29,8,40,Male,<=50K
41,9,50,Male,<=50K
24,9,30,Female,<=50K
34,13,55,Male,<=50K
22,10,20,Female,<=50K
64,9,5,Male,<=50K
50,13,40,Female,<=50K
46,16,60,Male,>50K
22,9,40,Female,<=50K
25,14,40,Female,<=50K
48,13,40,Female,>50K
45,15,43,Female,<=50K
25,10,30,Female,<=50K
26,13,55,Female,<=50K
22,10,35,Female,<=50K
33,10,40,Female,<=50K
39,10,40,Male,<=50K
39,14,50,Male,>50K
58,9,35,Male,<=50K
56,5,50,Male,<=50K
20,10,20,Female,<=50K
32,9,40,Male,<=50K
56,10,40,Male,<=50K
49,1,40,Male,<=50K
24,12,50,Male,<=50K
29,9,56,Male,<=50K
27,6,60,Male,<=50K
44,13,60,Male,>50K
36,9,28,Female,<=50K
28,9,50,Male,<=50K
18,10,20,Male,<=50K
32,13,40,Male,>50K
30,9,35,Male,<=50K
21,12,20,Female,<=50K
22,10,40,Male,<=50K
18,6,40,Male,<=50K
69,12,40,Female,<=50K
23,6,40,Female,<=50K
29,13,48,Male,<=50K
57,9,45,Male,<=50K
45,10,40,Male,<=50K
54,7,42,Male,<=50K
32,9,40,Male,<=50K
29,11,40,Male,<=50K
32,10,40,Male,>50K
55,6,50,Male,>50K
22,10,20,Female,<=50K
21,10,20,Female,<=50K
32,11,45,Male,<=50K
57,9,48,Male,<=50K
22,11,36,Female,<=50K
25,13,38,Female,<=50K
36,14,40,Female,>50K
31,13,55,Male,>50K
24,11,40,Male,<=50K
36,13,40,Female,>50K
27,11,45,Male,<=50K
38,13,56,Female,<=50K
52,1,40,Male,<=50K
18,8,20,Female,<=50K
33,10,38,Female,<=50K
26,9,40,Male,<=50K
19,9,40,Female,<=50K
29,10,35,Male,<=50K
45,10,40,Male,<=50K
55,9,32,Female,<=50K
73,10,6,Male,>50K
50,9,50,Male,>50K
57,9,48,Male,>50K
38,9,22,Female,<=50K
33,13,40,Male,>50K
50,10,40,Male,<=50K
59,14,40,Female,>50K
44,9,40,Male,<=50K
39,9,40,Female,<=50K
35,13,40,Female,<=50K
37,12,68,Male,<=50K
65,9,45,Male,>50K
31,9,8,Female,<=50K
24,9,40,Female,<=50K
45,13,40,Female,<=50K
51,9,40,Male,<=50K
17,6,25,Female,<=50K
32,9,50,Male,>50K
43,9,45,Male,<=50K
44,9,40,Male,<=50K
40,9,48,Female,<=50K
41,9,38,Male,<=50K
31,10,40,Male,<=50K
17,6,40,Male,<=50K
52,4,20,Male,<=50K
36,13,45,Male,>50K
46,9,40,Male,<=50K
34,9,40,Male,<=50K
66,6,20,Female,<=50K
45,9,40,Male,<=50K
17,7,35,Female,<=50K
38,15,40,Female,<=50K
48,9,40,Female,<=50K
36,9,40,Male,<=50K
25,13,30,Male,<=50K
39,10,50,Male,>50K
17,6,15,Female,<=50K
44,13,12,Male,<=50K
25,9,40,Male,<=50K
61,9,20,Female,<=50K
43,15,32,Female,<=50K
36,9,40,Male,<=50K
36,9,40,Female,<=50K
23,11,45,Male,<=50K
26,9,40,Male,<=50K
57,9,40,Male,<=50K
43,10,75,Male,>50K
26,13,43,Male,<=50K
24,14,38,Female,<=50K
37,11,40,Male,<=50K
62,3,24,Male,<=50K
41,13,40,Male,>50K
19,10,40,Male,<=50K
19,10,30,Female,<=50K
29,9,60,Male,<=50K
29,10,45,Male,<=50K
19,7,24,Male,<=50K
46,9,40,Male,<=50K
29,11,40,Male,>50K
23,7,35,Male,<=50K
27,13,20,Female,<=50K
19,9,10,Male,<=50K
40,12,40,Male,>50K
33,9,40,Male,<=50K
20,10,30,Male,<=50K
63,13,36,Female,>50K
27,9,40,Female,<=50K
49,11,25,Male,<=50K
63,9,40,Female,<=50K
51,12,30,Male,<=50K
33,9,35,Male,<=50K
19,9,24,Female,<=50K
37,10,60,Male,>50K
45,11,40,Male,<=50K
43,12,40,Male,<=50K
47,9,40,Male,<=50K
26,13,40,Male,>50K
37,10,50,Male,<=50K
70,14,4,Male,>50K
32,11,45,Male,>50K
63,4,60,Male,>50K
30,10,40,Female,<=50K
34,13,50,Male,<=50K
40,6,35,Female,<=50K
42,13,58,Male,<=50K
62,14,40,Male,>50K
49,9,40,Female,<=50K
53,10,50,Male,>50K
21,10,12,Male,<=50K
26,13,40,Male,>50K
40,14,45,Female,<=50K
30,10,99,Male,<=50K
23,9,30,Male,<=50K
55,11,40,Male,<=50K
25,3,33,Female,<=50K
34,12,40,Female,<=50K
31,9,40,Male,<=50K
49,6,38,Female,<=50K
53,6,99,Male,<=50K
36,9,60,Male,<=50K
53,9,40,Male,<=50K
24,10,16,Female,<=50K
18,9,20,Female,<=50K
34,12,40,Female,<=50K
42,10,90,Male,>50K
32,9,65,Male,>50K
20,10,15,Male,<=50K
40,13,50,Male,>50K
24,12,20,Female,<=50K
36,9,50,Male,<=50K
28,10,40,Male,<=50K
31,9,40,Male,>50K
36,7,40,Male,<=50K
26,13,32,Female,<=50K
44,9,60,Male,<=50K
22,12,15,Female,<=50K
49,7,40,Male,<=50K
33,13,20,Female,<=50K
21,9,40,Male,<=50K
61,4,48,Male,<=50K
19,10,30,Male,<=50K
49,9,40,Female,<=50K
19,10,16,Male,<=50K
37,10,40,Male,>50K
50,7,40,Male,<=50K
23,9,40,Male,<=50K
37,9,40,Female,<=50K
37,9,18,Male,<=50K
19,9,30,Male,<=50K
56,13,60,Female,<=50K
31,9,30,Male,<=50K
30,13,40,Male,<=50K
19,9,30,Male,<=50K
20,1,32,Male,<=50K
52,9,50,Male,>50K
57,10,50,Male,<=50K
22,9,40,Male,<=50K
30,13,40,Female,<=50K
39,13,40,Female,<=50K
51,13,60,Male,>50K
18,7,18,Male,<=50K
40,11,60,Female,<=50K
57,12,35,Female,<=50K
28,9,32,Male,<=50K
52,16,65,Male,>50K
30,10,40,Female,<=50K
45,9,40,Male,<=50K
50,14,45,Female,<=50K
47,13,50,Female,<=50K
34,5,40,Male,<=50K
31,13,60,Male,>50K
19,10,20,Male,<=50K
38,10,40,Male,>50K
24,9,40,Female,<=50K
20,10,32,Male,<=50K
24,13,40,Female,<=50K
24,13,40,Female,<=50K
26,9,40,Male,<=50K
66,13,40,Male,<=50K
41,15,40,Male,>50K
38,11,40,Female,<=50K
36,14,70,Male,>50K
38,9,40,Female,<=50K
38,9,40,Male,<=50K
62,9,38,Female,<=50K
26,12,40,Female,>50K
34,14,40,Male,<=50K
40,2,40,Female,<=50K
37,11,40,Male,>50K
42,12,40,Female,<=50K
31,9,43,Male,>50K
77,12,2,Male,<=50K
30,11,40,Female,<=50K
47,9,40,Female,<=50K
40,9,40,Female,<=50K
25,10,40,Male,<=50K
17,7,20,Male,<=50K
32,13,36,Male,<=50K
71,14,70,Male,<=50K
38,9,44,Male,<=50K
48,9,60,Male,<=50K
44,14,16,Male,<=50K
18,5,20,Male,<=50K
49,13,40,Female,>50K
20,10,40,Female,<=50K
38,9,30,Male,<=50K
32,9,50,Male,<=50K
34,14,43,Male,>50K
35,9,50,Male,<=50K
30,9,44,Male,<=50K
22,9,48,Female,<=50K
51,9,40,Male,<=50K
26,13,20,Male,<=50K
28,9,30,Male,<=50K
45,10,56,Male,>50K
57,10,25,Female,>50K
63,9,60,Male,<=50K
33,10,40,Male,>50K
31,7,25,Male,<=50K
31,10,25,Female,<=50K
22,13,40,Male,<=50K
44,9,40,Female,<=50K
35,13,40,Male,<=50K
31,13,40,Female,<=50K
34,14,60,Male,<=50K
18,7,20,Female,<=50K
35,13,50,Male,>50K
50,7,40,Male,<=50K
46,9,45,Female,<=50K
58,9,40,Male,<=50K
25,7,50,Male,<=50K
24,10,15,Female,<=50K
47,9,25,Male,<=50K
33,9,42,Female,>50K
60,3,40,Female,<=50K
28,13,42,Male,>50K
35,13,40,Male,<=50K
59,10,38,Female,<=50K
34,9,40,Male,<=50K
50,13,45,Male,>50K
38,13,60,Male,<=50K
33,10,16,Female,<=50K
32,10,40,Male,<=50K
73,9,25,Male,<=50K
22,12,40,Female,<=50K
28,10,40,Male,<=50K
59,14,40,Male,>50K
42,6,35,Male,<=50K
48,10,40,Male,<=50K
30,10,40,Male,<=50K
58,13,60,Female,<=50K
46,10,40,Male,>50K
38,10,55,Male,<=50K
22,12,35,Female,<=50K
27,10,40,Male,<=50K
60,1,40,Female,<=50K
29,14,50,Male,<=50K
44,6,35,Female,<=50K
35,12,32,Female,<=50K
77,3,20,Male,<=50K
26,13,40,Male,<=50K
62,9,16,Female,<=50K
36,9,40,Male,<=50K
34,6,40,Male,>50K
35,10,40,Female,<=50K
21,9,47,Female,<=50K
43,15,50,Male,>50K
44,9,60,Male,>50K
22,10,40,Male,<=50K
49,10,40,Male,<=50K
34,9,45,Male,>50K
20,9,40,Female,<=50K
62,10,40,Female,<=50K
26,13,20,Male,<=50K
25,10,25,Female,<=50K
72,3,40,Male,<=50K
59,11,45,Male,>50K
37,6,40,Male,<=50K
19,10,10,Male,<=50K
43,11,40,Female,>50K
33,13,40,Male,>50K
56,13,45,Male,>50K
30,11,40,Female,<=50K
40,7,20,Female,<=50K
21,5,50,Female,<=50K
61,13,60,Male,<=50K
30,14,50,Male,<=50K
28,10,60,Female,<=50K
34,9,40,Female,<=50K
33,9,50,Male,<=50K
57,14,60,Male,>50K
31,6,28,Female,<=50K
52,9,40,Male,<=50K
37,9,40,Female,<=50K
26,13,18,Male,<=50K
39,9,45,Male,<=50K
32,10,16,Male,<=50K
24,13,40,Female,<=50K
45,13,40,Male,>50K
17,6,8,Male,<=50K
44,10,40,Male,>50K
25,6,40,Male,<=50K
27,13,35,Male,<=50K
45,13,45,Male,<=50K
41,9,40,Male,<=50K
50,9,15,Female,<=50K
31,13,50,Male,>50K
50,13,45,Male,>50K
42,4,99,Male,<=50K
29,6,40,Male,<=50K
22,13,40,Female,<=50K
47,12,40,Male,<=50K
41,16,55,Male,>50K
36,6,40,Male,<=50K
26,9,50,Male,<=50K
24,9,40,Male,<=50K
22,9,30,Female,<=50K
31,13,40,Female,<=50K
38,9,25,Male,<=50K
45,6,40,Male,<=50K
64,9,20,Male,<=50K
27,6,75,Male,<=50K
59,14,40,Female,<=50K
47,10,50,Male,>50K
66,4,20,Female,<=50K
45,14,70,Female,<=50K
52,9,40,Male,>50K
55,9,36,Female,<=50K
43,10,45,Male,<=50K
21,10,40,Male,<=50K
33,10,40,Male,>50K
38,11,36,Female,<=50K
76,10,20,Male,<=50K
42,7,40,Female,<=50K
20,10,40,Female,<=50K
54,9,40,Male,<=50K
23,9,40,Male,<=50K
27,9,40,Male,<=50K
35,13,50,Male,>50K
36,10,44,Male,<=50K
53,10,50,Male,>50K
45,9,40,Female,<=50K
50,10,45,Male,<=50K
35,13,40,Female,<=50K
36,9,40,Male,<=50K
39,7,40,Female,<=50K
38,10,45,Male,>50K
27,9,50,Male,<=50K
28,15,60,Male,<=50K
55,9,40,Male,<=50K
19,10,24,Female,<=50K
38,10,35,Female,<=50K
40,13,40,Male,<=50K
38,13,55,Male,>50K
38,10,40,Male,<=50K
53,14,40,Male,>50K
28,12,3,Female,<=50K
28,9,25,Female,<=50K
58,9,40,Female,>50K
30,12,40,Female,<=50K
45,9,55,Female,<=50K
44,12,40,Male,<=50K
54,13,40,Male,>50K
25,10,30,Female,<=50K
31,13,55,Male,>50K
35,10,40,Male,<=50K
23,4,35,Male,<=50K
31,12,46,Male,<=50K
29,10,50,Male,<=50K
23,9,40,Male,<=50K
47,10,50,Male,<=50K
48,10,40,Female,>50K
31,9,65,Male,<=50K
48,9,40,Male,<=50K
47,5,40,Male,<=50K
18,8,15,Female,<=50K
43,9,40,Male,<=50K
25,5,40,Female,<=50K
32,13,45,Male,>50K
59,6,40,Male,>50K
49,12,30,Male,<=50K
32,13,40,Male,<=50K
26,7,40,Female,<=50K
64,4,4,Female,<=50K
44,9,50,Male,>50K
29,6,40,Male,<=50K
27,9,70,Male,<=50K
26,12,30,Female,<=50K
21,10,43,Female,<=50K
22,10,30,Female,<=50K
35,9,40,Male,<=50K
19,9,20,Female,<=50K
23,13,40,Male,<=50K
27,8,40,Male,<=50K
50,10,60,Male,>50K
58,9,30,Male,<=50K
23,10,35,Male,<=50K
36,13,40,Female,<=50K
39,13,40,Male,>50K
24,9,40,Male,<=50K
44,9,40,Female,<=50K
24,10,45,Female,<=50K
51,11,40,Female,<=50K
42,14,60,Male,>50K
45,4,65,Male,>50K
32,13,60,Male,>50K
41,9,40,Male,<=50K
23,7,40,Male,<=50K
21,12,48,Male,<=50K
19,10,30,Male,<=50K
22,9,40,Female,<=50K
29,10,65,Female,<=50K
53,9,40,Male,<=50K
32,9,60,Female,<=50K
53,9,40,Male,>50K
67,16,12,Male,<=50K
34,13,45,Female,<=50K
28,9,40,Female,<=50K
26,13,20,Female,<=50K
19,10,45,Female,<=50K
59,10,40,Male,>50K
39,9,40,Male,<=50K
34,9,40,Female,<=50K
49,9,98,Male,<=50K
33,9,40,Male,<=50K
31,9,40,Male,<=50K
52,10,40,Female,<=50K
37,9,35,Female,>50K
44,11,40,Male,<=50K
43,15,35,Male,>50K
28,7,40,Male,<=50K
35,14,50,Male,<=50K
27,9,40,Male,<=50K
32,14,40,Female,<=50K
21,9,60,Male,<=50K
48,9,16,Female,<=50K
70,10,20,Male,>50K
34,9,25,Female,<=50K
29,5,24,Female,<=50K
22,9,40,Female,<=50K
35,13,50,Male,>50K
20,9,60,Male,<=50K
24,9,40,Male,<=50K
18,10,25,Male,<=50K
56,9,43,Male,<=50K
22,10,45,Male,<=50K
21,9,64,Female,<=50K
46,13,40,Female,<=50K
38,13,60,Male,<=50K
47,9,50,Male,>50K
39,13,50,Male,<=50K
45,13,45,Male,>50K
56,14,40,Female,<=50K
17,6,12,Female,<=50K
22,9,40,Male,<=50K
40,10,70,Male,>50K
59,14,55,Male,<=50K
34,10,40,Male,<=50K
47,10,46,Male,<=50K
41,13,40,Female,>50K
24,13,40,Female,<=50K
45,11,40,Male,<=50K
60,10,40,Male,>50K
33,11,40,Female,<=50K
26,13,43,Male,<=50K
70,9,4,Female,<=50K
55,9,32,Male,<=50K
19,10,40,Male,<=50K
56,11,45,Male,>50K
49,13,45,Male,>50K
19,9,40,Male,<=50K
27,10,60,Male,<=50K
48,9,40,Female,<=50K
17,8,25,Female,<=50K
23,10,20,Male,<=50K
18,9,40,Male,<=50K
51,9,15,Female,<=50K
33,9,40,Male,<=50K
44,13,40,Male,>50K
32,13,50,Male,>50K
25,10,40,Male,<=50K
38,10,40,Male,<=50K
53,9,40,Female,<=50K
44,14,35,Male,>50K
20,10,40,Male,<=50K
38,7,40,Male,<=50K
36,10,50,Male,>50K
39,9,24,Male,<=50K
23,10,40,Male,<=50K
21,5,42,Male,<=50K
37,13,40,Male,<=50K
43,10,40,Female,<=50K
61,6,55,Male,<=50K
29,13,40,Female,<=50K
18,9,8,Female,<=50K
43,13,70,Female,>50K
30,9,40,Male,<=50K
31,9,40,Male,<=50K
40,16,20,Female,>50K
54,10,50,Male,<=50K
23,10,40,Male,<=50K
36,6,40,Female,<=50K
22,10,37,Male,<=50K
20,10,40,Female,<=50K
20,10,40,Male,<=50K
44,13,60,Female,<=50K
18,7,15,Male,<=50K
31,11,38,Male,<=50K
34,13,40,Male,>50K
34,9,40,Female,<=50K
33,9,36,Male,<=50K
43,13,50,Male,>50K
42,11,44,Male,<=50K
52,9,22,Male,<=50K
18,7,20,Female,<=50K
35,13,43,Female,<=50K
50,13,50,Male,<=50K
24,13,40,Male,<=50K
34,13,35,Female,<=50K
60,9,40,Female,<=50K
28,10,40,Male,<=50K
53,10,40,Male,<=50K
63,4,55,Male,<=50K
40,4,40,Male,<=50K
35,10,40,Male,<=50K
29,13,40,Male,<=50K
28,11,42,Male,<=50K
38,13,60,Male,>50K
27,9,34,Female,<=50K
57,7,50,Male,<=50K
71,9,5,Male,<=50K
33,10,10,Female,<=50K
43,9,40,Female,<=50K
44,13,40,Male,<=50K
23,10,15,Male,<=50K
20,10,40,Male,<=50K
41,10,40,Female,>50K
44,10,40,Male,<=50K
43,10,42,Male,<=50K
75,11,30,Female,<=50K
24,10,40,Male,<=50K
71,4,40,Male,>50K
47,9,40,Female,>50K
19,9,40,Male,<=50K
22,6,40,Female,<=50K
71,9,28,Male,<=50K
26,9,40,Female,<=50K
78,2,20,Male,<=50K
52,12,40,Male,<=50K
29,13,45,Female,>50K
63,4,60,Male,>50K
43,13,40,Male,<=50K
47,9,40,Male,>50K
28,13,20,Male,<=50K
56,16,55,Male,>50K
34,14,50,Male,>50K
50,9,40,Male,>50K
29,10,40,Female,<=50K
32,15,60,Female,>50K
31,10,50,Female,<=50K
30,13,40,Female,<=50K
21,9,40,Male,<=50K
61,9,40,Female,<=50K
59,9,40,Female,<=50K
41,14,36,Female,>50K
29,10,40,Male,<=50K
41,15,80,Male,>50K
72,9,25,Female,<=50K
25,13,40,Male,<=50K
35,13,50,Male,>50K
51,10,65,Male,>50K
53,9,40,Female,<=50K
40,9,40,Male,<=50K
18,9,40,Male,<=50K
50,10,40,Male,<=50K
44,9,40,Female,<=50K
39,13,50,Female,<=50K
50,11,40,Male,<=50K
52,9,55,Male,<=50K
46,13,55,Male,>50K
29,12,60,Male,<=50K
56,10,40,Female,<=50K
63,13,40,Female,<=50K
38,12,33,Female,>50K
41,13,50,Male,<=50K
46,7,40,Female,<=50K
22,10,50,Female,<=50K
46,13,40,Male,>50K
54,9,50,Male,>50K
53,13,40,Male,>50K
49,9,52,Male,>50K
35,16,80,Female,>50K
68,9,12,Female,<=50K
23,3,40,Male,<=50K
51,9,45,Male,>50K
19,5,40,Female,<=50K
28,9,46,Male,<=50K
24,13,32,Female,<=50K
54,9,50,Male,>50K
34,10,40,Male,<=50K
30,10,40,Male,<=50K
23,13,40,Female,<=50K
23,9,12,Male,<=50K
25,10,60,Female,<=50K
29,9,40,Female,<=50K
46,9,40,Female,<=50K
20,5,35,Male,<=50K
22,9,40,Male,<=50K
21,9,25,Female,<=50K
37,10,70,Male,<=50K
19,10,20,Female,<=50K
23,10,40,Male,<=50K
27,9,35,Male,<=50K
64,9,35,Female,<=50K
23,9,45,Male,<=50K
17,6,40,Male,<=50K
74,9,6,Male,<=50K
41,9,50,Male,<=50K
66,9,45,Female,<=50K
36,10,68,Male,<=50K
22,9,40,Male,<=50K
45,10,50,Male,>50K
32,13,45,Male,>50K
20,9,43,Male,<=50K
22,8,50,Female,<=50K
36,10,40,Male,>50K
43,10,40,Male,<=50K
33,10,40,Male,>50K
39,9,40,Male,<=50K
40,14,38,Female,>50K
52,10,95,Male,>50K
36,9,40,Female,>50K
55,14,40,Male,>50K
70,3,20,Male,<=50K
21,9,40,Male,<=50K
24,9,40,Male,<=50K
34,13,32,Male,>50K
23,10,15,Female,<=50K
51,9,50,Male,<=50K
39,8,40,Male,>50K
41,9,40,Male,<=50K
46,6,45,Male,<=50K
28,9,35,Male,<=50K
35,9,40,Male,<=50K
44,13,50,Male,>50K
40,9,45,Male,<=50K
21,9,40,Female,<=50K
21,10,3,Female,<=50K
26,13,80,Female,<=50K
43,15,25,Male,>50K
21,12,40,Male,<=50K
43,14,50,Male,>50K
25,13,60,Male,>50K
57,3,40,Female,<=50K
61,9,45,Male,>50K
18,8,25,Female,<=50K
19,9,24,Female,<=50K
38,11,36,Female,<=50K
25,13,45,Female,<=50K
26,13,65,Male,<=50K
19,9,28,Female,<=50K
49,14,40,Male,>50K
63,9,16,Male,<=50K
30,13,40,Male,<=50K
57,13,40,Male,>50K
23,10,40,Male,<=50K
62,6,40,Male,<=50K
45,13,50,Male,<=50K
42,13,40,Male,<=50K
69,12,1,Female,<=50K
58,13,40,Male,>50K
18,9,9,Female,<=50K
33,11,55,Female,<=50K
59,14,55,Male,>50K
71,5,13,Female,<=50K
33,6,40,Male,<=50K
49,10,50,Male,>50K
25,13,40,Male,<=50K
58,12,25,Male,>50K
23,10,40,Female,<=50K
34,13,40,Female,<=50K
39,13,10,Female,<=50K
24,13,40,Male,<=50K
31,9,65,Male,<=50K
32,9,40,Male,<=50K
25,9,40,Male,<=50K
51,9,40,Male,>50K
24,13,40,Male,<=50K
44,10,35,Female,<=50K
44,9,60,Male,<=50K
51,10,40,Male,>50K
32,9,40,Male,<=50K
46,12,40,Female,<=50K
25,10,40,Female,<=50K
41,15,60,Male,>50K
47,10,40,Male,>50K
51,9,40,Male,<=50K
46,10,60,Male,<=50K
20,10,40,Male,<=50K
24,12,40,Male,<=50K
26,3,35,Male,<=50K
31,13,60,Female,<=50K
55,14,40,Female,>50K
73,7,3,Male,<=50K
33,13,50,Male,<=50K
47,13,40,Male,<=50K
44,14,50,Male,<=50K
25,10,40,Male,<=50K
22,9,40,Female,<=50K
31,10,40,Female,<=50K
28,10,30,Male,<=50K
39,10,47,Male,<=50K
41,9,40,Female,<=50K
34,12,25,Female,<=50K
21,9,40,Male,<=50K
25,13,50,Male,<=50K
61,9,48,Male,<=50K
35,14,50,Male,<=50K
49,6,40,Female,<=50K
23,13,40,Male,<=50K
58,6,40,Male,>50K
38,9,40,Male,>50K
40,9,43,Male,<=50K
31,14,40,Male,>50K
21,9,25,Female,<=50K
63,6,40,Male,<=50K
43,9,40,Female,<=50K
28,9,40,Male,<=50K
24,13,40,Male,<=50K
23,11,40,Male,<=50K
42,10,40,Female,<=50K
56,6,30,Female,>50K
41,9,40,Female,<=50K
56,9,36,Female,<=50K
19,9,24,Male,<=50K
22,9,40,Female,<=50K
34,9,50,Male,>50K
44,13,40,Male,>50K
27,9,37,Male,<=50K
55,9,40,Male,<=50K
27,9,15,Female,<=50K
42,13,40,Male,<=50K
33,9,40,Female,<=50K
65,10,10,Male,>50K
41,9,40,Male,<=50K
42,10,40,Male,>50K
45,11,40,Male,<=50K
65,9,75,Female,<=50K
38,9,40,Male,<=50K
42,13,40,Female,>50K
49,9,40,Male,<=50K
20,10,35,Female,<=50K
26,11,45,Male,<=50K
60,14,40,Male,<=50K
30,12,48,Male,<=50K
80,9,8,Male,<=50K
47,10,40,Male,<=50K
40,10,48,Male,>50K
34,10,40,Male,<=50K
48,10,35,Female,<=50K
24,10,40,Male,<=50K
64,9,40,Male,<=50K
22,9,40,Male,<=50K
48,10,40,Female,<=50K
63,10,40,Female,<=50K
19,7,40,Female,<=50K
27,8,45,Male,<=50K
31,4,40,Male,<=50K
60,11,60,Male,>50K
47,10,38,Male,<=50K
32,9,48,Male,<=50K
62,11,40,Female,<=50K
31,9,50,Male,<=50K
61,9,40,Female,<=50K
28,9,40,Male,<=50K
53,10,40,Male,>50K
25,9,40,Male,<=50K
18,7,20,Female,<=50K
40,15,40,Male,>50K
20,10,40,Female,<=50K
31,9,20,Male,<=50K
31,13,40,Male,<=50K
51,9,40,Male,<=50K
21,10,40,Male,<=50K
68,14,18,Male,<=50K
53,10,38,Female,<=50K
30,1,28,Male,<=50K
46,9,40,Male,>50K
41,7,40,Female,<=50K
48,14,40,Female,<=50K
33,15,60,Male,>50K
38,9,40,Male,>50K
64,4,70,Male,<=50K
37,11,32,Female,<=50K
33,10,25,Female,<=50K
32,9,46,Male,>50K
22,13,25,Male,<=50K
45,13,38,Male,>50K
66,9,40,Male,>50K
49,10,40,Male,<=50K
30,10,40,Male,<=50K
22,9,40,Male,<=50K
75,14,26,Male,<=50K
60,11,20,Male,<=50K
26,11,40,Female,<=50K
19,9,30,Male,<=50K
70,9,40,Female,<=50K
46,12,40,Male,<=50K
19,9,40,Female,<=50K
32,13,40,Male,<=50K
36,14,40,Female,<=50K
36,9,40,Male,<=50K
53,10,40,Female,<=50K
38,9,60,Male,<=50K
46,10,17,Female,<=50K
57,6,40,Male,<=50K
47,16,50,Male,<=50K
38,10,40,Male,>50K
48,10,40,Female,>50K
46,13,36,Female,<=50K
30,7,30,Male,<=50K
31,9,48,Male,<=50K
43,13,45,Female,>50K
53,4,40,Male,>50K
25,10,50,Female,<=50K
36,10,40,Male,<=50K
28,9,40,Male,<=50K
51,9,44,Female,<=50K
27,11,40,Female,<=50K
19,9,8,Female,<=50K
40,9,40,Male,>50K
19,10,20,Female,<=50K
35,13,40,Female,<=50K
24,13,65,Male,<=50K
49,9,40,Male,<=50K
31,9,40,Female,<=50K
56,14,40,Female,>50K
46,9,40,Male,>50K
22,10,40,Male,<=50K
58,13,40,Female,<=50K
35,9,40,Male,<=50K
24,7,40,Male,<=50K
24,13,20,Male,<=50K
36,9,50,Male,<=50K
32,9,40,Male,<=50K
52,13,40,Female,<=50K
18,10,40,Male,<=50K
90,7,40,Male,<=50K
40,13,60,Male,<=50K
20,9,35,Male,<=50K
31,13,40,Male,>50K
20,9,35,Male,<=50K
40,9,45,Female,<=50K
50,9,40,Female,<=50K
64,7,40,Female,<=50K
57,13,45,Female,>50K
23,13,40,Female,<=50K
19,7,25,Female,<=50K
35,6,16,Female,<=50K
24,10,40,Male,<=50K
70,15,45,Male,<=50K
21,6,40,Male,<=50K
19,10,12,Female,<=50K
23,13,35,Female,<=50K
28,12,40,Female,>50K
58,9,40,Female,<=50K
44,3,40,Male,<=50K
21,10,40,Female,<=50K
71,9,18,Female,<=50K
35,13,40,Male,<=50K
24,7,40,Male,<=50K
37,10,35,Male,>50K
43,9,40,Female,<=50K
22,10,40,Female,<=50K
32,10,40,Male,<=50K
76,10,8,Male,<=50K
58,9,40,Female,<=50K
58,13,40,Male,>50K
17,7,15,Female,<=50K
33,10,40,Female,<=50K
39,11,50,Male,>50K
31,6,40,Male,<=50K
33,11,40,Male,<=50K
39,9,70,Male,<=50K
41,9,50,Male,>50K
30,9,40,Female,<=50K
25,9,40,Male,<=50K
33,9,60,Male,<=50K
31,13,40,Female,<=50K
22,8,50,Male,>50K
32,9,50,Male,<=50K
39,13,40,Male,<=50K
26,10,40,Male,<=50K
66,10,40,Male,<=50K
49,9,40,Male,<=50K
82,4,5,Male,<=50K
18,7,20,Female,<=50K
20,9,30,Female,<=50K
33,10,40,Female,>50K
72,6,12,Male,<=50K
36,7,50,Male,<=50K
28,13,45,Male,>50K
39,11,50,Female,<=50K
18,10,20,Male,<=50K
44,12,40,Male,<=50K
29,13,40,Female,<=50K
20,9,40,Male,<=50K
38,9,40,Male,>50K
20,10,40,Female,<=50K
47,13,36,Male,>50K
17,7,20,Female,<=50K
51,9,20,Female,<=50K
21,9,40,Female,<=50K
35,10,40,Female,<=50K
33,9,40,Male,<=50K
44,13,80,Male,<=50K
52,13,8,Female,<=50K
43,9,45,Male,<=50K
45,13,40,Male,>50K
59,6,40,Female,<=50K
57,10,40,Male,>50K
49,9,42,Male,>50K
27,10,40,Male,<=50K
31,7,40,Male,<=50K
38,9,40,Male,>50K
33,9,40,Male,<=50K
41,10,40,Male,>50K
22,10,25,Female,<=50K
34,10,65,Male,>50K
49,9,45,Male,>50K
18,6,35,Female,<=50K
27,10,10,Male,<=50K
51,9,40,Male,<=50K
19,10,20,Female,<=50K
21,9,50,Male,<=50K
55,9,40,Male,>50K
39,9,40,Male,>50K
38,13,60,Female,<=50K
48,12,40,Male,<=50K
59,9,36,Female,<=50K
35,11,42,Male,>50K
47,9,40,Female,<=50K
34,10,50,Male,<=50K
51,9,35,Male,<=50K
48,12,40,Male,>50K
36,13,40,Male,>50K
47,10,45,Female,<=50K
62,10,90,Male,<=50K
62,8,48,Male,<=50K
37,3,36,Male,<=50K
60,7,40,Male,>50K
41,9,40,Female,>50K
41,13,45,Male,>50K
39,9,40,Male,>50K
60,10,42,Male,<=50K
32,9,40,Male,>50K
25,9,45,Female,<=50K
70,13,30,Male,<=50K
28,9,28,Female,<=50K
42,9,60,Male,>50K
25,13,45,Male,>50K
25,13,40,Female,<=50K
49,16,45,Male,>50K
39,13,50,Male,>50K
41,9,40,Female,<=50K
27,9,50,Female,<=50K
39,9,40,Male,<=50K
42,7,45,Male,<=50K
48,14,40,Male,>50K
28,10,60,Male,<=50K
30,9,35,Male,<=50K
33,8,42,Male,<=50K
45,14,40,Male,>50K
48,10,40,Male,<=50K
52,9,24,Female,<=50K
17,7,15,Male,<=50K
48,14,50,Male,>50K
69,11,40,Female,<=50K
50,10,40,Male,>50K
23,9,40,Male,<=50K
32,9,40,Male,>50K
61,9,17,Female,<=50K
20,10,20,Female,<=50K
46,11,40,Male,<=50K
22,13,16,Female,<=50K
50,10,60,Male,>50K
22,10,40,Male,<=50K
20,9,10,Female,<=50K
50,10,40,Female,<=50K
26,7,20,Female,<=50K
23,13,35,Male,<=50K
43,15,40,Male,<=50K
40,13,15,Male,<=50K
28,9,35,Female,<=50K
20,10,32,Female,<=50K
60,13,40,Male,<=50K
42,9,40,Female,<=50K
52,10,5,Male,<=50K
18,9,40,Female,<=50K
39,13,35,Male,>50K
42,10,40,Male,>50K
18,9,40,Male,<=50K
38,9,45,Male,<=50K
18,10,40,Female,<=50K
36,9,60,Male,>50K
38,12,40,Female,<=50K
21,9,40,Male,<=50K
43,9,50,Male,<=50K
19,10,20,Female,<=50K
47,14,50,Male,>50K
55,15,55,Male,>50K
33,12,50,Male,<=50K
41,13,10,Female,<=50K
72,4,50,Male,<=50K
53,9,40,Male,<=50K
17,7,35,Male,<=50K
43,10,60,Male,>50K
31,6,40,Female,<=50K
38,9,40,Male,<=50K
33,9,50,Male,<=50K
24,9,45,Male,<=50K
18,7,15,Female,<=50K
45,9,80,Male,<=50K
66,11,20,Female,<=50K
28,10,40,Male,>50K
26,10,40,Female,<=50K
50,9,40,Male,<=50K
25,9,70,Female,<=50K
61,2,40,Male,<=50K
28,10,40,Female,<=50K
50,12,40,Female,<=50K
34,9,80,Male,<=50K
19,10,16,Female,<=50K
40,10,40,Female,<=50K
36,9,40,Female,<=50K
31,9,50,Male,<=50K
20,9,53,Male,<=50K
69,9,9,Female,<=50K
25,13,50,Male,<=50K
76,10,12,Female,<=50K
20,10,40,Male,<=50K
47,13,50,Male,<=50K
23,10,50,Male,<=50K
52,9,40,Male,<=50K
39,10,40,Male,<=50K
20,10,18,Female,<=50K
36,9,40,Male,<=50K
21,11,30,Male,<=50K
42,14,40,Male,<=50K
23,9,40,Female,<=50K
31,10,80,Male,<=50K
46,10,38,Male,>50K
44,14,38,Female,<=50K
21,9,50,Female,<=50K
43,5,40,Male,<=50K
39,13,35,Female,<=50K
55,14,52,Male,>50K
52,14,40,Male,<=50K
34,7,40,Female,<=50K
42,9,40,Male,<=50K
36,13,40,Male,<=50K
41,11,5,Female,<=50K
17,7,40,Male,<=50K
51,14,60,Male,>50K
61,11,32,Female,<=50K
64,6,35,Female,<=50K
31,9,40,Female,<=50K
45,10,30,Male,<=50K
18,8,20,Female,<=50K
29,10,60,Male,<=50K
60,5,40,Male,<=50K
39,14,56,Male,<=50K
47,9,37,Female,<=50K
41,10,40,Female,>50K
46,13,45,Male,>50K
25,7,40,Female,<=50K
32,13,45,Male,<=50K
38,9,40,Female,>50K
20,10,20,Female,<=50K
29,10,40,Female,<=50K
63,7,40,Male,<=50K
37,10,40,Male,<=50K
28,9,40,Male,<=50K
24,9,25,Male,<=50K
39,5,55,Male,<=50K
48,13,40,Female,<=50K
55,11,50,Male,>50K
22,9,40,Female,<=50K
65,2,40,Male,<=50K
28,14,58,Male,<=50K
59,9,40,Female,<=50K
43,15,20,Male,<=50K
24,9,40,Male,<=50K
23,7,40,Male,<=50K
44,10,40,Male,>50K
50,10,35,Female,>50K
24,9,40,Male,<=50K
35,14,60,Male,>50K
34,12,28,Male,<=50K
69,12,40,Male,>50K
44,9,42,Male,<=50K
22,10,40,Female,<=50K
39,10,40,Male,>50K
65,7,20,Male,<=50K
47,9,40,Male,<=50K
53,8,40,Male,<=50K
18,8,12,Female,<=50K
35,13,50,Male,>50K
53,9,35,Male,>50K
37,13,35,Female,<=50K
28,13,40,Male,<=50K
50,11,40,Male,<=50K
17,5,30,Female,<=50K
33,10,50,Female,<=50K
48,10,70,Male,<=50K
44,9,40,Male,>50K
31,9,40,Female,<=50K
43,13,50,Male,>50K
54,9,38,Female,<=50K
38,9,40,Male,<=50K
18,9,20,Male,<=50K
38,9,48,Female,<=50K
25,9,50,Female,<=50K
37,9,50,Male,<=50K
56,14,60,Male,<=50K
37,10,48,Female,<=50K
37,13,40,Female,<=50K
45,9,35,Female,<=50K
19,10,18,Female,<=50K
54,4,40,Male,<=50K
47,10,40,Male,<=50K
67,10,40,Male,<=50K
57,9,48,Male,<=50K
50,9,45,Male,>50K
39,9,42,Male,<=50K
24,9,40,Male,<=50K
41,9,45,Male,<=50K
39,7,1,Male,<=50K
62,9,40,Male,<=50K
40,9,40,Female,<=50K
36,10,55,Male,<=50K
49,14,40,Male,>50K
48,9,45,Male,>50K
55,7,40,Female,<=50K
24,9,30,Female,<=50K
38,16,40,Male,<=50K
43,7,25,Female,<=50K
24,5,30,Female,<=50K
39,9,40,Female,<=50K
58,6,40,Male,>50K
48,9,44,Female,<=50K
32,11,40,Male,<=50K
32,13,40,Female,>50K
47,9,36,Female,<=50K
37,9,40,Male,<=50K
24,10,60,Male,<=50K
25,9,48,Male,<=50K
29,9,40,Male,<=50K
26,9,40,Male,<=50K
18,10,20,Female,<=50K
35,10,38,Male,>50K
45,10,40,Female,<=50K
26,9,45,Male,<=50K
23,13,16,Male,<=50K
20,7,40,Male,<=50K
32,11,60,Male,>50K
51,7,40,Female,<=50K
47,7,40,Male,<=50K
26,10,40,Male,<=50K
21,10,20,Male,<=50K
28,10,40,Male,>50K
34,9,40,Female,<=50K
64,8,40,Male,<=50K
56,9,40,Male,<=50K
53,9,40,Male,>50K
47,13,45,Male,>50K
58,9,60,Male,>50K
50,14,45,Female,<=50K
27,12,55,Male,<=50K
65,9,20,Female,<=50K
29,7,52,Male,<=50K
34,13,45,Male,>50K
45,15,50,Male,>50K
25,9,40,Male,<=50K
24,9,35,Male,<=50K
46,10,40,Male,<=50K
47,11,40,Male,>50K
55,14,55,Male,>50K
50,9,40,Male,<=50K
42,13,40,Male,>50K
52,10,38,Female,<=50K
20,10,12,Male,<=50K
36,10,40,Female,>50K
55,9,60,Female,<=50K
49,9,32,Male,<=50K
20,7,40,Male,<=50K
29,10,40,Female,<=50K
35,9,30,Male,<=50K
22,10,20,Male,<=50K
28,10,30,Female,<=50K
44,4,40,Male,<=50K
38,9,50,Male,<=50K
42,10,40,Male,<=50K
17,7,20,Female,<=50K
21,11,40,Female,<=50K
57,9,15,Male,<=50K
39,9,40,Male,>50K
26,11,36,Female,<=50K
40,10,50,Male,>50K
36,9,40,Male,<=50K
51,14,18,Female,>50K
24,9,38,Female,<=50K
36,13,40,Male,<=50K
28,11,40,Male,<=50K
40,9,45,Male,>50K
27,13,40,Female,<=50K
25,13,20,Female,<=50K
38,10,55,Male,>50K
36,10,56,Male,<=50K
44,14,20,Male,>50K
22,13,60,Female,<=50K
53,11,40,Female,<=50K
52,13,40,Male,>50K
22,12,5,Female,<=50K
36,10,40,Male,>50K
17,7,20,Female,<=50K
23,10,55,Male,<=50K
42,4,40,Female,<=50K
25,2,40,Female,<=50K
46,13,55,Male,<=50K
41,13,55,Male,>50K
18,9,30,Male,<=50K
39,7,40,Female,<=50K
19,10,30,Female,<=50K
51,10,40,Male,>50K
37,4,35,Male,>50K
67,14,40,Male,>50K
66,7,32,Male,<=50K
66,13,20,Male,<=50K
48,4,40,Male,<=50K
29,9,40,Male,<=50K
46,13,40,Male,<=50K
43,13,40,Female,<=50K
35,13,50,Male,<=50K
59,9,60,Male,<=50K
33,9,40,Female,<=50K
30,10,40,Male,<=50K
46,9,40,Female,<=50K
26,9,40,Female,<=50K
40,10,48,Male,<=50K
36,13,55,Male,>50K
37,2,40,Male,<=50K
38,13,40,Male,<=50K
30,10,48,Male,<=50K
22,9,20,Male,<=50K
41,10,40,Male,>50K
55,10,50,Male,<=50K
36,9,40,Male,<=50K
42,10,45,Male,<=50K
36,13,40,Male,<=50K
43,12,40,Female,<=50K
43,9,96,Female,<=50K
63,13,40,Male,<=50K
17,6,20,Male,<=50K
41,9,40,Female,<=50K
34,9,40,Male,<=50K
21,9,40,Male,<=50K
64,9,20,Male,<=50K
20,10,40,Female,<=50K
37,8,40,Male,<=50K
57,10,40,Male,<=50K
50,6,60,Male,<=50K
64,9,20,Female,<=50K
25,10,40,Female,<=50K
28,13,60,Male,>50K
62,13,50,Male,>50K
20,9,40,Female,<=50K
48,11,60,Male,<=50K
29,13,40,Male,>50K
41,15,50,Male,>50K
46,14,35,Female,<=50K
46,9,40,Male,<=50K
47,13,40,Male,>50K
25,13,40,Male,<=50K
21,9,40,Male,<=50K
45,11,40,Female,>50K
61,10,16,Male,<=50K
24,10,12,Female,<=50K
22,11,60,Male,<=50K
42,14,55,Male,>50K
25,10,40,Female,<=50K
53,10,40,Female,<=50K
39,10,45,Male,>50K
56,10,50,Male,>50K
45,13,40,Male,<=50K
39,14,48,Male,>50K
52,10,24,Female,<=50K
18,10,20,Female,<=50K
40,14,43,Male,>50K
46,5,40,Female,<=50K
34,13,40,Female,<=50K
50,9,40,Male,<=50K
37,9,40,Male,<=50K
22,10,36,Male,<=50K
36,9,30,Male,<=50K
37,9,56,Male,<=50K
19,10,40,Male,<=50K
43,10,60,Male,<=50K
30,11,40,Male,<=50K
48,16,46,Female,>50K
48,9,40,Male,<=50K
20,10,15,Male,<=50K
50,6,50,Female,<=50K
71,11,28,Male,<=50K
35,9,40,Male,<=50K
26,9,40,Male,<=50K
37,9,40,Male,>50K
53,9,50,Male,>50K
58,9,40,Male,>50K
30,10,50,Male,<=50K
25,13,40,Female,<=50K
19,10,20,Female,<=50K
74,2,40,Male,<=50K
29,3,35,Male,<=50K
19,9,10,Male,<=50K
32,13,50,Female,<=50K
31,1,25,Male,<=50K
28,6,40,Male,<=50K
59,14,50,Male,>50K
32,9,40,Male,<=50K
44,13,40,Male,>50K
31,10,52,Male,<=50K
25,9,40,Female,<=50K
51,9,20,Male,<=50K
62,9,32,Female,<=50K
47,4,38,Female,<=50K
21,10,30,Male,<=50K
43,10,40,Male,<=50K
28,7,40,Male,<=50K
54,9,42,Female,<=50K
62,9,40,Male,<=50K
31,10,48,Male,<=50K
71,13,30,Male,<=50K
34,10,40,Male,>50K
35,11,40,Male,<=50K
23,9,40,Male,<=50K
59,13,40,Male,<=50K
17,7,16,Female,<=50K
42,14,45,Male,<=50K
43,10,40,Male,<=50K
25,13,45,Male,<=50K
57,9,40,Female,<=50K
25,9,50,Male,<=50K
56,13,45,Male,>50K
49,11,40,Male,<=50K
18,7,15,Male,<=50K
39,14,40,Male,>50K
46,13,25,Female,>50K
25,10,25,Female,<=50K
50,10,55,Male,<=50K
20,10,35,Male,<=50K
22,10,40,Male,<=50K
41,15,45,Male,>50K
59,9,60,Male,<=50K
51,9,40,Female,<=50K
34,13,21,Male,<=50K
55,9,60,Male,<=50K
56,13,40,Female,<=50K
17,6,16,Male,<=50K
26,13,35,Female,<=50K
31,9,40,Male,<=50K
41,14,35,Male,<=50K
62,5,25,Female,<=50K
43,13,60,Male,>50K
53,5,40,Male,<=50K
23,7,40,Female,<=50K
24,9,50,Male,<=50K
65,9,40,Male,>50K
50,9,47,Male,<=50K
48,13,30,Male,>50K
38,11,36,Female,>50K
20,10,35,Female,<=50K
59,13,60,Male,>50K
51,9,40,Female,<=50K
23,13,60,Male,<=50K
38,9,50,Male,<=50K
70,5,18,Male,<=50K
25,2,40,Female,<=50K
43,15,70,Male,>50K
39,9,40,Male,>50K
19,9,40,Male,<=50K
53,9,32,Female,<=50K
44,9,40,Male,<=50K
52,2,40,Male,<=50K
32,7,40,Male,<=50K
37,10,60,Male,<=50K
37,10,35,Male,<=50K
26,10,55,Male,<=50K
40,9,40,Female,<=50K
59,9,40,Female,<=50K
28,10,40,Male,<=50K
36,12,48,Male,<=50K
21,10,25,Male,<=50K
22,10,12,Female,<=50K
44,10,40,Male,>50K
48,9,46,Male,<=50K
43,9,45,Female,<=50K
29,9,40,Male,<=50K
56,5,40,Male,<=50K
49,13,40,Female,>50K
34,9,40,Male,<=50K
36,10,60,Male,>50K
28,13,45,Male,<=50K
21,10,50,Male,<=50K
68,9,20,Male,<=50K
56,13,40,Female,>50K
33,9,40,Male,<=50K
45,16,40,Male,>50K
49,10,50,Male,<=50K
51,14,40,Male,>50K
30,9,65,Male,<=50K
28,9,40,Male,<=50K
18,7,16,Female,<=50K
54,9,36,Male,>50K
41,9,40,Female,<=50K
43,9,40,Female,<=50K
25,9,16,Male,<=50K
34,10,40,Male,<=50K
45,13,40,Male,<=50K
35,8,40,Male,<=50K
31,10,34,Male,<=50K
29,9,32,Female,<=50K
44,9,30,Female,<=50K
43,9,40,Female,<=50K
24,9,40,Female,<=50K
22,13,20,Female,<=50K
18,7,12,Female,<=50K
55,16,40,Male,<=50K
23,10,25,Female,<=50K
56,9,30,Male,>50K
45,13,50,Male,>50K
44,10,40,Female,>50K
65,13,40,Male,>50K
20,9,40,Female,<=50K
43,9,35,Male,<=50K
48,13,50,Male,<=50K
39,14,30,Female,>50K
54,14,45,Male,>50K
37,13,50,Male,>50K
20,10,25,Female,<=50K
38,9,50,Male,<=50K
47,9,42,Male,>50K
34,10,40,Female,<=50K
18,10,15,Female,<=50K
40,10,40,Female,<=50K
43,13,45,Female,<=50K
77,9,10,Female,<=50K
47,14,40,Male,>50K
34,14,30,Male,<=50K
23,10,40,Male,<=50K
21,9,40,Female,<=50K
24,13,28,Male,<=50K
36,12,32,Female,<=50K
23,10,40,Female,<=50K
23,6,40,Female,<=50K
41,9,50,Male,<=50K
48,9,40,Male,<=50K
74,9,14,Male,<=50K
37,9,38,Male,<=50K
53,15,40,Male,>50K
20,10,15,Female,<=50K
31,10,50,Female,<=50K
19,10,40,Female,<=50K
38,16,50,Male,>50K
21,9,40,Female,<=50K
39,10,40,Male,>50K
47,14,40,Male,>50K
17,7,30,Female,<=50K
47,10,40,Male,>50K
29,13,25,Male,<=50K
56,13,40,Male,>50K
36,9,40,Male,>50K
26,9,16,Female,<=50K
29,14,40,Male,<=50K
42,10,45,Male,<=50K
43,10,40,Male,<=50K
44,13,65,Male,>50K
37,9,40,Female,<=50K
40,9,40,Male,<=50K
50,10,40,Female,<=50K
38,13,55,Male,>50K
43,9,40,Male,<=50K
51,14,35,Male,>50K
25,7,12,Female,<=50K
40,13,50,Male,<=50K
54,6,40,Male,<=50K
40,9,51,Male,<=50K
24,9,40,Male,<=50K
49,9,30,Male,<=50K
26,13,10,Female,<=50K
47,10,40,Male,<=50K
50,9,38,Male,<=50K
34,10,40,Male,<=50K
55,9,56,Male,>50K
44,9,40,Male,>50K
17,7,14,Male,<=50K
23,13,30,Female,<=50K
34,13,20,Female,<=50K
18,7,20,Female,<=50K
23,9,40,Female,<=50K
41,10,46,Male,>50K
21,10,38,Female,<=50K
24,10,40,Male,<=50K
24,10,20,Male,<=50K
35,13,25,Male,<=50K
28,9,40,Female,<=50K
33,13,50,Male,>50K
49,10,48,Male,>50K
17,7,16,Female,<=50K
31,2,35,Male,<=50K
43,13,50,Male,>50K
41,9,60,Male,<=50K
26,12,50,Male,<=50K
41,14,65,Male,<=50K
50,4,40,Male,<=50K
23,9,40,Female,<=50K
70,3,40,Female,<=50K
22,9,40,Female,<=50K
77,11,30,Female,<=50K
19,10,20,Female,<=50K
21,9,45,Male,<=50K
18,10,30,Female,<=50K
28,13,40,Male,<=50K
47,9,40,Female,<=50K
39,13,48,Male,>50K
27,13,40,Male,<=50K
52,10,40,Female,<=50K
47,13,40,Female,<=50K
37,7,40,Male,<=50K
33,9,40,Male,<=50K
29,9,40,Male,<=50K
24,13,40,Female,<=50K
58,9,40,Male,<=50K
27,13,40,Male,<=50K
33,9,60,Male,<=50K
54,13,70,Male,<=50K
28,9,60,Male,<=50K
20,9,30,Female,<=50K
29,5,40,Female,<=50K
55,10,40,Male,>50K
55,11,20,Male,<=50K
35,9,40,Male,<=50K
47,9,38,Female,>50K
45,13,50,Male,<=50K
50,13,40,Male,>50K
54,10,38,Female,<=50K
36,10,45,Male,<=50K
52,13,40,Female,<=50K
22,10,45,Male,<=50K
27,9,40,Male,<=50K
49,9,30,Male,>50K
36,14,50,Male,>50K
32,12,40,Male,<=50K
29,4,40,Male,<=50K
29,9,60,Male,<=50K
25,9,40,Female,<=50K
31,13,40,Male,<=50K
27,9,45,Male,>50K
30,10,72,Male,>50K
41,10,50,Male,>50K
37,12,40,Female,<=50K
61,16,40,Male,>50K
45,10,40,Female,<=50K
47,14,40,Female,<=50K
31,14,25,Male,<=50K
39,13,40,Male,<=50K
38,16,36,Female,>50K
50,9,50,Male,<=50K
45,9,40,Male,>50K
38,11,40,Male,<=50K
61,13,30,Male,<=50K
52,9,40,Male,<=50K
36,13,60,Male,<=50K
23,10,40,Male,<=50K
73,13,40,Male,<=50K
21,9,24,Male,<=50K
51,9,40,Male,<=50K
36,10,40,Male,<=50K
28,9,40,Male,<=50K
25,10,48,Male,<=50K
44,9,33,Female,<=50K
22,13,60,Female,<=50K
79,10,20,Male,<=50K
49,9,40,Male,<=50K
37,13,39,Male,<=50K
31,13,40,Male,<=50K
25,9,60,Male,<=50K
42,9,40,Male,>50K
40,9,40,Female,<=50K
38,11,50,Male,<=50K
46,14,60,Male,>50K
20,9,40,Male,<=50K
67,9,25,Male,<=50K
23,4,25,Male,<=50K
44,9,40,Male,<=50K
46,10,40,Female,<=50K
22,9,40,Female,<=50K
19,9,25,Female,<=50K
22,10,50,Male,<=50K
43,11,40,Male,<=50K
50,13,50,Male,>50K
49,14,40,Male,>50K
32,10,45,Male,<=50K
67,9,58,Male,>50K
37,14,40,Female,<=50K
21,10,40,Male,<=50K
54,10,40,Male,<=50K
48,15,63,Male,>50K
47,9,4,Female,<=50K
45,9,30,Male,<=50K
43,12,20,Male,<=50K
32,9,72,Male,<=50K
35,9,75,Male,<=50K
23,13,38,Female,<=50K
34,9,50,Male,<=50K
72,9,8,Male,<=50K
18,8,20,Male,<=50K
72,4,99,Female,<=50K
40,9,40,Male,>50K
49,13,40,Male,>50K
30,13,72,Male,>50K
45,13,45,Male,>50K
41,10,64,Male,>50K
51,5,40,Male,<=50K
57,10,25,Male,<=50K
47,14,40,Male,<=50K
35,9,55,Male,<=50K
27,10,40,Male,<=50K
27,9,40,Male,>50K
54,13,50,Male,>50K
32,13,40,Male,<=50K
51,9,40,Male,<=50K
23,10,20,Female,<=50K
49,9,35,Female,<=50K
21,10,40,Male,<=50K
58,10,60,Male,>50K
21,3,40,Male,<=50K
44,14,48,Male,<=50K
25,14,40,Female,<=50K
51,16,99,Male,<=50K
20,10,20,Female,<=50K
29,13,15,Female,<=50K
46,9,40,Male,<=50K
24,14,60,Female,>50K
28,4,35,Male,<=50K
36,9,45,Male,>50K
20,10,20,Female,<=50K
25,13,40,Male,<=50K
47,9,40,Male,<=50K
51,13,50,Male,>50K
29,9,50,Male,<=50K
63,9,40,Male,<=50K
65,9,40,Male,>50K
24,13,45,Male,<=50K
37,6,65,Male,<=50K
32,10,50,Male,>50K
21,10,10,Male,<=50K
26,10,30,Male,<=50K
20,10,40,Male,<=50K
38,9,40,Female,>50K
21,10,20,Male,<=50K
17,6,20,Female,<=50K
35,11,40,Male,<=50K
33,10,40,Female,<=50K
28,13,45,Male,<=50K
59,14,60,Female,>50K
58,14,35,Male,>50K
39,12,40,Female,<=50K
22,3,40,Male,<=50K
62,10,45,Female,>50K
36,9,45,Male,<=50K
19,10,40,Male,<=50K
33,11,40,Male,>50K
47,9,50,Female,<=50K
61,6,50,Male,>50K
57,13,40,Male,<=50K
55,14,40,Female,>50K
41,9,40,Male,>50K
32,7,60,Female,<=50K
37,9,40,Male,<=50K
46,14,38,Female,<=50K
25,13,44,Female,<=50K
26,13,40,Male,>50K
32,9,40,Male,<=50K
21,9,40,Female,<=50K
31,10,40,Female,<=50K
64,9,60,Male,>50K
37,13,40,Male,<=50K
45,10,50,Male,>50K
48,3,50,Male,<=50K
43,9,40,Male,<=50K
64,9,20,Female,<=50K
31,9,25,Female,<=50K
23,13,40,Male,<=50K
28,13,40,Male,<=50K
29,9,16,Male,<=50K
38,11,40,Male,<=50K
60,9,40,Male,<=50K
29,10,40,Female,<=50K
20,10,25,Female,<=50K
18,10,40,Female,<=50K
31,10,42,Male,<=50K
38,13,41,Male,>50K
43,13,42,Male,>50K
19,9,40,Male,<=50K
61,5,40,Male,<=50K
21,10,15,Female,<=50K
52,9,48,Female,<=50K
27,9,40,Male,<=50K
39,9,40,Male,<=50K
32,9,40,Male,<=50K
57,10,40,Male,<=50K
23,9,40,Female,<=50K
25,10,40,Female,<=50K
25,13,35,Male,<=50K
28,11,40,Female,<=50K
37,9,40,Male,<=50K
68,13,25,Male,<=50K
53,9,40,Male,<=50K
65,9,40,Male,<=50K
27,9,40,Male,<=50K
52,6,48,Male,<=50K
19,10,12,Female,<=50K
38,13,40,Male,>50K
31,13,40,Male,<=50K
23,9,45,Female,<=50K
48,2,50,Male,<=50K
24,13,40,Male,<=50K
48,9,55,Male,>50K
56,10,40,Male,>50K
21,9,40,Male,<=50K
66,10,24,Male,<=50K
35,10,36,Female,<=50K
26,13,40,Female,>50K
29,9,65,Male,<=50K
23,10,40,Female,<=50K
23,10,25,Male,<=50K
34,15,48,Male,>50K
52,4,50,Female,<=50K
40,9,40,Male,<=50K
44,12,56,Female,>50K
54,6,45,Male,<=50K
30,7,40,Male,<=50K
56,9,45,Male,>50K
58,9,20,Female,<=50K
36,9,40,Male,<=50K
36,12,40,Male,<=50K
18,9,20,Female,<=50K
58,9,27,Female,<=50K
21,9,24,Male,<=50K
33,9,40,Male,<=50K
56,13,42,Male,>50K
37,9,40,Male,<=50K
54,10,50,Male,<=50K
60,13,40,Male,<=50K
68,9,33,Female,<=50K
38,13,40,Male,>50K
19,10,20,Male,<=50K
30,13,40,Female,<=50K
19,9,40,Male,<=50K
38,9,48,Male,<=50K
67,2,34,Female,<=50K
46,5,43,Male,<=50K
33,7,40,Female,>50K
45,14,40,Male,>50K
24,9,40,Male,>50K
22,10,25,Female,<=50K
33,9,40,Male,<=50K
49,9,40,Male,>50K
29,15,55,Male,<=50K
19,10,30,Female,<=50K
34,9,40,Female,<=50K
39,9,24,Male,<=50K
30,11,40,Male,<=50K
49,16,50,Male,>50K
39,13,50,Male,>50K
36,6,40,Male,<=50K
42,9,39,Male,<=50K
31,4,60,Male,<=50K
42,9,40,Male,<=50K
37,13,40,Male,<=50K
54,5,40,Male,<=50K
33,10,40,Male,<=50K
29,10,60,Female,<=50K
59,10,50,Male,>50K
37,9,60,Female,<=50K
54,13,40,Female,<=50K
22,9,40,Male,<=50K
49,6,40,Male,<=50K
24,9,32,Female,<=50K
26,10,12,Male,<=50K
64,9,50,Male,<=50K
39,6,40,Male,<=50K
45,9,44,Male,>50K
27,9,30,Female,<=50K
55,9,40,Female,<=50K
41,9,20,Female,<=50K
47,7,40,Female,<=50K
47,14,42,Female,<=50K
24,9,30,Male,<=50K
58,2,40,Male,<=50K
41,7,50,Male,<=50K
53,13,40,Female,<=50K
54,9,55,Male,>50K
58,9,60,Female,<=50K
38,9,50,Male,<=50K
38,3,40,Female,<=50K
26,9,40,Male,<=50K
20,10,40,Female,<=50K
32,9,60,Male,<=50K
29,10,40,Female,<=50K
57,10,75,Male,>50K
32,10,40,Male,<=50K
56,9,40,Male,<=50K
58,9,40,Male,>50K
57,9,30,Male,<=50K
45,15,40,Male,>50K
62,5,40,Male,<=50K
22,9,40,Male,<=50K
42,13,50,Male,>50K
28,10,40,Female,<=50K
33,7,53,Male,<=50K
48,12,40,Male,>50K
34,9,55,Male,<=50K
31,13,25,Male,<=50K
58,3,40,Male,<=50K
48,9,40,Male,<=50K
61,6,40,Female,<=50K
49,11,20,Female,<=50K
22,10,15,Male,<=50K
32,10,40,Female,<=50K
22,10,20,Female,<=50K
46,13,45,Male,>50K
36,11,45,Male,<=50K
50,9,40,Female,<=50K
40,15,55,Male,>50K
27,9,40,Female,<=50K
37,14,70,Female,<=50K
24,10,40,Male,<=50K
29,13,50,Male,<=50K
27,10,5,Male,<=50K
53,9,48,Male,<=50K
30,11,35,Male,>50K
41,10,42,Male,>50K
54,10,60,Male,>50K
51,9,40,Male,<=50K
26,9,80,Male,>50K
57,10,40,Female,<=50K
18,8,40,Male,<=50K
18,9,3,Female,<=50K
48,13,40,Male,>50K
35,4,40,Male,<=50K
63,10,10,Female,>50K
37,10,50,Male,<=50K
29,10,40,Male,<=50K
41,13,50,Male,>50K
22,10,20,Female,<=50K
63,15,40,Male,<=50K
37,14,50,Female,>50K
37,10,39,Male,<=50K
40,13,50,Male,>50K
20,10,20,Female,<=50K
68,9,15,Male,<=50K
29,12,72,Male,>50K
47,7,40,Female,<=50K
36,16,45,Male,<=50K
35,9,72,Male,<=50K
23,6,18,Male,<=50K
51,13,25,Female,<=50K
34,10,40,Male,<=50K
24,9,40,Male,<=50K
44,13,40,Male,>50K
50,9,40,Female,>50K
28,9,50,Male,<=50K
17,7,12,Female,<=50K
27,13,50,Male,<=50K
60,7,40,Male,>50K
48,9,35,Female,<=50K
19,10,30,Male,<=50K
61,9,40,Female,<=50K
41,10,65,Male,>50K
32,10,72,Male,<=50K
55,14,35,Female,<=50K
65,9,40,Female,<=50K
38,13,35,Female,<=50K
31,13,70,Male,>50K
22,9,40,Female,<=50K
43,9,40,Male,<=50K
22,6,40,Male,<=50K
30,10,30,Male,<=50K
38,10,38,Male,<=50K
35,13,45,Male,>50K
28,9,70,Female,<=50K
41,2,40,Male,<=50K
26,9,40,Male,<=50K
56,9,40,Male,<=50K
49,13,40,Female,>50K
27,13,10,Female,<=50K
59,6,37,Female,<=50K
39,9,40,Male,>50K
34,13,40,Male,<=50K
18,7,16,Male,<=50K
28,9,40,Female,<=50K
22,10,30,Male,<=50K
36,10,52,Male,>50K
31,13,40,Male,<=50K
54,13,45,Female,>50K
41,13,99,Female,<=50K
19,9,20,Male,<=50K
31,13,40,Male,<=50K
52,9,40,Male,<=50K
25,14,37,Female,<=50K
23,9,40,Male,<=50K
56,9,40,Female,<=50K
36,9,40,Female,<=50K
35,9,12,Female,<=50K
41,9,40,Female,<=50K
49,13,42,Male,>50K
39,9,47,Female,<=50K
52,5,30,Female,<=50K
28,13,48,Male,<=50K
32,14,40,Male,>50K
51,11,40,Male,>50K
33,12,60,Male,<=50K
26,12,8,Female,<=50K
59,13,55,Male,>50K
33,15,65,Male,>50K
47,13,50,Male,<=50K
48,9,35,Male,>50K
34,7,30,Female,<=50K
54,13,40,Male,>50K
65,11,20,Male,<=50K
32,9,40,Male,<=50K
19,9,40,Male,<=50K
41,8,40,Male,<=50K
18,7,15,Male,<=50K
20,5,40,Male,<=50K
23,13,40,Male,<=50K
56,9,38,Female,<=50K
19,10,32,Male,<=50K
48,9,50,Female,<=50K
46,10,40,Male,>50K
22,10,40,Male,<=50K
43,4,38,Female,<=50K
40,10,40,Female,<=50K
43,12,40,Male,<=50K
37,13,36,Male,>50K
67,5,40,Male,<=50K
18,9,30,Female,<=50K
41,12,60,Male,>50K
57,6,64,Male,<=50K
46,9,40,Male,<=50K
53,12,40,Female,<=50K
39,7,46,Male,<=50K
18,7,15,Male,<=50K
36,10,50,Male,<=50K
29,9,35,Female,<=50K
53,10,40,Female,<=50K
34,9,45,Female,<=50K
44,13,45,Female,>50K
20,10,40,Male,<=50K
26,12,40,Male,<=50K
43,10,40,Female,<=50K
52,9,40,Male,<=50K
42,13,12,Female,<=50K
51,15,40,Male,<=50K
29,10,40,Female,<=50K
37,13,40,Male,<=50K
23,9,40,Male,<=50K
50,11,45,Male,<=50K
48,13,50,Male,<=50K
51,13,25,Male,<=50K
68,13,35,Male,>50K
44,9,40,Male,<=50K
26,13,20,Female,<=50K
26,13,40,Male,<=50K
34,11,40,Male,<=50K
24,7,30,Female,<=50K
32,9,50,Male,>50K
76,5,30,Male,<=50K
27,12,40,Male,<=50K
60,9,32,Male,<=50K
35,10,50,Male,<=50K
28,10,40,Female,<=50K
58,9,72,Male,>50K
38,5,40,Male,<=50K
22,10,25,Male,<=50K
30,9,40,Male,<=50K
26,11,55,Female,<=50K
38,9,40,Male,>50K
46,10,40,Male,>50K
23,11,40,Male,<=50K
20,10,40,Male,<=50K
47,9,40,Male,<=50K
22,11,37,Female,<=50K
20,8,35,Male,<=50K
19,10,30,Female,<=50K
31,9,40,Male,<=50K
50,9,40,Male,>50K
30,10,40,Male,>50K
20,10,40,Male,<=50K
31,11,40,Male,<=50K
30,11,40,Male,<=50K
36,10,40,Male,<=50K
33,9,40,Male,<=50K
44,13,40,Male,<=50K
63,9,35,Male,<=50K
51,9,60,Male,>50K
28,6,45,Male,<=50K
36,13,60,Female,<=50K
31,9,40,Male,>50K
31,13,20,Female,<=50K
20,10,25,Female,<=50K
58,9,24,Male,<=50K
65,10,20,Male,<=50K
36,9,40,Female,<=50K
20,10,30,Female,<=50K
19,6,25,Male,<=50K
29,11,50,Male,<=50K
25,13,37,Female,<=50K
27,12,42,Female,<=50K
41,9,40,Male,>50K
45,14,37,Male,>50K
45,9,60,Male,<=50K
27,9,50,Male,<=50K
47,9,50,Male,<=50K
31,13,32,Male,<=50K
24,11,40,Male,<=50K
43,9,40,Male,<=50K
55,4,10,Male,<=50K
21,10,20,Male,<=50K
41,14,40,Male,>50K
40,9,30,Female,>50K
41,7,40,Female,<=50K
27,9,40,Female,<=50K
47,13,80,Male,<=50K
28,13,8,Male,<=50K
38,13,20,Female,<=50K
48,14,40,Female,>50K
44,9,40,Male,<=50K
41,10,40,Male,>50K
33,14,20,Male,<=50K
20,10,32,Male,<=50K
37,9,55,Male,>50K
66,10,40,Male,<=50K
38,11,43,Male,<=50K
51,6,35,Female,<=50K
36,10,50,Male,>50K
45,11,24,Male,>50K
25,9,40,Male,<=50K
52,11,13,Female,<=50K
24,10,30,Female,<=50K
47,12,40,Male,>50K
47,6,40,Male,<=50K
38,14,40,Male,<=50K
23,10,60,Female,<=50K
36,9,40,Male,<=50K
28,5,40,Male,<=50K
55,13,45,Male,>50K
38,10,40,Female,>50K
33,2,32,Male,<=50K
17,7,12,Female,<=50K
61,9,40,Male,<=50K
32,14,50,Male,<=50K
36,3,50,Male,>50K
38,14,35,Male,>50K
35,9,40,Male,<=50K
24,9,40,Male,<=50K
36,9,40,Female,>50K
62,9,40,Male,<=50K
64,15,40,Male,>50K
24,8,55,Male,<=50K
46,3,40,Female,<=50K
23,9,40,Male,<=50K
42,12,40,Male,<=50K
35,13,55,Male,<=50K
39,13,40,Male,>50K
24,13,40,Female,<=50K
21,10,8,Male,<=50K
40,10,40,Male,<=50K
49,13,50,Male,>50K
17,7,16,Female,<=50K
25,13,20,Male,<=50K
40,9,40,Female,>50K
46,13,45,Male,>50K
30,9,44,Male,<=50K
37,9,40,Male,<=50K
59,9,45,Male,<=50K
18,7,20,Female,<=50K
52,6,40,Female,<=50K
35,13,40,Male,>50K
45,13,45,Male,>50K
29,12,45,Female,>50K
22,11,40,Male,<=50K
62,4,10,Male,<=50K
23,10,50,Male,<=50K
38,10,38,Female,<=50K
44,9,40,Female,<=50K
29,13,40,Female,<=50K
66,7,26,Male,<=50K
36,5,40,Male,<=50K
50,9,40,Male,<=50K
34,5,40,Male,<=50K
33,10,40,Female,<=50K
40,9,40,Male,<=50K
21,10,40,Female,<=50K
41,10,15,Male,<=50K
34,8,40,Female,<=50K
38,11,50,Male,>50K
45,14,60,Male,>50K
21,9,40,Male,<=50K
24,13,50,Male,<=50K
45,13,50,Female,<=50K
23,10,36,Female,<=50K
42,9,40,Male,<=50K
41,9,60,Male,>50K
28,9,40,Male,<=50K
45,9,45,Male,>50K
18,9,35,Female,<=50K
27,9,40,Male,<=50K
26,10,40,Male,<=50K
33,9,40,Male,<=50K
20,10,40,Female,<=50K
43,12,40,Male,<=50K
56,10,60,Male,>50K
32,13,50,Female,>50K
40,14,40,Male,>50K
45,3,40,Male,<=50K
18,10,50,Male,<=50K
37,13,30,Female,<=50K
60,9,27,Female,<=50K
43,9,40,Male,<=50K
50,10,50,Female,<=50K
27,9,35,Female,<=50K
42,9,40,Female,<=50K
37,7,40,Male,<=50K
19,9,40,Male,<=50K
19,9,10,Male,<=50K
44,10,38,Female,<=50K
30,13,40,Female,<=50K
38,9,35,Female,>50K
38,9,15,Male,<=50K
23,12,30,Male,<=50K
19,9,30,Male,<=50K
17,6,14,Male,<=50K
22,10,25,Male,<=50K
19,9,40,Female,<=50K
32,10,50,Male,<=50K
25,9,40,Male,<=50K
69,5,40,Male,<=50K
43,10,28,Female,<=50K
42,13,40,Female,>50K
41,14,38,Male,>50K
42,13,33,Male,<=50K
25,10,40,Male,<=50K
48,1,40,Female,<=50K
58,13,40,Male,<=50K
61,11,8,Female,<=50K
44,13,12,Male,<=50K
40,16,55,Male,>50K
45,9,40,Female,<=50K
58,10,45,Male,<=50K
29,11,40,Male,<=50K
17,6,40,Male,<=50K
24,9,40,Male,<=50K
52,10,40,Female,<=50K
28,10,24,Female,<=50K
50,13,40,Female,>50K
47,13,40,Male,<=50K
34,9,20,Female,<=50K
38,4,56,Male,<=50K
48,10,40,Female,>50K
35,12,40,Male,<=50K
23,13,40,Male,<=50K
43,9,40,Female,<=50K
22,7,50,Male,<=50K
51,10,10,Female,>50K
32,11,24,Female,>50K
22,9,24,Female,<=50K
28,13,4,Female,<=50K
43,9,20,Male,<=50K
21,10,48,Male,<=50K
62,11,40,Male,<=50K
39,16,45,Male,<=50K
45,9,40,Male,<=50K
25,10,40,Male,<=50K
35,11,40,Male,<=50K
33,8,40,Female,<=50K
40,13,40,Female,<=50K
21,10,20,Female,<=50K
17,8,6,Female,<=50K
57,13,40,Male,>50K
38,10,40,Male,<=50K
20,9,40,Female,<=50K
33,12,40,Male,<=50K
28,10,50,Male,>50K
22,10,16,Female,<=50K
51,13,40,Male,<=50K
72,4,35,Male,<=50K
35,7,6,Female,<=50K
31,13,52,Male,<=50K
20,9,60,Male,<=50K
17,7,5,Female,<=50K
23,9,40,Female,<=50K
22,6,40,Male,<=50K
36,13,45,Male,>50K
43,10,40,Male,<=50K
20,8,55,Female,<=50K
23,9,15,Female,>50K
47,10,16,Female,<=50K
19,9,40,Female,<=50K
32,7,40,Male,<=50K
26,10,37,Male,<=50K
26,8,40,Male,<=50K
18,3,30,Male,<=50K
45,10,55,Male,<=50K
21,10,10,Male,<=50K
18,10,40,Male,<=50K
25,13,40,Female,<=50K
24,9,40,Male,<=50K
43,9,40,Male,>50K
59,9,20,Male,<=50K
37,12,40,Male,<=50K
27,14,20,Male,<=50K
25,9,40,Female,<=50K
30,6,40,Male,<=50K
79,16,6,Male,>50K
34,10,55,Male,<=50K
90,4,40,Male,<=50K
41,13,60,Male,<=50K
34,13,55,Male,>50K
39,6,40,Male,<=50K
18,10,40,Male,<=50K
29,10,50,Male,<=50K
34,10,50,Male,>50K
48,10,40,Male,>50K
23,6,30,Male,<=50K
31,10,40,Male,<=50K
35,9,40,Male,<=50K
51,13,40,Male,>50K
32,9,40,Male,<=50K
45,6,40,Male,<=50K
40,15,45,Male,>50K
67,5,6,Female,<=50K
51,10,45,Male,>50K
34,10,40,Male,<=50K
27,13,50,Male,<=50K
37,9,40,Male,<=50K
68,8,35,Male,<=50K
43,14,50,Male,<=50K
63,10,48,Male,>50K
50,10,40,Male,>50K
19,10,23,Male,<=50K
21,9,40,Male,<=50K
39,11,50,Female,<=50K
61,13,40,Male,>50K
29,9,40,Male,<=50K
20,10,35,Female,<=50K
47,14,45,Male,<=50K
27,9,30,Male,<=50K
38,16,50,Male,>50K
49,9,40,Male,>50K
33,13,40,Male,>50K
45,10,50,Male,>50K
58,13,50,Female,<=50K
56,9,45,Male,<=50K
45,9,40,Male,<=50K
21,5,40,Male,<=50K
42,13,50,Male,>50K
44,10,50,Male,<=50K
63,3,25,Male,<=50K
27,9,40,Male,<=50K
50,10,40,Female,<=50K
63,13,10,Female,<=50K
55,9,60,Male,>50K
54,9,40,Male,>50K
19,8,30,Female,<=50K
32,9,40,Male,<=50K
59,10,38,Female,>50K
19,10,30,Male,<=50K
37,1,30,Male,<=50K
40,13,40,Male,>50K
19,7,30,Female,<=50K
54,9,40,Male,>50K
32,9,40,Male,<=50K
25,10,40,Male,<=50K
19,10,20,Female,<=50K
30,9,45,Male,<=50K
63,7,30,Male,<=50K
25,9,40,Male,<=50K
49,13,40,Male,>50K
40,9,40,Female,<=50K
69,9,8,Male,<=50K
44,8,40,Female,<=50K
68,13,35,Male,>50K
43,13,40,Male,>50K
36,11,53,Male,>50K
41,13,5,Female,<=50K
44,9,24,Male,<=50K
42,10,50,Male,>50K
43,9,40,Male,<=50K
44,9,50,Male,<=50K
39,10,25,Female,<=50K
18,7,20,Male,<=50K
50,16,64,Male,<=50K
25,9,50,Male,<=50K
37,9,35,Male,<=50K
52,10,40,Male,<=50K
46,13,40,Male,<=50K
38,10,40,Female,<=50K
46,10,70,Male,>50K
26,15,50,Male,<=50K
26,10,60,Male,>50K
42,14,48,Male,>50K
54,9,50,Male,<=50K
42,14,40,Female,<=50K
28,13,40,Male,<=50K
26,9,40,Male,<=50K
35,10,35,Male,<=50K
45,12,45,Male,<=50K
41,9,45,Male,<=50K
46,9,55,Female,<=50K
38,13,40,Male,<=50K
49,13,50,Female,>50K
47,9,70,Male,<=50K
39,6,40,Male,<=50K
27,13,40,Female,<=50K
26,14,40,Male,>50K
32,11,40,Male,<=50K
38,14,20,Female,>50K
36,12,40,Male,<=50K
35,14,40,Male,<=50K
27,10,40,Male,<=50K
48,13,42,Male,>50K
32,12,35,Male,<=50K
40,10,40,Male,>50K
57,14,40,Male,>50K
53,13,30,Male,>50K
30,9,40,Male,<=50K
33,10,40,Male,<=50K
30,6,45,Male,<=50K
24,9,60,Male,<=50K
30,9,45,Male,<=50K
33,13,40,Female,<=50K
32,13,60,Male,>50K
37,9,40,Female,<=50K
43,9,16,Male,<=50K
76,3,20,Male,<=50K
37,9,55,Male,<=50K
57,10,40,Male,>50K
40,10,44,Female,<=50K
65,4,25,Male,<=50K
54,10,45,Male,>50K
40,13,65,Male,>50K
35,11,50,Male,<=50K
44,16,20,Male,<=50K
23,9,50,Male,<=50K
36,5,60,Male,<=50K
18,7,20,Female,<=50K
23,10,45,Male,<=50K
47,9,40,Male,<=50K
54,10,40,Male,>50K
53,10,20,Male,<=50K
25,10,40,Male,<=50K
47,10,45,Male,<=50K
43,9,37,Male,<=50K
44,9,50,Female,<=50K
42,9,55,Male,>50K
50,10,40,Male,<=50K
35,10,50,Female,<=50K
56,2,40,Male,<=50K
37,9,45,Male,>50K
28,9,50,Male,<=50K
36,9,40,Male,>50K
30,9,65,Male,>50K
32,9,40,Male,<=50K
38,16,40,Male,<=50K
40,9,25,Female,<=50K
32,11,40,Female,<=50K
36,11,99,Male,<=50K
42,9,48,Male,<=50K
27,12,42,Male,<=50K
25,10,40,Male,<=50K
41,11,40,Male,<=50K
38,9,40,Male,<=50K
51,9,40,Female,<=50K
34,13,50,Male,>50K
38,11,40,Male,>50K
25,10,20,Male,<=50K
45,11,40,Male,<=50K
29,9,34,Female,<=50K
55,10,45,Male,<=50K
39,9,40,Male,<=50K
48,12,40,Male,<=50K
25,9,40,Male,<=50K
30,9,40,Female,<=50K
32,13,44,Male,<=50K
43,12,50,Male,>50K
29,9,40,Male,<=50K
23,12,40,Male,<=50K
58,9,40,Male,<=50K
40,10,40,Male,>50K
25,13,40,Female,<=50K
34,14,50,Female,<=50K
25,13,40,Female,<=50K
51,10,40,Female,<=50K
41,4,40,Male,<=50K
36,13,55,Male,>50K
51,5,40,Male,<=50K
27,12,40,Male,<=50K
63,9,40,Male,<=50K
43,14,40,Male,>50K
41,9,40,Female,<=50K
30,10,40,Male,<=50K
21,10,40,Male,<=50K
35,9,48,Male,<=50K
17,6,15,Female,<=50K
49,9,40,Female,<=50K
35,12,36,Female,<=50K
48,13,50,Female,>50K
24,6,45,Male,<=50K
41,13,45,Male,>50K
26,10,20,Female,<=50K
24,9,40,Female,<=50K
41,9,20,Female,<=50K
28,11,40,Male,<=50K
62,9,38,Female,<=50K
28,12,32,Male,<=50K
48,9,40,Male,<=50K
51,9,40,Male,>50K
57,14,40,Male,>50K
51,16,40,Male,>50K
23,9,3,Female,<=50K
34,14,60,Male,>50K
23,13,15,Female,<=50K
37,13,45,Male,<=50K
30,13,40,Male,>50K
36,10,40,Male,>50K
29,9,45,Male,<=50K
43,13,40,Male,<=50K
52,9,40,Male,>50K
48,10,40,Female,<=50K
51,10,60,Male,<=50K
24,10,40,Male,<=50K
60,4,40,Male,>50K
23,13,40,Female,<=50K
34,9,40,Female,<=50K
23,9,45,Male,<=50K
58,13,40,Female,>50K
39,9,55,Male,>50K
23,13,15,Female,<=50K
39,9,40,Male,<=50K
29,11,50,Male,<=50K
46,9,40,Male,<=50K
19,10,15,Male,<=50K
29,9,42,Female,<=50K
49,9,40,Male,>50K
19,10,30,Female,<=50K
25,13,60,Male,<=50K
37,10,60,Male,<=50K
37,13,50,Male,>50K
26,9,70,Male,<=50K
17,7,8,Female,<=50K
19,4,32,Male,<=50K
51,10,40,Female,>50K
43,14,40,Male,<=50K
25,13,40,Female,<=50K
46,10,50,Male,<=50K
60,9,40,Male,<=50K
19,10,25,Male,<=50K
38,7,40,Male,<=50K
52,8,40,Female,<=50K
40,15,55,Male,>50K
49,10,40,Male,<=50K
24,13,35,Female,<=50K
26,14,40,Female,<=50K
55,16,60,Male,<=50K
41,9,30,Male,>50K
36,11,40,Female,<=50K
20,9,20,Female,<=50K
58,5,40,Male,<=50K
35,13,40,Male,>50K
21,9,35,Male,<=50K
58,14,35,Male,>50K
47,10,44,Female,<=50K
46,14,38,Male,>50K
40,10,40,Male,<=50K
46,10,40,Male,>50K
41,2,40,Male,<=50K
42,12,40,Male,<=50K
17,7,30,Male,<=50K
55,12,25,Male,<=50K
33,13,40,Female,<=50K
35,14,38,Male,<=50K
29,9,50,Male,<=50K
50,13,40,Male,>50K
38,9,40,Female,<=50K
40,9,40,Female,>50K
22,9,40,Female,<=50K
38,10,40,Male,>50K
46,9,40,Female,<=50K
35,11,55,Male,<=50K
30,14,30,Male,<=50K
62,9,15,Female,<=50K
19,8,25,Female,<=50K
20,10,30,Male,<=50K
31,13,40,Female,<=50K
27,13,40,Male,<=50K
24,4,40,Male,<=50K
61,10,50,Male,>50K
28,9,42,Male,<=50K
40,9,40,Female,<=50K
48,13,50,Male,>50K
45,10,40,Female,<=50K
27,13,9,Male,<=50K
63,13,35,Male,<=50K
45,11,40,Female,>50K
45,9,55,Male,>50K
39,11,60,Male,<=50K
36,10,45,Female,<=50K
21,10,40,Male,<=50K
21,7,40,Female,<=50K
20,10,40,Male,<=50K
59,13,50,Male,>50K
21,10,40,Male,<=50K
28,10,40,Male,<=50K
61,9,40,Female,<=50K
36,13,65,Male,>50K
40,13,40,Male,>50K
29,6,40,Male,<=50K
37,10,30,Female,<=50K
24,10,40,Male,<=50K
28,6,80,Male,<=50K
54,10,40,Male,>50K
34,11,40,Female,<=50K
49,9,40,Male,<=50K
22,13,15,Male,<=50K
41,9,40,Female,<=50K
51,9,40,Male,<=50K
46,11,48,Male,>50K
42,13,50,Male,>50K
20,9,40,Male,<=50K
46,9,41,Male,>50K
24,9,40,Female,<=50K
39,14,60,Male,>50K
38,7,20,Female,<=50K
47,9,40,Male,<=50K
44,9,60,Male,<=50K
24,9,45,Male,<=50K
41,10,40,Male,<=50K
37,9,60,Male,>50K
48,10,40,Female,<=50K
56,9,40,Female,<=50K
36,9,40,Female,<=50K
23,10,25,Male,<=50K
18,9,30,Female,<=50K
65,16,40,Male,>50K
43,13,50,Male,<=50K
46,9,37,Female,<=50K
33,5,50,Male,<=50K
41,9,40,Female,<=50K
23,11,40,Male,<=50K
51,9,40,Female,<=50K
49,9,40,Male,>50K
30,13,40,Male,>50K
22,10,20,Female,<=50K
50,10,40,Male,>50K
25,7,40,Male,<=50K
28,13,55,Male,>50K
62,14,45,Female,>50K
36,13,50,Male,>50K
52,16,60,Male,>50K
52,9,40,Male,>50K
55,16,40,Male,<=50K
22,10,35,Male,<=50K
29,9,40,Male,<=50K
35,9,55,Male,<=50K
42,9,35,Female,<=50K
18,10,30,Female,<=50K
47,10,48,Male,>50K
29,10,21,Female,<=50K
52,9,40,Female,<=50K
41,12,60,Male,>50K
45,10,65,Male,>50K
66,10,40,Male,<=50K
45,6,40,Male,<=50K
37,9,56,Female,<=50K
32,12,40,Male,<=50K
36,6,70,Male,<=50K
17,7,40,Male,<=50K
39,9,45,Male,<=50K
57,9,40,Male,>50K
34,12,50,Male,>50K
25,9,40,Male,<=50K
41,10,55,Male,<=50K
54,10,40,Male,>50K
31,10,50,Male,<=50K
41,7,25,Female,<=50K
25,13,50,Male,>50K
38,9,40,Female,<=50K
39,9,40,Female,<=50K
57,9,40,Male,<=50K
61,4,40,Male,<=50K
30,11,35,Female,<=50K
28,13,50,Female,>50K
22,10,35,Male,<=50K
20,10,40,Male,<=50K
19,4,60,Male,>50K
57,5,50,Male,<=50K
57,14,40,Male,<=50K
61,13,42,Male,<=50K
70,10,16,Female,<=50K
51,5,30,Male,<=50K
63,11,45,Male,<=50K
29,13,50,Male,>50K
52,9,40,Male,>50K
30,13,40,Male,>50K
24,13,50,Female,<=50K
64,10,35,Female,<=50K
32,1,40,Female,<=50K
39,10,40,Male,>50K
40,8,40,Male,<=50K
58,5,40,Female,<=50K
51,13,50,Male,<=50K
32,14,60,Male,>50K
24,13,40,Female,<=50K
53,10,60,Female,<=50K
24,14,40,Female,<=50K
36,14,44,Female,>50K
74,12,20,Female,<=50K
52,10,50,Male,>50K
44,9,40,Female,<=50K
35,9,40,Male,>50K
58,7,40,Male,<=50K
48,13,55,Male,>50K
42,13,60,Male,<=50K
60,10,55,Male,<=50K
59,6,30,Female,<=50K
39,10,65,Male,<=50K
45,9,50,Male,>50K
51,9,40,Male,<=50K
68,2,20,Female,<=50K
28,9,40,Female,<=50K
58,9,70,Male,<=50K
64,9,50,Male,<=50K
38,12,40,Female,<=50K
44,14,55,Male,>50K
21,9,40,Male,<=50K
26,9,25,Female,<=50K
52,9,40,Male,>50K
34,9,45,Male,<=50K
63,15,30,Male,<=50K
28,8,40,Male,<=50K
39,9,40,Female,<=50K
79,9,15,Male,<=50K
35,9,40,Male,<=50K
40,9,40,Female,<=50K
50,10,40,Male,>50K
43,9,50,Male,>50K
56,9,40,Male,<=50K
34,9,40,Female,<=50K
18,7,22,Female,<=50K
69,10,32,Male,<=50K
35,6,50,Male,<=50K
23,9,16,Female,<=50K
24,12,40,Male,>50K
32,11,40,Male,<=50K
34,9,78,Male,<=50K
17,6,30,Male,<=50K
60,9,70,Male,>50K
19,9,32,Male,<=50K
47,14,40,Female,<=50K
27,13,40,Male,<=50K
30,10,40,Female,<=50K
37,13,40,Male,<=50K
41,13,60,Male,>50K
17,7,35,Female,<=50K
51,10,60,Male,<=50K
23,13,70,Female,>50K
39,10,40,Male,<=50K
32,11,50,Male,<=50K
53,13,40,Male,>50K
18,9,40,Female,<=50K
47,6,40,Male,<=50K
23,3,40,Male,<=50K
28,9,60,Female,<=50K
52,9,49,Male,<=50K
59,11,48,Male,<=50K
27,11,40,Male,<=50K
41,9,40,Male,<=50K
42,10,40,Male,<=50K
42,12,55,Male,<=50K
46,13,70,Male,>50K
27,10,40,Male,<=50K
29,9,48,Male,<=50K
39,13,40,Male,<=50K
23,10,40,Female,<=50K
50,9,40,Male,>50K
25,10,40,Female,<=50K
62,10,16,Female,<=50K
19,9,40,Female,<=50K
27,5,30,Male,<=50K
50,12,45,Male,<=50K
32,13,40,Male,>50K
35,9,70,Male,<=50K
56,9,40,Male,>50K
26,13,40,Male,<=50K
25,12,45,Male,<=50K
55,10,40,Male,>50K
22,12,45,Male,<=50K
33,9,55,Male,<=50K
45,9,40,Female,<=50K
51,12,30,Female,>50K
41,9,50,Male,<=50K
70,9,5,Female,<=50K
41,11,80,Male,<=50K
37,13,40,Female,<=50K
60,10,48,Male,>50K
20,8,35,Male,>50K
42,13,70,Male,>50K
59,7,40,Female,<=50K
18,8,20,Female,<=50K
34,9,70,Male,<=50K
31,10,52,Female,<=50K
38,9,40,Male,<=50K
50,14,40,Male,<=50K
48,11,48,Male,<=50K
39,9,45,Male,<=50K
43,10,50,Female,<=50K
51,14,50,Male,>50K
44,13,60,Female,<=50K
34,9,40,Male,<=50K
38,15,45,Male,>50K
24,10,45,Female,<=50K
59,10,40,Female,<=50K
23,13,45,Female,<=50K
29,10,48,Male,<=50K
28,13,50,Male,<=50K
41,10,40,Female,<=50K
42,9,40,Male,<=50K
39,9,40,Male,>50K
20,10,20,Female,<=50K
34,10,40,Female,<=50K
61,9,40,Female,<=50K
42,9,43,Male,<=50K
39,9,40,Male,>50K
51,13,55,Male,>50K
26,13,20,Female,<=50K
41,9,55,Male,>50K
40,9,40,Male,>50K
33,13,60,Male,<=50K
40,11,60,Male,<=50K
55,9,40,Female,<=50K
34,12,50,Male,>50K
43,15,55,Male,>50K
36,9,40,Male,<=50K
19,9,40,Female,<=50K
52,10,50,Male,<=50K
24,10,40,Female,<=50K
64,14,40,Male,<=50K
20,10,20,Female,<=50K
41,10,40,Male,<=50K
43,10,48,Male,>50K
26,10,28,Female,<=50K
25,13,40,Female,<=50K
20,10,40,Male,<=50K
51,9,40,Female,<=50K
31,9,40,Male,>50K
26,10,30,Female,<=50K
46,9,40,Male,<=50K
48,7,30,Female,<=50K
43,9,50,Male,<=50K
19,10,20,Female,<=50K
70,15,25,Male,<=50K
17,6,40,Male,<=50K
31,13,40,Male,<=50K
33,10,50,Female,<=50K
21,10,40,Male,<=50K
51,14,20,Male,>50K
40,5,40,Female,<=50K
18,10,15,Female,<=50K
33,9,40,Female,<=50K
20,9,28,Female,<=50K
61,15,5,Male,>50K
46,13,45,Male,>50K
33,4,40,Male,<=50K
19,9,20,Female,<=50K
19,10,20,Male,<=50K
43,15,50,Male,>50K
36,1,40,Male,<=50K
54,2,40,Male,<=50K
46,14,22,Female,>50K
22,10,43,Female,<=50K
38,13,50,Male,<=50K
43,11,32,Male,>50K
28,10,42,Male,<=50K
23,11,30,Female,<=50K
44,15,50,Male,>50K
43,13,40,Male,>50K
55,9,40,Female,<=50K
32,10,40,Male,<=50K
49,8,40,Female,<=50K
54,9,40,Male,<=50K
58,7,32,Female,<=50K
52,4,40,Male,<=50K
52,14,60,Female,>50K
78,13,40,Male,>50K
30,13,15,Male,<=50K
23,10,40,Female,<=50K
24,9,42,Male,<=50K
28,9,40,Female,<=50K
26,9,40,Male,<=50K
45,11,76,Male,<=50K
50,13,38,Male,>50K
31,10,40,Female,<=50K
23,9,40,Female,<=50K
28,9,40,Male,<=50K
31,13,35,Female,>50K
31,12,40,Female,<=50K
20,10,45,Male,<=50K
62,11,45,Female,>50K
41,10,35,Male,<=50K
46,9,43,Female,<=50K
40,14,50,Male,<=50K
65,9,32,Male,<=50K
29,11,40,Female,<=50K
36,13,40,Male,>50K
46,15,80,Male,>50K
19,9,40,Female,<=50K
45,14,50,Male,>50K
22,10,40,Male,<=50K
50,9,50,Male,>50K
50,16,60,Male,>50K
19,9,40,Male,<=50K
47,9,16,Male,<=50K
65,11,35,Male,<=50K
30,9,40,Male,<=50K
21,10,50,Male,<=50K
44,10,50,Male,>50K
35,13,40,Male,<=50K
40,10,50,Male,<=50K
40,14,40,Female,<=50K
62,16,50,Male,>50K
51,10,48,Male,>50K
46,10,45,Male,>50K
38,10,60,Male,>50K
18,6,40,Male,<=50K
46,9,40,Male,<=50K
21,9,50,Female,<=50K
47,9,43,Female,<=50K
30,11,30,Female,<=50K
29,9,40,Female,<=50K
32,10,40,Male,<=50K
50,10,40,Female,<=50K
41,9,40,Male,<=50K
21,9,33,Female,<=50K
32,10,40,Male,<=50K
35,13,45,Male,<=50K
48,7,50,Male,<=50K
39,10,45,Male,>50K
27,9,40,Male,<=50K
31,10,38,Female,<=50K
26,9,16,Female,<=50K
64,15,45,Male,>50K
27,12,40,Female,<=50K
72,12,16,Male,>50K
26,10,40,Female,<=50K
55,13,60,Male,>50K
36,13,35,Female,>50K
28,15,90,Male,<=50K
28,13,60,Male,<=50K
46,9,38,Female,>50K
25,10,40,Male,<=50K
46,9,40,Female,<=50K
26,12,8,Female,<=50K
54,10,40,Female,<=50K
70,10,70,Male,<=50K
31,5,40,Female,<=50K
47,4,60,Male,>50K
42,14,55,Male,>50K
59,10,24,Female,<=50K
27,13,40,Male,<=50K
44,10,58,Male,>50K
40,13,72,Male,>50K
41,10,50,Male,<=50K
21,10,54,Male,<=50K
20,10,40,Female,<=50K
50,14,60,Male,>50K
59,14,35,Female,<=50K
50,11,40,Female,>50K
55,13,40,Male,>50K
29,6,38,Female,<=50K
22,9,40,Male,<=50K
52,11,48,Male,>50K
19,10,40,Male,<=50K
51,10,30,Male,<=50K
40,9,50,Male,<=50K
35,10,40,Male,<=50K
57,9,45,Male,<=50K
38,13,50,Female,>50K
31,7,35,Male,<=50K
54,9,40,Male,<=50K
33,16,90,Male,>50K
45,5,40,Male,<=50K
36,6,40,Female,<=50K
33,14,45,Male,>50K
58,9,40,Male,<=50K
31,4,40,Male,<=50K
50,15,40,Male,>50K
62,10,40,Male,<=50K
24,10,40,Male,<=50K
25,10,40,Female,<=50K
22,6,30,Male,<=50K
37,9,40,Male,<=50K
36,13,30,Male,<=50K
35,9,40,Male,<=50K
43,14,50,Male,>50K
30,13,30,Female,<=50K
25,12,30,Male,<=50K
33,13,40,Male,<=50K
27,11,50,Male,<=50K
36,10,40,Female,<=50K
33,14,44,Male,>50K
51,9,40,Male,<=50K
35,9,40,Male,<=50K
29,10,40,Female,<=50K
29,13,80,Male,>50K
32,10,54,Female,<=50K
32,9,45,Male,<=50K
27,9,20,Male,<=50K
43,9,40,Male,>50K
20,10,35,Female,<=50K
42,14,45,Male,<=50K
59,9,40,Female,<=50K
50,14,30,Male,<=50K
28,9,60,Male,<=50K
35,13,32,Female,<=50K
31,10,40,Female,>50K
54,14,37,Female,<=50K
19,10,50,Male,<=50K
52,9,48,Male,<=50K
35,10,40,Male,<=50K
40,13,40,Male,<=50K
58,7,50,Male,<=50K
42,13,40,Male,<=50K
56,9,40,Male,<=50K
30,13,70,Male,<=50K
36,9,60,Male,<=50K
28,10,60,Male,<=50K
41,10,56,Male,>50K
23,10,40,Female,<=50K
32,9,40,Male,<=50K
28,4,50,Female,<=50K
31,9,40,Female,<=50K
57,14,60,Male,>50K
31,9,50,Male,<=50K
22,10,15,Female,<=50K
27,11,70,Male,<=50K
63,9,55,Male,<=50K
35,9,50,Male,<=50K
41,13,55,Male,>50K
25,10,25,Male,<=50K
42,9,40,Male,>50K
22,9,40,Male,<=50K
40,14,40,Male,<=50K
47,10,45,Male,<=50K
21,10,35,Female,<=50K
43,9,20,Female,>50K
26,10,40,Male,<=50K
62,9,8,Male,<=50K
35,11,45,Male,<=50K
29,9,50,Male,<=50K
56,9,45,Male,<=50K
29,9,40,Male,<=50K
34,10,50,Male,>50K
52,11,25,Male,<=50K
33,10,21,Female,>50K
17,7,15,Male,<=50K
58,14,43,Male,>50K
41,9,45,Male,>50K
42,9,45,Male,<=50K
25,10,42,Female,<=50K
30,9,40,Male,<=50K
42,10,33,Male,<=50K
25,13,20,Male,<=50K
30,10,40,Male,<=50K
22,9,19,Female,<=50K
66,15,50,Male,<=50K
36,11,38,Female,<=50K
47,14,25,Male,<=50K
35,14,41,Female,<=50K
34,13,40,Female,>50K
30,9,40,Male,<=50K
25,12,48,Male,<=50K
36,9,48,Male,>50K
65,9,3,Male,<=50K
50,10,50,Male,>50K
29,7,40,Male,<=50K
38,2,40,Male,<=50K
26,9,50,Female,<=50K
57,13,40,Male,>50K
50,2,40,Male,<=50K
32,7,40,Male,<=50K
51,9,40,Female,<=50K
37,10,40,Male,>50K
49,4,40,Male,<=50K
25,13,40,Female,<=50K
37,9,40,Female,<=50K
33,9,40,Male,<=50K
28,13,65,Male,<=50K
24,13,40,Female,<=50K
43,10,40,Male,<=50K
47,10,55,Male,<=50K
35,11,40,Male,<=50K
46,10,40,Male,<=50K
21,10,29,Female,<=50K
47,13,40,Female,>50K
38,7,60,Female,<=50K
56,9,40,Male,>50K
62,13,40,Female,<=50K
22,13,15,Female,<=50K
24,9,40,Male,<=50K
46,11,60,Male,<=50K
25,9,40,Male,<=50K
38,13,40,Male,>50K
29,16,35,Male,>50K
51,14,40,Male,<=50K
19,9,20,Male,<=50K
25,9,40,Male,<=50K
64,13,50,Male,<=50K
25,13,40,Male,<=50K
57,9,30,Male,>50K
18,7,25,Male,<=50K
33,10,55,Male,<=50K
33,9,40,Female,<=50K
32,10,65,Male,<=50K
23,9,35,Female,<=50K
42,9,40,Male,<=50K
24,7,35,Female,<=50K
27,10,60,Female,<=50K
42,9,40,Male,<=50K
28,10,50,Male,<=50K
52,9,55,Male,>50K
29,10,40,Female,<=50K
44,13,45,Female,<=50K
28,9,60,Female,<=50K
52,5,25,Female,<=50K
31,9,50,Male,<=50K
27,13,45,Female,<=50K
32,9,45,Female,<=50K
32,9,5,Female,<=50K
31,9,38,Male,<=50K
27,9,22,Male,<=50K
57,14,40,Male,<=50K
25,6,40,Male,<=50K
50,10,55,Male,<=50K
23,10,40,Female,<=50K
22,10,20,Male,<=50K
22,13,23,Female,<=50K
58,10,50,Male,>50K
46,9,50,Male,>50K
26,10,40,Female,<=50K
44,7,40,Male,>50K
71,10,60,Female,<=50K
45,16,40,Male,>50K
70,9,60,Male,<=50K
20,9,23,Female,<=50K
42,10,41,Female,<=50K
61,16,5,Female,<=50K
70,14,8,Male,>50K
59,10,40,Male,<=50K
51,10,40,Female,<=50K
51,10,40,Male,<=50K
37,9,40,Male,<=50K
24,8,30,Male,<=50K
50,9,40,Female,<=50K
30,11,40,Male,>50K
52,14,40,Male,<=50K
32,9,38,Male,<=50K
26,9,25,Male,<=50K
61,10,40,Male,>50K
24,13,40,Female,<=50K
28,11,46,Male,<=50K
48,8,40,Female,<=50K
40,13,50,Male,>50K
26,8,40,Male,<=50K
60,6,50,Male,<=50K
35,10,40,Male,<=50K
30,10,45,Female,<=50K
39,10,55,Female,<=50K
40,13,50,Male,>50K
36,5,40,Male,<=50K
26,10,12,Male,<=50K
35,14,55,Male,>50K
22,13,40,Female,<=50K
22,13,30,Female,<=50K
38,9,55,Male,<=50K
27,10,40,Male,>50K
51,10,35,Male,<=50K
26,10,40,Male,<=50K
30,15,55,Male,<=50K
20,9,30,Female,<=50K
41,9,50,Female,<=50K
27,13,45,Male,<=50K
40,9,37,Female,<=50K
31,14,45,Female,<=50K
17,7,16,Female,<=50K
37,9,68,Female,<=50K
18,7,40,Male,<=50K
37,13,55,Male,>50K
32,13,40,Female,<=50K
22,12,15,Male,<=50K
50,10,40,Male,<=50K
27,9,99,Male,<=50K
29,10,55,Male,<=50K
40,12,40,Female,<=50K
69,12,6,Female,<=50K
18,9,40,Male,<=50K
31,10,16,Male,<=50K
33,2,35,Male,<=50K
44,6,30,Female,<=50K
52,9,40,Male,<=50K
30,10,58,Male,<=50K
23,2,40,Male,<=50K
17,7,20,Female,<=50K
56,15,45,Male,>50K
18,9,12,Female,<=50K
28,10,55,Male,<=50K
50,9,40,Female,<=50K
25,9,30,Male,<=50K
41,11,60,Male,>50K
25,9,40,Male,<=50K
37,8,40,Female,<=50K
56,13,50,Male,>50K
29,10,45,Male,<=50K
20,10,15,Female,<=50K
50,10,40,Male,<=50K
26,13,70,Male,>50K
56,9,40,Male,<=50K
54,14,50,Male,<=50K
44,15,40,Male,>50K
59,13,50,Male,>50K
25,10,30,Male,<=50K
50,13,40,Male,<=50K
34,11,75,Male,<=50K
35,13,40,Female,<=50K
54,4,40,Female,<=50K
23,9,27,Female,<=50K
38,13,84,Male,<=50K
30,10,40,Male,>50K
46,14,8,Female,<=50K
31,9,35,Female,<=50K
32,9,50,Male,<=50K
37,11,32,Female,<=50K
24,9,40,Female,<=50K
21,9,30,Male,<=50K
31,13,42,Female,<=50K
46,10,50,Male,>50K
24,11,40,Male,<=50K
58,9,40,Male,<=50K
46,13,38,Female,<=50K
28,9,40,Male,<=50K
30,9,32,Female,<=50K
34,9,50,Female,<=50K
57,9,40,Female,<=50K
38,13,80,Male,>50K
46,15,48,Male,<=50K
25,13,16,Female,<=50K
28,13,20,Female,<=50K
45,16,40,Male,<=50K
20,9,40,Female,<=50K
30,9,40,Male,<=50K
32,9,40,Male,<=50K
17,6,35,Male,<=50K
29,9,35,Female,<=50K
67,9,32,Female,<=50K
17,7,20,Male,<=50K
32,9,54,Male,<=50K
31,9,40,Female,<=50K
69,6,20,Male,<=50K
20,9,40,Male,<=50K
50,10,40,Male,<=50K
18,9,25,Female,<=50K
22,13,8,Female,<=50K
27,11,40,Male,<=50K
18,7,20,Female,<=50K
52,9,60,Male,>50K
28,9,45,Male,<=50K
38,9,40,Male,>50K
38,10,50,Female,<=50K
38,10,75,Male,<=50K
36,9,40,Male,<=50K
50,4,40,Male,<=50K
27,10,40,Male,<=50K
26,9,44,Male,<=50K
42,10,36,Female,<=50K
22,10,25,Male,<=50K
53,9,70,Male,<=50K
37,13,65,Male,>50K
64,9,50,Male,>50K
75,9,20,Female,<=50K
34,14,60,Male,>50K
24,9,40,Male,<=50K
20,9,36,Female,<=50K
40,10,40,Male,<=50K
58,10,42,Female,<=50K
34,13,40,Male,>50K
26,14,40,Female,<=50K
38,9,52,Male,<=50K
28,10,40,Female,<=50K
39,15,50,Male,>50K
47,10,40,Male,<=50K
29,9,40,Female,<=50K
47,9,40,Female,<=50K
24,9,20,Female,<=50K
55,4,60,Male,<=50K
27,9,40,Male,<=50K
31,9,45,Male,<=50K
21,10,40,Male,<=50K
22,13,40,Male,<=50K
34,13,60,Male,<=50K
17,5,15,Male,<=50K
25,12,48,Male,<=50K
24,10,30,Male,<=50K
28,13,2,Male,<=50K
38,9,40,Male,<=50K
41,10,40,Female,<=50K
27,10,40,Female,<=50K
27,15,80,Female,<=50K
24,10,35,Male,<=50K
33,13,50,Female,>50K
33,9,48,Male,<=50K
43,14,40,Male,>50K
37,8,33,Female,<=50K
23,9,30,Female,<=50K
55,4,50,Male,<=50K
34,9,40,Male,<=50K
31,9,40,Male,<=50K
36,8,40,Male,<=50K
64,13,40,Male,<=50K
20,10,16,Female,<=50K
30,13,55,Male,>50K
47,10,40,Male,>50K
56,10,50,Female,>50K
50,9,47,Male,<=50K
24,10,50,Female,<=50K
40,12,40,Male,>50K
69,4,10,Male,<=50K
67,10,44,Male,<=50K
33,13,38,Male,>50K
28,10,40,Female,<=50K
27,10,40,Female,<=50K
42,14,60,Male,>50K
48,13,50,Male,>50K
50,10,40,Male,<=50K
25,13,55,Female,<=50K
42,15,65,Male,>50K
41,13,43,Female,<=50K
55,13,40,Male,>50K
47,10,40,Male,<=50K
28,9,45,Male,<=50K
37,9,55,Female,<=50K
33,12,15,Female,>50K
43,11,40,Female,<=50K
25,13,40,Female,<=50K
53,14,40,Male,>50K
28,9,30,Male,<=50K
40,10,45,Female,<=50K
28,9,40,Female,<=50K
25,10,30,Male,<=50K
53,9,99,Male,<=50K
38,10,40,Female,<=50K
38,10,40,Male,>50K
41,9,40,Male,>50K
29,10,52,Male,<=50K
33,9,40,Male,<=50K
44,13,70,Male,>50K
31,9,50,Female,<=50K
61,9,50,Male,>50K
18,10,35,Female,<=50K
39,3,40,Male,<=50K
25,13,30,Male,<=50K
39,10,45,Female,<=50K
20,10,40,Male,<=50K
47,9,40,Female,<=50K
24,10,40,Male,<=50K
22,9,30,Female,<=50K
46,9,40,Female,>50K
20,10,12,Female,<=50K
26,13,40,Female,<=50K
35,10,40,Male,<=50K
34,9,40,Female,<=50K
32,10,40,Male,>50K
45,11,48,Female,>50K
60,9,15,Female,>50K
39,9,45,Male,>50K
44,13,40,Female,<=50K
60,10,50,Male,>50K
59,7,40,Male,<=50K
39,9,4,Female,<=50K
18,10,16,Female,<=50K
42,14,40,Male,>50K
26,13,35,Female,<=50K
24,10,56,Male,<=50K
41,16,50,Male,>50K
62,6,40,Female,<=50K
31,13,40,Male,<=50K
33,10,40,Female,<=50K
43,11,40,Male,<=50K
51,13,43,Female,>50K
58,13,40,Male,<=50K
39,9,40,Male,>50K
39,9,16,Male,<=50K
39,9,40,Female,<=50K
35,4,40,Male,<=50K
70,9,32,Female,<=50K
32,11,50,Male,>50K
24,9,40,Male,<=50K
33,16,20,Male,<=50K
30,13,40,Male,<=50K
64,15,60,Male,>50K
28,13,50,Male,<=50K
28,9,43,Male,<=50K
30,13,37,Male,>50K
31,13,50,Male,>50K
19,10,24,Male,<=50K
36,10,50,Male,<=50K
53,14,43,Male,>50K
42,9,43,Male,>50K
56,9,40,Female,<=50K
42,10,35,Female,<=50K
22,10,40,Male,<=50K
47,9,70,Male,>50K
34,14,32,Female,>50K
22,10,35,Male,<=50K
40,9,20,Female,>50K
50,9,36,Female,<=50K
53,9,40,Female,>50K
60,9,40,Male,<=50K
40,10,40,Female,<=50K
30,9,45,Male,<=50K
43,3,35,Male,<=50K
64,7,40,Male,<=50K
41,9,40,Male,<=50K
41,9,40,Male,<=50K
50,10,50,Male,>50K
66,9,40,Female,<=50K
32,9,48,Male,<=50K
50,9,40,Male,<=50K
24,13,25,Male,<=50K
37,6,84,Male,<=50K
27,10,25,Male,<=50K
29,9,25,Female,<=50K
64,10,40,Female,<=50K
30,7,40,Male,<=50K
63,9,40,Male,<=50K
36,12,50,Male,>50K
64,13,40,Female,<=50K
50,9,40,Male,>50K
28,9,40,Male,>50K
29,5,27,Female,<=50K
30,10,40,Female,<=50K
52,9,32,Male,<=50K
18,9,20,Male,<=50K
27,12,40,Male,>50K
33,10,45,Male,>50K
31,14,60,Male,>50K
46,10,40,Female,<=50K
55,2,30,Female,<=50K
35,9,45,Male,<=50K
35,9,40,Female,<=50K
28,9,40,Female,<=50K
52,5,40,Female,<=50K
47,13,40,Male,>50K
50,9,40,Male,>50K
56,4,40,Female,<=50K
55,9,60,Male,<=50K
18,9,25,Female,<=50K
41,13,48,Female,>50K
28,9,35,Female,<=50K
36,10,40,Male,<=50K
35,10,40,Female,<=50K
25,12,40,Male,<=50K
43,13,40,Male,<=50K
26,13,40,Female,<=50K
48,13,50,Male,>50K
66,9,45,Male,>50K
25,7,40,Female,<=50K
61,9,40,Male,<=50K
38,12,56,Male,>50K
46,9,38,Female,<=50K
38,9,40,Male,<=50K
23,9,40,Female,<=50K
47,13,40,Male,>50K
22,10,15,Male,<=50K
23,9,40,Female,<=50K
57,9,40,Male,>50K
44,8,36,Female,<=50K
19,10,20,Female,<=50K
28,9,40,Female,<=50K
39,9,40,Female,<=50K
62,4,40,Male,<=50K
42,10,40,Male,<=50K
18,9,20,Female,<=50K
48,14,50,Male,<=50K
20,9,20,Female,<=50K
51,10,40,Female,<=50K
23,10,40,Male,<=50K
29,9,30,Female,<=50K
47,9,40,Male,<=50K
67,14,40,Female,<=50K
43,14,47,Female,>50K
28,9,40,Male,<=50K
17,6,20,Male,<=50K
36,13,50,Male,>50K
60,9,40,Male,>50K
18,9,40,Male,<=50K
22,10,40,Male,<=50K
42,5,46,Female,<=50K
55,9,72,Male,>50K
53,10,32,Male,>50K
26,13,48,Female,<=50K
54,9,30,Female,<=50K
38,9,60,Male,<=50K
34,6,40,Female,<=50K
20,10,40,Female,<=50K
45,13,38,Female,<=50K
41,9,32,Female,<=50K
35,10,45,Male,>50K
25,12,50,Male,<=50K
31,10,40,Male,<=50K
50,9,44,Male,>50K
24,10,35,Male,<=50K
64,10,3,Female,<=50K
29,9,25,Female,<=50K
50,10,40,Female,<=50K
22,10,35,Female,<=50K
51,13,50,Male,>50K
53,9,38,Female,<=50K
23,9,40,Male,<=50K
29,10,45,Male,>50K
30,11,40,Male,<=50K
42,9,52,Male,<=50K
45,13,50,Female,>50K
44,9,45,Male,>50K
25,10,40,Male,<=50K
34,5,50,Male,<=50K
18,10,23,Female,<=50K
27,13,40,Male,<=50K
35,9,45,Male,<=50K
21,9,43,Female,>50K
33,9,20,Female,<=50K
47,13,40,Male,>50K
19,10,25,Female,<=50K
22,10,50,Male,<=50K
39,9,15,Female,>50K
58,10,30,Female,<=50K
39,9,40,Male,<=50K
26,13,40,Male,<=50K
43,9,40,Female,>50K
35,9,40,Male,<=50K
68,9,24,Male,>50K
28,13,40,Female,<=50K
51,9,48,Male,<=50K
30,9,35,Male,>50K
48,9,48,Male,<=50K
42,13,48,Male,>50K
44,9,30,Male,<=50K
25,9,40,Male,<=50K
55,9,40,Male,<=50K
33,13,45,Male,<=50K
36,7,40,Male,<=50K
31,13,30,Female,<=50K
51,10,40,Male,<=50K
23,9,40,Female,<=50K
56,10,35,Male,>50K
35,13,55,Female,>50K
24,11,5,Male,<=50K
35,9,35,Female,<=50K
24,13,20,Female,<=50K
49,11,45,Female,<=50K
35,4,75,Male,<=50K
58,9,25,Male,<=50K
53,12,80,Male,>50K
28,10,42,Female,<=50K
52,5,60,Male,>50K
59,15,60,Male,>50K
62,9,40,Male,<=50K
36,13,40,Female,>50K
29,9,40,Female,<=50K
31,13,45,Male,>50K
40,9,50,Male,>50K
17,7,23,Female,<=50K
58,4,24,Female,<=50K
27,13,35,Female,>50K
45,9,40,Male,<=50K
52,1,40,Male,<=50K
59,2,40,Male,<=50K
33,9,40,Female,<=50K
44,13,50,Male,>50K
46,9,40,Female,>50K
51,13,50,Male,>50K
23,13,45,Female,<=50K
62,16,40,Male,>50K
27,10,40,Male,<=50K
65,10,40,Male,<=50K
61,1,40,Male,>50K
39,12,35,Female,<=50K
36,13,25,Female,<=50K
69,9,35,Male,<=50K
22,9,40,Female,<=50K
47,4,10,Male,<=50K
40,4,60,Male,<=50K
57,13,45,Male,<=50K
28,13,40,Male,<=50K
69,14,40,Female,<=50K
47,9,40,Female,>50K
37,9,50,Male,<=50K
35,6,60,Male,<=50K
17,7,15,Female,<=50K
30,14,15,Male,>50K
38,10,40,Female,<=50K
32,14,40,Female,<=50K
31,9,30,Female,<=50K
29,9,40,Male,<=50K
22,13,20,Male,<=50K
41,14,40,Male,>50K
22,9,40,Female,<=50K
19,10,10,Male,<=50K
29,13,40,Male,<=50K
44,12,38,Male,<=50K
73,9,30,Male,<=50K
36,13,40,Male,<=50K
47,13,50,Male,<=50K
37,9,40,Male,>50K
55,9,40,Male,<=50K
73,9,16,Male,<=50K
56,13,45,Male,>50K
27,9,40,Male,<=50K
45,9,38,Female,<=50K
35,9,40,Female,<=50K
61,8,60,Male,<=50K
35,13,40,Male,>50K
20,10,40,Female,<=50K
45,10,40,Male,<=50K
55,9,40,Female,<=50K
42,10,50,Male,>50K
23,10,10,Female,<=50K
17,5,20,Male,<=50K
71,14,20,Male,<=50K
21,10,40,Male,<=50K
48,10,45,Male,<=50K
35,16,55,Male,<=50K
46,10,89,Male,>50K
19,10,20,Female,<=50K
39,9,40,Male,>50K
31,10,40,Female,<=50K
32,10,50,Male,<=50K
44,14,55,Female,<=50K
31,13,40,Female,>50K
22,10,20,Male,<=50K
32,9,40,Male,<=50K
22,9,40,Female,<=50K
39,13,40,Female,<=50K
19,10,20,Female,<=50K
48,13,50,Male,<=50K
35,9,40,Male,<=50K
33,13,38,Female,>50K
20,10,30,Female,<=50K
47,10,40,Male,<=50K
51,10,40,Male,>50K
28,5,50,Male,>50K
31,11,40,Male,<=50K
40,13,40,Male,<=50K
55,7,40,Female,<=50K
34,9,40,Male,<=50K
40,10,40,Female,<=50K
31,13,50,Female,>50K
39,13,40,Male,<=50K
53,14,40,Male,>50K
58,7,40,Male,<=50K
58,16,60,Male,>50K
20,9,30,Male,<=50K
42,9,50,Male,<=50K
42,9,35,Male,<=50K
43,12,40,Female,<=50K
34,15,55,Male,>50K
47,10,60,Male,<=50K
29,10,40,Male,<=50K
28,13,55,Male,<=50K
33,13,40,Male,<=50K
37,9,40,Female,<=50K
37,10,35,Male,<=50K
40,3,30,Male,<=50K
34,9,60,Male,<=50K
26,7,40,Male,<=50K
52,11,40,Male,<=50K
38,10,40,Male,>50K
25,14,43,Female,<=50K
27,10,50,Female,<=50K
24,9,40,Male,<=50K
59,4,40,Male,<=50K
48,10,45,Male,>50K
38,10,55,Male,<=50K
48,11,40,Male,<=50K
47,10,40,Male,>50K
21,9,50,Male,<=50K
21,10,49,Female,<=50K
48,10,60,Male,<=50K
30,10,68,Male,<=50K
35,9,40,Male,<=50K
49,14,40,Male,>50K
27,10,48,Male,<=50K
51,7,30,Male,>50K
26,13,40,Male,<=50K
36,9,48,Male,<=50K
45,9,7,Male,<=50K
38,10,40,Male,<=50K
27,13,24,Female,>50K
32,13,40,Female,<=50K
42,9,40,Male,>50K
26,10,40,Female,<=50K
35,9,40,Male,<=50K
37,10,45,Male,>50K
46,13,40,Male,<=50K
30,10,40,Male,>50K
25,5,40,Male,<=50K
18,9,40,Male,<=50K
30,13,40,Male,>50K
46,10,38,Male,>50K
45,13,45,Male,>50K
35,9,40,Male,<=50K
45,9,40,Male,<=50K
20,5,40,Male,<=50K
53,13,72,Male,>50K
30,13,55,Female,<=50K
39,13,20,Female,>50K
27,9,40,Male,<=50K
57,14,50,Male,>50K
40,14,20,Male,<=50K
34,9,80,Male,<=50K
34,9,40,Male,>50K
23,9,40,Male,<=50K
27,13,60,Male,>50K
30,10,60,Female,<=50K
32,9,40,Female,<=50K
29,9,30,Male,<=50K
28,10,40,Female,<=50K
56,9,40,Male,<=50K
37,10,20,Female,<=50K
34,9,20,Male,<=50K
37,9,40,Male,<=50K
90,12,45,Male,>50K
58,6,40,Male,<=50K
38,10,50,Male,<=50K
42,11,40,Male,>50K
39,12,40,Male,<=50K
30,10,40,Female,<=50K
20,10,25,Male,<=50K
58,13,35,Male,<=50K
32,10,40,Male,>50K
33,9,40,Female,<=50K
29,9,40,Male,<=50K
50,14,50,Male,>50K
37,10,40,Male,>50K
24,7,40,Male,<=50K
61,14,40,Female,<=50K
42,13,40,Male,>50K
17,6,30,Male,<=50K
34,9,40,Male,>50K
44,15,50,Male,>50K
21,10,40,Male,<=50K
36,9,40,Male,<=50K
26,9,45,Male,<=50K
49,16,35,Female,>50K
30,9,35,Male,>50K
57,8,40,Male,<=50K
21,10,40,Female,<=50K
70,6,32,Male,<=50K
42,14,45,Male,>50K
24,10,43,Male,<=50K
46,2,40,Female,<=50K
67,9,20,Female,<=50K
68,9,40,Male,<=50K
18,9,24,Female,<=50K
20,10,15,Male,<=50K
31,9,44,Male,<=50K
57,13,60,Male,>50K
27,14,50,Female,<=50K
35,12,40,Female,>50K
34,13,60,Male,>50K
26,13,40,Female,<=50K
36,12,40,Female,<=50K
53,8,45,Male,<=50K
50,4,65,Male,<=50K
61,16,40,Male,>50K
36,2,40,Male,<=50K
36,11,60,Male,<=50K
49,13,25,Male,<=50K
39,13,55,Male,>50K
40,9,48,Female,<=50K
38,9,40,Male,<=50K
39,10,40,Female,>50K
31,7,40,Male,<=50K
41,10,15,Female,<=50K
38,9,60,Male,<=50K
74,4,20,Male,<=50K
34,10,40,Male,<=50K
29,12,40,Female,<=50K
70,13,40,Male,<=50K
75,9,14,Female,<=50K
27,13,40,Male,<=50K
24,9,25,Male,<=50K
43,9,60,Female,<=50K
53,9,40,Male,>50K
38,11,36,Male,>50K
43,9,40,Male,<=50K
54,9,40,Male,<=50K
32,9,40,Male,<=50K
42,13,45,Male,<=50K
29,11,40,Female,<=50K
58,9,40,Male,<=50K
19,10,10,Female,<=50K
64,13,24,Male,>50K
32,13,40,Male,<=50K
34,11,40,Male,<=50K
58,9,40,Male,>50K
68,9,32,Female,<=50K
26,13,55,Female,<=50K
31,13,50,Male,<=50K
50,9,55,Male,>50K
41,9,40,Male,<=50K
27,10,88,Male,<=50K
36,13,40,Male,>50K
34,10,72,Female,<=50K
36,12,45,Female,<=50K
34,12,50,Female,<=50K
43,10,42,Female,<=50K
42,9,55,Male,<=50K
39,13,40,Male,>50K
58,8,45,Male,>50K
34,7,40,Male,<=50K
19,9,40,Female,<=50K
45,10,40,Male,<=50K
43,15,60,Male,>50K
53,9,40,Male,<=50K
39,13,48,Male,>50K
33,9,40,Male,<=50K
24,9,40,Male,<=50K
32,11,40,Male,<=50K
21,9,40,Male,<=50K
55,5,23,Female,<=50K
30,10,60,Male,>50K
25,9,40,Female,<=50K
29,13,60,Female,<=50K
23,12,50,Female,<=50K
44,9,40,Female,<=50K
27,9,40,Male,<=50K
20,10,38,Female,<=50K
31,9,40,Male,<=50K
60,9,40,Male,<=50K
45,10,84,Male,>50K
46,14,40,Male,<=50K
43,12,60,Male,<=50K
24,10,42,Male,<=50K
60,13,35,Male,<=50K
34,9,40,Male,<=50K
47,14,40,Male,>50K
34,13,55,Male,>50K
53,6,35,Male,<=50K
29,9,40,Male,<=50K
38,11,40,Male,<=50K
35,10,40,Female,>50K
42,11,40,Female,<=50K
54,13,70,Male,>50K
41,12,48,Male,<=50K
29,9,40,Female,<=50K
59,6,40,Male,>50K
41,14,50,Male,>50K
33,16,60,Male,>50K
32,13,60,Male,>50K
30,13,40,Male,>50K
26,9,42,Male,<=50K
32,10,38,Female,<=50K
29,15,55,Female,<=50K
39,9,30,Male,<=50K
25,10,20,Female,<=50K
39,13,40,Male,>50K
44,9,50,Male,>50K
47,12,40,Male,>50K
45,14,65,Male,>50K
35,9,16,Female,>50K
33,9,72,Female,<=50K
51,10,30,Female,>50K
48,9,40,Male,<=50K
35,10,40,Male,>50K
42,9,40,Male,<=50K
53,16,40,Male,>50K
61,9,30,Male,>50K
20,9,40,Male,<=50K
54,9,25,Male,>50K
24,9,20,Female,<=50K
57,10,40,Male,<=50K
61,9,40,Male,<=50K
23,11,33,Male,<=50K
42,14,50,Male,<=50K
71,13,34,Male,>50K
26,12,40,Male,<=50K
30,9,40,Male,<=50K
69,14,25,Male,<=50K
28,13,30,Female,<=50K
18,9,20,Female,<=50K
30,13,40,Female,<=50K
59,10,40,Female,>50K
23,5,40,Female,<=50K
35,9,40,Male,<=50K
69,13,7,Male,>50K
37,9,40,Male,<=50K
37,10,56,Female,<=50K
24,10,40,Female,<=50K
32,10,40,Male,<=50K
45,10,40,Male,<=50K
31,9,18,Male,<=50K
68,10,25,Female,<=50K
45,9,40,Female,<=50K
47,10,40,Female,<=50K
56,13,40,Male,<=50K
37,9,35,Female,<=50K
46,15,40,Male,<=50K
44,9,38,Male,<=50K
32,9,60,Male,<=50K
28,10,40,Female,<=50K
58,16,40,Male,<=50K
60,9,40,Male,<=50K
48,14,45,Male,<=50K
35,13,45,Male,>50K
48,13,50,Female,>50K
37,13,60,Male,>50K
48,5,20,Female,<=50K
60,10,40,Female,<=50K
31,9,36,Female,<=50K
51,4,40,Male,<=50K
26,9,40,Female,<=50K
34,13,40,Male,>50K
24,13,40,Male,<=50K
56,7,40,Male,<=50K
22,3,40,Female,<=50K
22,4,40,Male,<=50K
41,12,38,Female,<=50K
40,9,40,Female,<=50K
56,9,40,Male,<=50K
34,13,40,Female,<=50K
27,13,40,Female,<=50K
39,9,48,Male,<=50K
21,9,35,Female,<=50K
29,10,40,Female,<=50K
30,10,45,Male,<=50K
19,5,60,Male,<=50K
60,9,40,Male,<=50K
54,14,45,Female,>50K
37,9,40,Male,<=50K
39,10,40,Female,<=50K
60,11,45,Female,<=50K
21,10,30,Male,<=50K
42,10,45,Female,<=50K
45,9,40,Female,<=50K
45,13,65,Male,>50K
37,9,40,Male,>50K
52,9,40,Female,<=50K
26,9,40,Male,<=50K
31,9,50,Male,<=50K
52,10,45,Male,>50K
45,8,40,Male,<=50K
34,16,32,Male,>50K
23,9,40,Male,<=50K
65,9,40,Female,<=50K
34,5,40,Male,<=50K
38,10,40,Female,<=50K
24,13,30,Male,<=50K
50,10,40,Male,>50K
35,13,60,Male,<=50K
32,15,40,Male,<=50K
34,10,50,Male,<=50K
28,14,40,Female,<=50K
24,9,40,Male,<=50K
30,10,40,Male,<=50K
18,9,20,Female,<=50K
50,15,50,Male,>50K
21,10,10,Female,<=50K
61,5,40,Female,<=50K
45,10,42,Male,<=50K
25,13,40,Female,<=50K
30,9,40,Female,<=50K
46,13,52,Male,<=50K
46,13,40,Male,>50K
44,15,99,Female,<=50K
56,4,20,Female,<=50K
36,9,60,Male,>50K
45,9,60,Female,<=50K
48,7,30,Female,>50K
36,13,50,Male,>50K
38,10,40,Female,<=50K
42,14,50,Male,>50K
41,10,50,Male,<=50K
50,7,70,Male,>50K
32,9,77,Male,<=50K
25,9,10,Female,<=50K
23,7,55,Male,<=50K
22,10,20,Male,<=50K
23,13,60,Female,<=50K
32,9,40,Male,<=50K
53,10,50,Male,>50K
28,13,40,Female,<=50K
35,9,40,Male,<=50K
30,9,40,Male,<=50K
18,9,17,Female,<=50K
24,1,36,Male,<=50K
43,14,40,Male,>50K
33,10,40,Male,<=50K
28,9,51,Male,<=50K
30,9,14,Female,<=50K
59,16,55,Male,>50K
17,6,20,Female,<=50K
35,15,50,Male,>50K
31,9,35,Female,<=50K
44,10,40,Female,<=50K
51,11,45,Female,<=50K
49,13,3,Female,>50K
36,13,40,Female,<=50K
26,7,40,Male,<=50K
21,10,32,Male,<=50K
22,9,40,Male,<=50K
19,10,50,Male,<=50K
43,16,45,Male,>50K
40,10,39,Female,<=50K
43,7,40,Male,<=50K
31,9,85,Male,<=50K
33,10,40,Female,<=50K
18,7,18,Male,<=50K
39,14,45,Male,<=50K
36,9,38,Female,<=50K
50,9,40,Male,<=50K
17,6,15,Male,<=50K
56,12,20,Male,<=50K
73,4,10,Female,<=50K
38,13,40,Male,<=50K
38,9,48,Male,<=50K
65,9,20,Male,<=50K
42,10,40,Female,<=50K
21,9,37,Male,<=50K
49,13,50,Female,<=50K
26,13,45,Male,<=50K
68,6,20,Male,<=50K
34,10,40,Female,<=50K
50,9,35,Male,<=50K
33,14,50,Male,>50K
32,12,50,Female,>50K
69,9,12,Male,>50K
48,9,52,Female,<=50K
21,10,40,Female,<=50K
20,9,40,Male,<=50K
36,11,40,Male,<=50K
35,13,42,Male,<=50K
27,15,40,Female,<=50K
38,15,60,Male,>50K
29,13,40,Male,<=50K
29,9,30,Female,<=50K
31,14,40,Female,<=50K
54,10,40,Male,<=50K
43,13,50,Male,>50K
35,10,35,Female,<=50K
31,14,60,Male,>50K
61,16,40,Male,>50K
23,10,40,Female,<=50K
18,9,25,Male,<=50K
44,10,40,Male,>50K
38,9,55,Male,<=50K
37,9,40,Male,<=50K
19,9,20,Female,<=50K
25,10,24,Female,<=50K
39,13,40,Male,<=50K
19,10,20,Male,<=50K
44,10,40,Male,>50K
82,10,20,Male,<=50K
32,9,40,Female,<=50K
47,9,32,Female,<=50K
34,10,40,Male,>50K
27,8,40,Male,<=50K
34,9,40,Female,<=50K
40,10,38,Female,<=50K
19,10,15,Female,<=50K
51,13,50,Male,>50K
34,9,25,Male,<=50K
35,14,45,Male,>50K
27,9,40,Male,<=50K
25,11,45,Male,<=50K
35,6,38,Female,<=50K
40,10,20,Female,<=50K
32,13,50,Male,>50K
55,9,40,Male,<=50K
30,13,40,Male,>50K
40,9,40,Male,<=50K
54,13,40,Male,>50K
47,13,50,Male,<=50K
22,13,35,Female,<=50K
38,9,40,Male,>50K
44,9,56,Female,<=50K
59,10,40,Male,>50K
30,13,40,Female,<=50K
25,9,35,Female,<=50K
25,13,40,Female,<=50K
26,14,20,Male,<=50K
40,13,48,Male,>50K
20,6,40,Male,<=50K
37,9,35,Male,>50K
68,11,40,Male,<=50K
49,13,40,Male,<=50K
18,7,30,Male,<=50K
46,13,40,Male,>50K
48,9,60,Male,<=50K
34,9,40,Male,<=50K
30,14,17,Male,<=50K
23,9,40,Male,<=50K
40,13,45,Male,<=50K
41,14,35,Female,<=50K
32,9,40,Male,<=50K
58,9,43,Female,<=50K
33,6,20,Male,<=50K
50,10,50,Male,<=50K
44,9,40,Male,<=50K
48,10,50,Female,<=50K
54,13,40,Male,>50K
48,9,55,Male,<=50K
20,10,40,Female,<=50K
33,13,40,Female,<=50K
38,14,45,Male,>50K
64,14,20,Male,>50K
18,7,15,Female,<=50K
67,4,6,Female,<=50K
34,13,44,Male,<=50K
39,10,25,Male,<=50K
22,9,46,Female,<=50K
28,9,40,Male,<=50K
19,9,49,Male,<=50K
18,10,30,Male,<=50K
22,10,40,Male,<=50K
23,10,25,Female,<=50K
37,11,37,Female,>50K
34,9,32,Female,<=50K
19,9,18,Female,<=50K
30,10,40,Female,<=50K
30,7,40,Male,<=50K
27,10,50,Male,>50K
40,9,60,Male,>50K
19,10,20,Female,<=50K
25,14,40,Female,<=50K
44,13,45,Male,<=50K
49,9,80,Female,<=50K
26,13,50,Male,<=50K
50,10,40,Male,>50K
41,11,12,Male,>50K
52,13,40,Male,>50K
42,9,40,Male,>50K
23,10,40,Female,<=50K
43,10,92,Male,>50K
34,9,40,Female,<=50K
35,7,40,Female,<=50K
28,11,40,Female,<=50K
35,13,40,Female,<=50K
55,10,45,Male,>50K
54,14,50,Male,>50K
23,10,40,Female,<=50K
26,10,40,Female,<=50K
17,7,14,Female,<=50K
44,7,40,Male,>50K
50,4,40,Male,<=50K
20,10,18,Male,<=50K
25,10,40,Male,<=50K
49,13,35,Female,>50K
23,7,60,Male,>50K
34,9,40,Male,<=50K
47,13,40,Female,<=50K
47,10,40,Female,<=50K
50,9,40,Male,<=50K
53,9,40,Female,<=50K
40,9,60,Female,<=50K
33,9,40,Male,<=50K
37,10,46,Male,<=50K
23,11,40,Male,<=50K
52,15,40,Male,<=50K
32,11,80,Female,>50K
35,7,40,Male,<=50K
34,13,50,Male,>50K
30,14,40,Male,<=50K
47,9,60,Male,<=50K
30,4,42,Male,<=50K
34,10,35,Male,<=50K
63,10,35,Female,<=50K
43,15,70,Male,>50K
31,9,50,Male,>50K
25,9,37,Female,<=50K
59,9,60,Male,<=50K
48,14,40,Male,<=50K
24,9,40,Male,<=50K
49,9,50,Male,<=50K
32,3,40,Male,<=50K
24,10,40,Female,<=50K
41,14,61,Male,>50K
53,9,40,Male,>50K
30,13,60,Female,>50K
21,10,15,Male,<=50K
31,7,65,Male,<=50K
44,9,68,Male,<=50K
23,9,40,Male,<=50K
33,10,45,Male,<=50K
50,9,45,Female,<=50K
18,7,30,Female,<=50K
57,11,40,Male,<=50K
42,9,50,Male,>50K
54,9,42,Male,>50K
43,10,40,Female,<=50K
43,14,50,Female,<=50K
42,9,35,Male,<=50K
55,6,18,Male,<=50K
20,9,40,Female,<=50K
40,14,55,Female,>50K
41,13,40,Male,>50K
67,13,35,Female,<=50K
37,9,40,Male,<=50K
46,10,50,Male,<=50K
41,9,62,Male,<=50K
40,10,50,Male,>50K
26,12,40,Female,<=50K
20,3,25,Male,<=50K
36,12,50,Male,<=50K
44,9,30,Male,<=50K
33,10,40,Male,<=50K
51,14,45,Male,<=50K
39,9,40,Male,<=50K
51,5,40,Male,<=50K
44,11,40,Female,<=50K
56,6,40,Female,<=50K
48,10,40,Male,<=50K
68,9,8,Male,>50K
59,11,40,Male,>50K
43,13,55,Female,<=50K
65,9,17,Female,<=50K
18,7,4,Female,<=50K
33,9,50,Female,<=50K
53,13,20,Female,<=50K
58,14,60,Male,>50K
49,9,37,Female,<=50K
39,9,60,Male,<=50K
57,6,43,Male,<=50K
39,9,40,Female,<=50K
35,12,45,Male,>50K
26,9,40,Male,<=50K
30,9,25,Male,<=50K
36,13,40,Female,<=50K
23,9,40,Male,<=50K
52,10,80,Male,<=50K
18,9,25,Male,<=50K
58,9,35,Female,>50K
71,12,3,Male,<=50K
65,9,20,Male,<=50K
48,14,50,Male,>50K
37,11,40,Female,<=50K
49,9,32,Female,<=50K
25,13,50,Female,<=50K
33,10,5,Female,<=50K
47,9,8,Female,>50K
21,10,15,Male,<=50K
60,13,45,Male,>50K
49,10,22,Male,<=50K
64,9,30,Female,<=50K
62,10,80,Male,<=50K
71,14,20,Female,<=50K
65,12,40,Male,<=50K
55,11,20,Female,<=50K
30,9,40,Male,<=50K
26,9,40,Male,<=50K
50,13,40,Male,>50K
24,7,40,Male,<=50K
87,9,2,Male,<=50K
39,9,40,Male,<=50K
52,9,40,Male,>50K
37,6,35,Female,<=50K
51,9,40,Female,<=50K
22,10,42,Female,<=50K
23,9,40,Male,<=50K
45,9,84,Male,>50K
40,10,20,Female,<=50K
50,9,40,Female,<=50K
28,16,50,Male,>50K
30,16,40,Male,<=50K
39,9,40,Male,<=50K
29,9,40,Male,<=50K
81,6,45,Male,<=50K
22,10,28,Female,<=50K
22,9,35,Female,<=50K
18,8,12,Female,<=50K
37,9,70,Female,>50K
62,13,40,Male,>50K
27,12,40,Female,<=50K
40,10,24,Female,<=50K
24,10,40,Male,<=50K
29,7,40,Female,<=50K
49,10,30,Male,<=50K
54,9,40,Male,<=50K
25,10,40,Male,<=50K
56,14,40,Male,<=50K
43,13,40,Male,>50K
23,10,30,Female,<=50K
22,10,3,Female,<=50K
24,9,48,Female,<=50K
42,12,24,Female,<=50K
34,12,40,Female,<=50K
19,10,20,Female,<=50K
22,7,40,Female,<=50K
33,9,45,Male,<=50K
44,9,40,Male,<=50K
65,6,22,Male,>50K
36,9,40,Male,<=50K
38,13,40,Male,>50K
31,9,40,Male,<=50K
45,10,35,Male,<=50K
21,9,32,Male,<=50K
34,13,15,Male,<=50K
35,9,40,Male,>50K
37,9,40,Male,<=50K
50,13,40,Male,<=50K
29,9,40,Male,>50K
39,11,40,Male,<=50K
38,13,60,Male,>50K
26,9,40,Male,<=50K
35,10,40,Male,<=50K
23,13,30,Male,<=50K
42,9,40,Female,<=50K
45,13,60,Male,<=50K
20,9,40,Male,<=50K
41,10,40,Male,>50K
51,13,50,Female,<=50K
24,11,40,Female,<=50K
17,7,20,Male,<=50K
26,9,40,Female,<=50K
23,13,40,Female,<=50K
20,12,20,Female,<=50K
37,9,44,Male,>50K
32,9,40,Male,<=50K
40,16,50,Male,>50K
22,9,45,Male,<=50K
54,13,50,Male,>50K
42,11,45,Male,>50K
47,15,50,Male,>50K
55,13,40,Female,<=50K
37,12,46,Male,<=50K
41,10,40,Female,<=50K
33,7,40,Male,<=50K
20,10,20,Male,<=50K
61,3,45,Male,<=50K
27,14,20,Male,<=50K
26,13,40,Female,<=50K
18,7,12,Male,<=50K
52,2,56,Male,>50K
45,3,40,Male,<=50K
37,10,40,Male,<=50K
33,16,40,Male,<=50K
40,10,40,Female,<=50K
25,13,40,Male,<=50K
54,14,40,Female,<=50K
32,14,40,Male,>50K
33,8,40,Male,<=50K
25,9,40,Male,<=50K
44,10,48,Female,<=50K
40,9,35,Female,>50K
35,13,40,Male,<=50K
50,9,40,Female,<=50K
24,7,36,Female,<=50K
33,9,40,Male,<=50K
24,10,20,Male,<=50K
50,11,55,Female,<=50K
35,16,60,Male,>50K
41,9,40,Male,<=50K
57,13,40,Male,<=50K
23,12,40,Male,<=50K
29,14,20,Male,<=50K
32,13,50,Male,>50K
58,13,62,Female,<=50K
52,10,55,Male,>50K
64,6,56,Male,>50K
20,9,40,Female,<=50K
19,9,40,Female,<=50K
45,9,40,Female,<=50K
23,11,50,Female,<=50K
41,10,46,Male,<=50K
33,9,40,Male,<=50K
46,13,50,Male,>50K
25,10,45,Male,<=50K
44,13,40,Female,<=50K
26,10,32,Male,<=50K
29,13,50,Female,<=50K
52,11,40,Male,>50K
54,9,56,Male,<=50K
21,9,16,Female,<=50K
39,13,35,Female,<=50K
30,9,40,Male,>50K
56,4,40,Male,<=50K
40,9,37,Female,<=50K
47,14,47,Male,>50K
59,10,35,Female,<=50K
61,10,40,Male,<=50K
36,13,45,Male,>50K
30,9,40,Male,>50K
29,9,30,Male,<=50K
61,8,40,Male,<=50K
34,13,40,Male,<=50K
51,14,40,Male,>50K
58,4,50,Male,<=50K
37,13,40,Female,>50K
18,7,15,Male,<=50K
32,9,40,Male,<=50K
30,9,40,Male,<=50K
57,9,50,Male,<=50K
46,10,40,Male,<=50K
24,9,40,Male,<=50K
35,13,40,Male,<=50K
39,16,80,Female,<=50K
27,6,40,Female,<=50K
55,13,40,Male,<=50K
49,10,46,Male,<=50K
59,9,35,Male,>50K
42,12,60,Male,>50K
30,7,40,Male,<=50K
41,10,48,Female,<=50K
43,9,99,Male,<=50K
35,10,20,Female,>50K
48,10,53,Female,<=50K
20,10,50,Male,<=50K
52,9,40,Male,<=50K
18,9,35,Male,<=50K
41,13,40,Male,<=50K
59,7,35,Female,<=50K
34,9,40,Female,<=50K
49,10,50,Male,<=50K
26,3,40,Female,<=50K
28,9,40,Male,<=50K
82,4,40,Male,<=50K
39,9,46,Male,>50K
62,13,28,Male,<=50K
26,13,40,Male,<=50K
35,9,40,Male,<=50K
31,11,40,Male,<=50K
41,10,60,Male,>50K
49,3,40,Male,<=50K
38,15,50,Male,>50K
29,9,40,Male,<=50K
19,9,40,Male,<=50K
37,10,20,Female,<=50K
21,12,40,Male,<=50K
45,9,38,Female,<=50K
62,14,50,Female,<=50K
19,10,40,Male,<=50K
67,13,10,Male,<=50K
28,13,25,Male,<=50K
30,12,45,Male,<=50K
35,9,60,Male,>50K
17,6,24,Female,<=50K
32,9,40,Male,<=50K
23,7,40,Female,<=50K
46,10,40,Male,<=50K
27,7,40,Male,<=50K
29,9,40,Female,<=50K
30,13,99,Female,<=50K
27,9,80,Male,<=50K
19,10,30,Female,<=50K
34,9,30,Male,<=50K
52,9,40,Male,<=50K
65,9,40,Male,>50K
65,10,4,Male,<=50K
35,10,40,Female,<=50K
48,9,50,Male,<=50K
82,9,20,Male,<=50K
27,9,40,Male,<=50K
34,13,45,Male,>50K
31,12,40,Female,<=50K
27,12,25,Female,<=50K
20,10,40,Male,<=50K
36,14,60,Male,>50K
27,12,42,Male,<=50K
33,9,40,Male,<=50K
30,10,40,Female,<=50K
34,6,45,Female,<=50K
37,9,25,Female,>50K
46,14,40,Female,<=50K
42,15,38,Male,>50K
18,6,20,Male,<=50K
32,15,35,Female,<=50K
47,9,32,Female,<=50K
51,9,40,Male,<=50K
39,9,72,Male,<=50K
26,9,40,Female,<=50K
32,9,40,Male,<=50K
32,10,20,Female,<=50K
52,7,40,Male,<=50K
35,9,40,Male,<=50K
35,11,40,Female,>50K
39,9,40,Male,>50K
25,10,40,Male,<=50K
42,11,48,Male,<=50K
55,5,37,Male,<=50K
32,10,36,Female,<=50K
37,12,50,Male,<=50K
47,9,32,Male,<=50K
61,9,99,Female,<=50K
31,10,40,Male,<=50K
44,14,40,Male,>50K
27,9,25,Female,<=50K
38,13,50,Male,<=50K
27,10,45,Male,<=50K
56,9,25,Female,<=50K
62,13,35,Male,>50K
19,8,9,Male,<=50K
32,9,50,Male,<=50K
63,9,35,Male,>50K
28,11,48,Female,<=50K
57,4,75,Male,<=50K
33,13,60,Male,>50K
26,13,40,Male,>50K
31,13,97,Male,>50K
47,9,80,Male,>50K
64,9,79,Female,<=50K
46,11,40,Male,<=50K
18,7,25,Female,<=50K
26,9,40,Male,<=50K
26,9,30,Male,<=50K
46,9,40,Male,<=50K
28,13,45,Male,<=50K
37,9,45,Female,<=50K
18,7,16,Male,<=50K
24,10,40,Male,<=50K
41,9,40,Male,<=50K
34,13,40,Male,>50K
23,9,30,Male,<=50K
22,10,40,Female,<=50K
35,9,40,Male,<=50K
34,9,55,Male,<=50K
30,9,20,Male,<=50K
29,10,35,Male,<=50K
47,12,40,Male,>50K
67,9,30,Female,<=50K
21,9,20,Male,<=50K
40,9,25,Male,<=50K
34,13,40,Female,<=50K
30,10,40,Female,<=50K
45,13,55,Male,<=50K
23,10,40,Male,<=50K
33,9,40,Male,<=50K
66,4,40,Female,<=50K
64,14,30,Female,<=50K
17,6,20,Male,<=50K
33,10,40,Male,<=50K
31,10,48,Female,<=50K
46,9,40,Female,<=50K
36,13,40,Male,>50K
27,10,40,Male,<=50K
60,9,65,Male,>50K
30,13,50,Male,>50K
27,9,40,Male,<=50K
72,10,35,Female,<=50K
50,13,50,Female,<=50K
36,5,35,Male,<=50K
45,11,40,Male,<=50K
36,9,42,Male,<=50K
32,10,35,Male,<=50K
24,13,44,Male,>50K
27,13,35,Male,<=50K
32,13,44,Male,>50K
29,7,40,Male,<=50K
45,13,40,Male,>50K
49,13,43,Male,>50K
28,9,40,Male,<=50K
26,10,40,Male,<=50K
42,10,52,Male,<=50K
33,7,40,Male,<=50K
30,9,40,Male,<=50K
29,12,25,Male,<=50K
30,9,40,Male,>50K
17,7,40,Male,<=50K
52,4,40,Male,<=50K
66,14,20,Male,<=50K
30,10,40,Male,<=50K
35,9,40,Female,<=50K
44,13,40,Male,<=50K
27,6,35,Male,<=50K
21,9,40,Male,<=50K
36,13,40,Male,>50K
31,10,40,Male,<=50K
50,9,40,Female,<=50K
53,14,48,Male,>50K
42,10,40,Male,<=50K
19,10,15,Female,<=50K
20,10,30,Male,<=50K
35,9,55,Male,<=50K
46,9,40,Male,>50K
20,3,40,Male,<=50K
22,10,55,Male,>50K
41,9,40,Male,<=50K
26,13,40,Female,<=50K
22,10,40,Male,<=50K
65,13,35,Female,<=50K
58,9,55,Male,>50K
42,5,24,Male,<=50K
31,10,40,Male,<=50K
42,11,80,Male,<=50K
56,10,35,Female,<=50K
20,12,30,Male,<=50K
46,13,44,Male,>50K
40,14,40,Male,<=50K
57,10,50,Male,<=50K
90,6,7,Female,<=50K
65,9,60,Male,>50K
36,9,43,Male,<=50K
55,6,50,Male,<=50K
32,9,40,Female,<=50K
46,11,40,Male,>50K
41,7,50,Male,>50K
45,14,40,Female,<=50K
23,9,40,Female,<=50K
42,14,45,Male,<=50K
56,6,40,Female,<=50K
47,13,38,Male,>50K
39,9,40,Female,<=50K
56,9,40,Female,<=50K
31,9,40,Male,<=50K
40,10,50,Male,>50K
54,10,40,Female,<=50K
34,10,38,Male,>50K
33,7,40,Male,<=50K
35,9,40,Male,<=50K
31,10,50,Male,>50K
41,9,45,Male,>50K
73,14,20,Male,<=50K
58,13,60,Male,>50K
42,9,48,Male,<=50K
33,7,40,Male,<=50K
41,9,45,Male,>50K
22,9,40,Male,<=50K
20,9,35,Male,<=50K
69,4,55,Male,<=50K
37,3,40,Male,<=50K
25,9,40,Male,<=50K
24,13,65,Male,<=50K
22,12,12,Female,<=50K
42,9,40,Male,<=50K
42,12,40,Male,<=50K
36,12,42,Female,<=50K
36,6,40,Male,<=50K
35,9,50,Male,<=50K
60,9,40,Male,<=50K
40,9,45,Male,<=50K
26,9,40,Male,<=50K
26,9,40,Female,<=50K
29,9,40,Male,<=50K
38,12,55,Male,<=50K
44,14,24,Female,>50K
57,9,40,Male,>50K
61,13,40,Female,<=50K
62,9,72,Male,>50K
46,15,45,Male,>50K
50,13,8,Male,<=50K
44,9,40,Female,<=50K
33,8,40,Male,<=50K
24,10,35,Female,<=50K
47,3,50,Male,<=50K
32,9,40,Male,<=50K
45,13,45,Male,>50K
24,3,40,Male,<=50K
34,10,45,Male,<=50K
53,9,60,Male,>50K
39,10,60,Male,<=50K
38,9,40,Male,<=50K
65,11,20,Male,<=50K
37,5,40,Male,<=50K
64,7,40,Male,<=50K
76,13,32,Male,<=50K
53,12,70,Female,<=50K
40,9,50,Female,<=50K
57,10,45,Male,<=50K
33,9,40,Male,<=50K
23,9,40,Male,<=50K
36,14,40,Male,<=50K
34,13,40,Male,<=50K
41,13,45,Male,>50K
29,13,50,Female,>50K
17,6,6,Male,<=50K
21,10,30,Male,<=50K
29,14,50,Female,<=50K
18,10,20,Male,<=50K
59,4,40,Male,<=50K
41,13,50,Male,<=50K
25,9,8,Male,<=50K
41,9,36,Male,<=50K
56,10,40,Female,<=50K
42,10,40,Female,<=50K
59,10,40,Female,<=50K
42,11,40,Female,>50K
20,9,40,Male,<=50K
30,9,54,Female,<=50K
27,9,40,Male,<=50K
46,13,20,Female,<=50K
52,13,40,Male,<=50K
48,9,40,Male,<=50K
31,13,50,Female,<=50K
30,9,40,Female,<=50K
51,9,40,Male,>50K
25,5,40,Male,<=50K
38,11,40,Female,<=50K
39,11,40,Female,<=50K
40,5,40,Male,<=50K
33,9,40,Female,<=50K
27,9,42,Female,<=50K
29,9,40,Male,<=50K
37,10,40,Male,<=50K
30,5,30,Female,<=50K
52,7,32,Male,<=50K
50,9,40,Female,<=50K
20,10,50,Female,<=50K
34,12,35,Female,<=50K
67,9,16,Female,<=50K
21,10,15,Female,<=50K
50,16,40,Male,<=50K
23,13,30,Male,<=50K
24,11,40,Female,<=50K
17,6,15,Male,<=50K
35,14,35,Female,>50K
27,13,40,Male,<=50K
25,9,40,Female,<=50K
23,9,48,Male,<=50K
38,13,50,Male,<=50K
47,10,40,Male,<=50K
19,10,18,Female,<=50K
33,14,50,Male,<=50K
60,10,40,Female,<=50K
50,10,40,Male,>50K
19,10,30,Male,<=50K
34,13,50,Female,>50K
37,12,38,Female,>50K
47,10,40,Female,<=50K
45,8,35,Male,<=50K
31,9,50,Male,<=50K
25,10,40,Female,<=50K
36,10,40,Female,<=50K
63,10,40,Male,>50K
44,8,36,Male,<=50K
38,4,84,Male,<=50K
43,10,40,Male,>50K
40,10,40,Female,<=50K
19,2,55,Male,<=50K
25,9,35,Female,<=50K
25,9,65,Male,<=50K
47,13,50,Male,<=50K
51,9,40,Male,>50K
23,12,40,Male,<=50K
34,10,50,Male,<=50K
45,11,35,Male,<=50K
43,10,50,Male,>50K
67,9,18,Female,<=50K
55,10,40,Male,<=50K
47,9,40,Female,<=50K
46,11,40,Female,<=50K
49,9,40,Male,<=50K
45,10,40,Male,<=50K
33,9,40,Male,<=50K
25,13,60,Male,<=50K
54,10,56,Male,>50K
56,10,40,Male,>50K
24,9,40,Male,<=50K
43,14,35,Male,>50K
47,6,65,Male,<=50K
43,9,25,Female,>50K
55,5,45,Male,<=50K
23,10,40,Female,<=50K
29,10,20,Female,<=50K
46,11,40,Male,<=50K
31,13,50,Female,>50K
59,14,40,Male,>50K
42,16,99,Male,>50K
33,10,25,Female,<=50K
44,10,40,Male,>50K
43,5,20,Female,<=50K
25,11,30,Male,<=50K
66,7,2,Male,>50K
44,14,40,Male,>50K
46,15,45,Male,>50K
38,9,40,Male,<=50K
32,13,50,Male,>50K
36,9,40,Male,<=50K
46,13,40,Male,<=50K
31,13,40,Male,<=50K
34,3,40,Male,<=50K
38,10,40,Female,<=50K
54,9,40,Male,<=50K
35,9,40,Female,<=50K
41,9,40,Male,<=50K
27,9,40,Female,<=50K
35,13,40,Male,<=50K
71,2,28,Female,<=50K
75,13,24,Male,<=50K
23,3,55,Male,<=50K
46,10,48,Male,>50K
29,1,40,Male,<=50K
24,13,60,Female,>50K
23,9,40,Female,<=50K
38,9,40,Male,<=50K
31,10,40,Male,<=50K
24,10,60,Male,<=50K
43,10,44,Male,<=50K
53,9,40,Male,>50K
28,10,50,Female,<=50K
42,10,40,Male,>50K
55,15,60,Male,>50K
45,14,60,Male,>50K
40,9,45,Male,<=50K
48,9,45,Female,<=50K
34,9,48,Male,<=50K
64,9,20,Male,<=50K
57,9,40,Male,>50K
41,10,54,Male,>50K
62,9,18,Female,<=50K
60,14,50,Male,>50K
36,9,40,Female,<=50K
19,10,40,Female,<=50K
50,9,60,Male,<=50K
57,11,50,Female,<=50K
25,9,40,Male,<=50K
29,13,50,Female,<=50K
44,10,50,Male,<=50K
35,11,50,Male,>50K
66,13,24,Male,<=50K
18,7,12,Female,<=50K
45,9,40,Male,<=50K
33,9,50,Male,>50K
60,9,40,Male,<=50K
34,10,40,Male,>50K
36,9,40,Female,<=50K
49,10,32,Female,<=50K
21,10,40,Male,<=50K
23,8,40,Male,<=50K
48,9,72,Male,>50K
32,4,40,Male,<=50K
23,10,60,Male,<=50K
28,5,30,Male,<=50K
30,11,40,Male,<=50K
24,9,60,Male,>50K
20,9,47,Male,<=50K
34,9,40,Male,<=50K
32,10,40,Female,<=50K
17,5,35,Female,<=50K
23,9,40,Female,<=50K
45,9,49,Male,>50K
65,9,40,Male,>50K
49,13,56,Female,>50K
49,14,45,Male,>50K
31,9,30,Female,<=50K
38,14,60,Male,>50K
59,9,20,Male,<=50K
29,11,40,Female,<=50K
35,9,40,Male,<=50K
29,10,8,Female,<=50K
27,16,52,Male,<=50K
25,9,40,Male,<=50K
42,11,40,Male,<=50K
50,13,55,Male,>50K
41,9,40,Male,<=50K
35,13,50,Male,<=50K
54,16,43,Male,>50K
46,13,40,Female,<=50K
32,13,40,Male,>50K
43,10,40,Male,<=50K
37,9,30,Female,<=50K
42,13,60,Male,>50K
66,9,24,Male,<=50K
35,15,45,Male,>50K
39,9,40,Male,<=50K
31,6,40,Male,<=50K
30,13,50,Male,>50K
40,10,30,Male,<=50K
62,9,40,Female,<=50K
17,7,25,Male,<=50K
56,9,40,Male,<=50K
45,13,48,Male,>50K
45,10,48,Male,<=50K
63,6,40,Male,<=50K
38,9,50,Male,<=50K
54,14,40,Male,>50K
54,6,10,Female,<=50K
59,9,50,Male,<=50K
30,13,35,Female,<=50K
77,14,25,Male,<=50K
32,13,52,Male,>50K
20,10,30,Male,<=50K
40,9,45,Male,>50K
40,6,40,Male,<=50K
17,5,40,Male,<=50K
18,9,30,Male,<=50K
56,13,45,Male,>50K
42,13,21,Male,<=50K
32,9,40,Male,<=50K
34,14,40,Male,<=50K
57,10,45,Male,<=50K
32,10,40,Female,<=50K
76,13,40,Male,>50K
43,9,80,Male,>50K
42,9,40,Female,<=50K
39,7,60,Male,<=50K
24,11,40,Female,<=50K
21,10,20,Female,<=50K
26,9,40,Female,<=50K
36,13,45,Male,<=50K
30,9,40,Male,<=50K
35,10,38,Female,<=50K
51,10,35,Female,<=50K
23,13,40,Female,<=50K
34,10,38,Male,<=50K
44,10,55,Male,<=50K
32,9,60,Male,<=50K
62,16,80,Male,>50K
42,13,40,Male,<=50K
44,10,50,Male,>50K
21,10,8,Female,<=50K
26,10,40,Female,<=50K
25,11,40,Male,<=50K
23,10,70,Male,<=50K
25,14,40,Male,<=50K
41,11,40,Male,<=50K
48,15,45,Male,>50K
57,14,50,Male,>50K
49,12,40,Female,<=50K
24,13,40,Female,<=50K
60,8,40,Male,<=50K
58,13,40,Male,>50K
19,9,37,Male,<=50K
33,11,40,Male,<=50K
27,9,32,Female,<=50K
41,14,45,Male,>50K
20,9,40,Male,<=50K
33,9,50,Male,>50K
17,5,22,Male,<=50K
48,9,25,Female,<=50K
33,9,20,Male,<=50K
23,8,45,Male,<=50K
46,14,50,Male,>50K
65,9,30,Male,<=50K
70,9,22,Male,<=50K
35,9,36,Female,<=50K
20,9,40,Male,<=50K
39,7,37,Male,<=50K
42,14,38,Female,<=50K
31,8,40,Female,>50K
28,10,43,Male,<=50K
59,9,40,Male,<=50K
51,9,40,Male,>50K
43,9,40,Male,<=50K
40,9,45,Male,<=50K
21,10,20,Female,<=50K
22,9,40,Male,<=50K
33,9,40,Male,<=50K
21,10,40,Female,<=50K
33,9,50,Male,<=50K
40,10,40,Male,<=50K
55,9,40,Male,<=50K
67,9,40,Male,>50K
48,13,56,Female,>50K
37,10,40,Female,>50K
55,10,56,Male,<=50K
55,10,60,Male,>50K
24,13,40,Female,<=50K
57,10,40,Male,>50K
53,9,45,Male,<=50K
30,8,40,Female,<=50K
44,10,80,Male,>50K
25,10,40,Male,>50K
29,14,50,Female,<=50K
30,9,40,Female,<=50K
25,10,50,Female,<=50K
26,7,15,Female,<=50K
30,13,65,Male,>50K
19,9,30,Male,<=50K
55,9,38,Female,<=50K
56,9,40,Male,>50K
30,9,15,Male,>50K
19,10,50,Male,<=50K
64,9,20,Male,<=50K
49,9,40,Male,<=50K
51,9,40,Male,<=50K
17,7,10,Female,<=50K
24,9,40,Male,<=50K
50,16,60,Male,>50K
48,9,40,Male,>50K
40,10,44,Female,>50K
66,4,40,Male,<=50K
37,13,40,Female,<=50K
29,9,50,Male,<=50K
42,9,40,Male,<=50K
70,13,12,Male,>50K
42,10,60,Male,<=50K
61,9,40,Female,<=50K
33,9,40,Male,<=50K
46,13,72,Male,>50K
30,11,40,Female,<=50K
51,13,55,Male,<=50K
34,9,50,Male,<=50K
36,10,40,Male,<=50K
23,10,20,Male,<=50K
17,6,30,Female,<=50K
39,10,43,Male,<=50K
55,9,40,Female,<=50K
21,10,10,Male,<=50K
60,9,40,Male,<=50K
34,9,40,Male,<=50K
35,9,40,Male,>50K
53,9,48,Male,<=50K
48,13,37,Male,>50K
34,9,35,Female,<=50K
26,13,40,Female,>50K
26,10,35,Female,<=50K
28,10,45,Male,>50K
48,9,40,Male,<=50K
18,8,35,Female,<=50K
59,9,45,Female,<=50K
33,9,40,Male,>50K
21,6,25,Male,<=50K
66,7,84,Female,>50K
23,12,35,Female,<=50K
27,9,50,Male,<=50K
77,9,14,Female,<=50K
31,13,40,Female,<=50K
17,7,15,Male,<=50K
35,14,45,Male,>50K
46,13,40,Male,>50K
54,9,40,Female,<=50K
49,10,50,Male,>50K
34,9,35,Female,<=50K
61,13,20,Male,<=50K
26,14,40,Female,<=50K
58,9,40,Male,<=50K
44,10,45,Male,<=50K
70,13,35,Male,>50K
27,10,40,Male,<=50K
44,9,40,Female,<=50K
19,10,20,Female,<=50K
43,9,40,Female,<=50K
30,7,40,Female,<=50K
70,9,30,Male,<=50K
68,14,15,Male,<=50K
27,9,40,Female,<=50K
18,7,2,Female,<=50K
45,9,60,Male,>50K
52,9,35,Female,<=50K
18,9,10,Female,<=50K
30,11,24,Female,<=50K
31,13,55,Male,>50K
20,10,40,Female,<=50K
43,9,20,Male,<=50K
39,9,40,Male,<=50K
24,8,40,Male,<=50K
54,9,50,Male,>50K
54,10,40,Female,<=50K
21,10,40,Male,<=50K
42,10,30,Male,<=50K
51,9,35,Female,<=50K
40,12,40,Male,<=50K
19,9,20,Male,<=50K
41,13,45,Male,>50K
20,10,25,Female,<=50K
43,13,42,Male,>50K
18,9,30,Male,<=50K
55,10,24,Male,>50K
31,9,40,Male,>50K
41,9,40,Male,<=50K
34,9,50,Male,<=50K
21,10,25,Male,<=50K
35,9,45,Male,<=50K
55,7,40,Male,<=50K
30,9,36,Female,<=50K
51,13,50,Male,>50K
49,2,40,Female,<=50K
33,13,40,Male,<=50K
52,6,40,Male,<=50K
38,10,35,Female,>50K
26,7,25,Male,<=50K
44,10,55,Male,<=50K
21,9,40,Male,<=50K
26,13,38,Female,<=50K
54,14,20,Female,<=50K
31,10,40,Male,<=50K
34,12,45,Female,<=50K
44,11,25,Female,<=50K
41,10,21,Male,<=50K
46,14,50,Male,>50K
25,11,35,Female,<=50K
37,9,40,Male,>50K
34,13,40,Male,>50K
35,10,40,Male,<=50K
39,10,60,Female,<=50K
23,13,38,Female,<=50K
54,10,40,Male,<=50K
19,9,48,Male,<=50K
57,3,40,Male,<=50K
31,9,40,Male,>50K
36,9,65,Male,<=50K
57,10,60,Male,>50K
47,9,45,Male,>50K
25,10,42,Male,<=50K
46,9,40,Female,<=50K
61,9,40,Male,<=50K
21,10,80,Male,<=50K
67,9,15,Female,<=50K
48,14,35,Male,>50K
68,9,35,Female,<=50K
21,10,30,Male,<=50K
33,3,40,Female,<=50K
47,9,40,Female,<=50K
33,13,50,Male,<=50K
47,9,40,Male,<=50K
18,9,40,Male,<=50K
21,9,30,Female,<=50K
56,14,50,Male,<=50K
34,9,50,Male,<=50K
47,13,45,Male,>50K
42,16,50,Male,<=50K
33,13,50,Male,>50K
27,10,50,Male,<=50K
20,10,40,Male,<=50K
38,15,60,Male,>50K
33,13,45,Female,>50K
46,10,40,Male,<=50K
21,10,40,Male,<=50K
19,10,32,Male,<=50K
30,13,40,Female,<=50K
31,16,50,Male,>50K
22,10,40,Male,<=50K
41,10,40,Female,<=50K
40,14,50,Male,>50K
38,9,45,Male,<=50K
41,9,40,Male,<=50K
18,8,25,Female,<=50K
64,9,40,Male,<=50K
18,8,30,Male,<=50K
40,11,40,Male,<=50K
73,9,40,Male,<=50K
21,10,25,Female,<=50K
29,9,40,Male,<=50K
23,9,40,Female,<=50K
62,9,40,Female,<=50K
30,13,55,Male,<=50K
64,9,40,Male,<=50K
43,10,30,Female,<=50K
31,9,20,Female,<=50K
37,9,40,Female,<=50K
27,9,35,Female,<=50K
36,10,40,Male,>50K
63,10,60,Female,<=50K
41,13,50,Male,>50K
24,10,25,Female,<=50K
33,9,40,Female,>50K
43,9,35,Female,<=50K
53,10,40,Male,>50K
76,10,40,Male,<=50K
44,10,50,Male,>50K
23,10,60,Male,<=50K
26,9,50,Male,<=50K
26,10,40,Male,<=50K
23,13,35,Female,<=50K
29,9,45,Male,>50K
56,4,58,Female,<=50K
38,11,48,Male,>50K
29,9,25,Female,<=50K
28,9,35,Female,<=50K
37,13,40,Male,>50K
38,10,40,Male,>50K
32,10,40,Female,<=50K
38,10,50,Male,>50K
26,13,40,Female,<=50K
40,10,40,Male,>50K
19,9,40,Male,<=50K
22,12,40,Female,<=50K
24,13,20,Female,<=50K
20,10,40,Male,<=50K
23,9,40,Male,<=50K
31,9,40,Female,<=50K
52,10,84,Male,<=50K
19,9,60,Female,<=50K
44,12,40,Male,<=50K
30,9,35,Female,<=50K
23,10,20,Female,<=50K
58,9,35,Male,<=50K
55,9,40,Female,<=50K
48,10,40,Male,>50K
22,11,40,Female,<=50K
38,9,40,Male,<=50K
28,13,24,Female,>50K
19,10,20,Female,<=50K
37,10,40,Male,>50K
41,9,40,Female,<=50K
74,12,30,Male,>50K
21,9,50,Male,<=50K
26,6,99,Male,<=50K
46,10,45,Male,>50K
43,15,60,Male,>50K
31,10,40,Female,<=50K
47,4,48,Male,<=50K
60,12,35,Male,>50K
30,13,40,Male,<=50K
24,10,35,Male,<=50K
73,10,11,Female,<=50K
32,13,40,Female,>50K
20,10,40,Male,<=50K
84,3,15,Male,<=50K
44,9,45,Male,<=50K
43,14,40,Male,>50K
28,12,35,Male,<=50K
31,10,40,Male,<=50K
35,9,28,Female,>50K
35,9,48,Female,<=50K
43,3,40,Female,<=50K
31,10,40,Female,<=50K
23,13,40,Male,<=50K
42,9,40,Male,<=50K
27,10,25,Male,<=50K
47,10,40,Female,<=50K
31,9,50,Male,<=50K
23,10,40,Male,<=50K
40,11,32,Male,<=50K
30,11,40,Female,<=50K
22,11,44,Male,<=50K
67,12,40,Female,<=50K
20,9,48,Male,<=50K
31,9,18,Male,<=50K
34,9,40,Male,<=50K
33,9,40,Male,<=50K
21,9,40,Male,<=50K
21,9,19,Female,<=50K
66,9,35,Female,<=50K
78,13,45,Male,>50K
25,13,45,Female,<=50K
41,9,40,Male,<=50K
60,10,50,Male,<=50K
36,2,40,Male,<=50K
24,13,50,Female,<=50K
28,3,40,Male,<=50K
55,3,40,Male,<=50K
49,13,40,Male,>50K
32,9,40,Male,>50K
21,10,25,Female,<=50K
28,10,40,Female,<=50K
48,10,60,Male,>50K
44,10,57,Male,<=50K
26,6,40,Male,<=50K
25,9,40,Female,<=50K
39,13,40,Male,>50K
34,10,45,Male,>50K
42,9,40,Male,<=50K
27,9,40,Male,<=50K
38,9,40,Male,<=50K
22,9,40,Male,<=50K
35,9,40,Male,<=50K
61,13,55,Male,<=50K
41,10,50,Male,<=50K
21,9,40,Male,<=50K
24,9,40,Male,<=50K
19,10,30,Female,<=50K
26,13,40,Male,<=50K
51,9,50,Male,<=50K
25,10,40,Female,<=50K
23,9,35,Female,<=50K
34,9,25,Female,<=50K
27,11,40,Female,<=50K
47,13,45,Female,<=50K
46,9,40,Female,<=50K
60,10,27,Female,<=50K
45,9,45,Male,<=50K
56,5,40,Male,<=50K
62,10,40,Male,<=50K
29,11,60,Male,<=50K
19,10,40,Male,<=50K
49,10,40,Female,>50K
66,10,40,Male,<=50K
59,13,60,Male,>50K
60,9,50,Male,>50K
47,9,40,Male,<=50K
67,10,25,Female,<=50K
64,10,50,Male,<=50K
31,13,40,Male,<=50K
46,10,45,Female,<=50K
53,9,40,Male,<=50K
26,10,40,Male,<=50K
51,14,40,Male,>50K
37,9,35,Female,>50K
26,11,40,Male,<=50K
30,13,36,Male,>50K
45,4,35,Female,<=50K
23,10,40,Female,<=50K
27,13,40,Male,<=50K
52,10,40,Male,>50K
33,9,36,Male,<=50K
32,10,50,Male,<=50K
59,9,40,Male,>50K
45,10,40,Female,<=50K
17,6,8,Male,<=50K
28,9,15,Female,<=50K
23,6,60,Male,<=50K
37,9,40,Male,<=50K
42,12,40,Female,<=50K
27,13,35,Female,<=50K
20,9,40,Male,<=50K
59,9,70,Male,<=50K
35,13,45,Male,>50K
47,10,35,Female,<=50K
32,11,7,Female,<=50K
28,10,40,Female,>50K
47,3,40,Female,<=50K
59,9,40,Male,<=50K
30,14,38,Male,<=50K
32,6,40,Female,<=50K
42,10,40,Female,<=50K
35,10,40,Male,<=50K
38,8,40,Male,<=50K
53,15,60,Male,>50K
57,13,48,Male,>50K
24,9,48,Female,<=50K
59,14,40,Male,<=50K
28,13,45,Male,<=50K
68,9,40,Male,<=50K
45,10,40,Male,>50K
44,10,40,Female,<=50K
22,9,40,Male,<=50K
19,9,40,Female,<=50K
41,7,40,Female,<=50K
39,6,40,Male,<=50K
23,6,40,Female,<=50K
49,12,40,Male,>50K
25,10,40,Male,<=50K
25,9,22,Female,<=50K
69,9,28,Male,<=50K
54,10,40,Male,>50K
19,7,40,Female,<=50K
22,3,50,Male,<=50K
32,11,45,Male,<=50K
34,10,40,Male,<=50K
27,9,40,Female,<=50K
31,9,40,Female,<=50K
67,13,40,Female,<=50K
29,10,40,Male,<=50K
56,8,40,Male,<=50K
45,9,40,Female,<=50K
35,9,38,Male,<=50K
46,9,40,Male,<=50K
48,10,40,Male,>50K
43,15,40,Male,>50K
32,9,45,Female,<=50K
29,11,40,Male,>50K
33,12,60,Male,<=50K
42,11,55,Male,>50K
19,10,10,Male,<=50K
36,10,60,Male,>50K
24,9,40,Female,<=50K
45,12,40,Male,<=50K
20,9,35,Male,<=50K
42,7,40,Male,<=50K
19,5,25,Female,<=50K
52,9,45,Male,<=50K
75,13,48,Male,>50K
52,11,40,Female,<=50K
19,9,6,Male,<=50K
27,13,35,Male,<=50K
90,5,40,Female,<=50K
49,9,8,Female,<=50K
27,10,40,Male,<=50K
65,9,10,Male,<=50K
18,6,40,Male,<=50K
21,10,40,Male,<=50K
23,9,40,Male,<=50K
25,10,50,Male,>50K
41,9,40,Male,<=50K
19,7,43,Male,<=50K
35,15,60,Male,>50K
22,13,35,Female,<=50K
51,10,40,Female,>50K
29,10,40,Male,<=50K
35,12,55,Male,<=50K
20,10,10,Female,<=50K
24,13,38,Male,<=50K
44,10,50,Male,>50K
22,10,40,Female,<=50K
70,13,40,Female,<=50K
46,13,38,Male,>50K
34,10,42,Male,>50K
66,9,50,Male,>50K
31,10,50,Male,>50K
38,9,45,Male,<=50K
17,6,10,Female,<=50K
64,9,45,Male,>50K
42,9,40,Male,<=50K
17,5,10,Female,<=50K
40,10,48,Male,<=50K
68,16,50,Male,>50K
44,9,55,Male,<=50K
64,9,40,Male,<=50K
21,10,35,Female,<=50K
45,10,40,Male,>50K
17,5,35,Male,<=50K
26,10,40,Male,<=50K
36,6,60,Male,<=50K
36,7,40,Male,<=50K
52,9,40,Male,<=50K
18,8,20,Male,<=50K
46,13,45,Male,>50K
18,10,20,Female,<=50K
20,9,40,Male,<=50K
90,9,12,Male,<=50K
51,13,40,Male,>50K
38,14,2,Female,>50K
23,9,24,Female,<=50K
25,9,30,Female,<=50K
39,10,40,Male,<=50K
42,13,45,Male,<=50K
64,11,50,Male,<=50K
37,9,60,Male,>50K
28,13,50,Male,<=50K
19,9,35,Male,<=50K
28,9,40,Male,<=50K
65,7,40,Male,<=50K
32,10,40,Male,<=50K
34,10,40,Female,<=50K
17,5,5,Male,<=50K
42,13,50,Male,>50K
24,13,40,Male,<=50K
28,9,55,Male,<=50K
44,13,60,Male,>50K
61,16,40,Male,<=50K
21,12,40,Female,<=50K
51,13,50,Male,<=50K
50,9,40,Female,<=50K
33,10,40,Female,<=50K
22,9,40,Female,<=50K
68,14,5,Female,<=50K
56,9,40,Male,<=50K
32,16,40,Male,<=50K
36,13,45,Female,<=50K
41,12,40,Male,>50K
47,10,40,Male,<=50K
41,15,50,Male,>50K
19,10,24,Male,<=50K
48,9,40,Male,<=50K
34,13,40,Male,>50K
47,9,40,Male,<=50K
48,10,40,Male,>50K
40,14,43,Male,<=50K
25,5,40,Male,<=50K
54,14,38,Female,<=50K
43,13,40,Female,<=50K
22,10,40,Male,<=50K
36,10,60,Male,>50K
21,10,15,Male,<=50K
37,9,40,Female,>50K
25,12,32,Female,<=50K
44,9,65,Male,>50K
28,14,40,Female,>50K
37,10,50,Male,<=50K
40,13,55,Female,>50K
17,6,4,Male,<=50K
29,9,55,Male,<=50K
25,9,40,Male,<=50K
45,13,40,Male,<=50K
29,10,40,Female,<=50K
32,12,45,Male,>50K
45,7,25,Female,<=50K
17,8,10,Female,<=50K
35,9,48,Female,<=50K
33,11,40,Male,<=50K
57,9,40,Male,<=50K
30,13,55,Male,>50K
33,13,40,Female,<=50K
32,9,40,Female,<=50K
45,15,36,Male,>50K
28,7,40,Male,<=50K
32,3,40,Male,<=50K
50,9,40,Male,<=50K
29,13,40,Male,<=50K
30,13,50,Female,<=50K
21,9,35,Female,<=50K
33,9,40,Male,<=50K
17,7,20,Male,<=50K
31,10,35,Male,<=50K
23,13,40,Male,<=50K
32,13,20,Male,<=50K
25,13,40,Female,<=50K
36,13,40,Female,>50K
26,10,44,Male,<=50K
42,9,40,Male,<=50K
22,9,24,Female,<=50K
29,9,25,Female,<=50K
55,7,20,Female,<=50K
30,9,52,Male,<=50K
53,9,40,Male,<=50K
36,13,35,Male,<=50K
51,9,40,Male,<=50K
38,13,70,Male,>50K
40,9,40,Male,<=50K
38,13,40,Male,<=50K
50,10,55,Male,<=50K
43,10,35,Female,<=50K
28,10,45,Female,<=50K
71,9,25,Female,<=50K
29,9,60,Male,>50K
23,13,55,Male,<=50K
53,9,40,Male,>50K
33,11,45,Male,>50K
21,7,38,Female,<=50K
66,13,40,Male,<=50K
65,9,45,Male,<=50K
25,13,40,Male,<=50K
44,13,45,Male,<=50K
45,9,40,Female,<=50K
33,10,80,Male,<=50K
28,10,40,Female,<=50K
45,13,45,Male,>50K
30,9,60,Male,<=50K
33,7,38,Female,<=50K
30,5,40,Male,<=50K
45,9,48,Male,>50K
52,9,60,Female,<=50K
28,11,40,Female,<=50K
36,9,40,Male,<=50K
21,10,35,Male,<=50K
17,7,15,Male,<=50K
35,10,50,Male,<=50K
44,16,70,Male,>50K
22,13,40,Male,<=50K
35,13,40,Male,<=50K
37,10,40,Male,>50K
69,3,40,Male,<=50K
19,10,30,Male,<=50K
39,9,55,Female,<=50K
18,8,24,Female,<=50K
43,11,35,Female,<=50K
22,10,20,Female,<=50K
31,14,40,Male,<=50K
49,9,40,Male,>50K
57,9,40,Male,<=50K
42,13,60,Male,<=50K
17,8,45,Male,<=50K
65,9,40,Female,<=50K
72,3,40,Female,<=50K
35,4,40,Male,<=50K
45,9,39,Female,<=50K
33,9,40,Male,<=50K
26,9,40,Male,<=50K
37,9,40,Male,<=50K
83,9,55,Male,<=50K
17,7,15,Female,<=50K
31,10,60,Male,<=50K
28,13,50,Male,<=50K
31,7,40,Female,<=50K
31,13,50,Male,>50K
32,9,40,Male,<=50K
58,9,50,Male,<=50K
61,9,40,Male,<=50K
42,14,55,Male,>50K
56,10,48,Female,<=50K
53,14,55,Male,>50K
59,9,40,Male,<=50K
36,9,70,Male,>50K
32,10,35,Female,<=50K
23,12,32,Male,<=50K
58,11,40,Male,<=50K
53,9,60,Male,<=50K
63,6,10,Male,<=50K
26,10,38,Female,<=50K
58,10,40,Male,>50K
32,13,40,Male,>50K
23,13,15,Female,<=50K
34,10,48,Male,>50K
32,11,40,Female,<=50K
50,9,40,Male,<=50K
20,9,40,Male,<=50K
44,9,40,Female,<=50K
41,13,40,Male,>50K
74,10,40,Male,<=50K
48,9,50,Male,>50K
44,13,40,Male,>50K
58,9,50,Male,<=50K
47,3,40,Male,<=50K
27,13,60,Male,>50K
29,9,32,Male,<=50K
51,13,40,Male,<=50K
44,13,90,Male,<=50K
41,14,55,Male,>50K
53,10,40,Female,<=50K
31,6,40,Male,>50K
32,12,62,Male,<=50K
21,9,35,Female,<=50K
33,10,40,Female,<=50K
62,7,40,Female,<=50K
35,9,40,Male,<=50K
42,9,40,Male,<=50K
24,11,40,Male,<=50K
80,11,24,Male,<=50K
55,9,40,Male,>50K
53,14,38,Female,<=50K
47,10,40,Male,>50K
74,4,2,Male,<=50K
58,9,40,Male,<=50K
39,9,40,Female,>50K
64,16,60,Male,>50K
44,9,40,Female,<=50K
19,10,30,Male,<=50K
46,9,40,Male,<=50K
37,9,40,Female,>50K
24,10,30,Male,<=50K
18,8,20,Female,<=50K
40,14,55,Male,<=50K
26,14,20,Male,<=50K
63,10,15,Male,<=50K
20,7,40,Male,<=50K
41,14,35,Female,>50K
54,13,35,Male,<=50K
20,9,40,Female,<=50K
32,10,50,Male,>50K
51,9,40,Male,>50K
59,6,40,Female,<=50K
52,9,40,Male,<=50K
26,9,36,Male,<=50K
24,13,40,Male,<=50K
34,9,32,Female,<=50K
43,9,40,Male,>50K
33,14,35,Female,<=50K
28,9,40,Female,<=50K
64,9,8,Male,<=50K
49,9,60,Male,<=50K
51,14,35,Male,<=50K
53,10,50,Female,>50K
48,16,55,Male,>50K
26,11,35,Female,<=50K
20,9,43,Male,<=50K
56,10,40,Male,<=50K
50,13,40,Male,<=50K
65,10,48,Male,>50K
36,13,50,Male,<=50K
27,13,50,Male,<=50K
26,14,40,Female,<=50K
45,16,56,Male,>50K
23,7,40,Male,<=50K
27,9,50,Male,<=50K
21,12,40,Female,<=50K
53,12,48,Female,<=50K
45,14,40,Female,<=50K
28,13,55,Male,<=50K
37,14,60,Male,>50K
51,12,38,Male,<=50K
43,13,50,Male,>50K
43,13,84,Male,>50K
30,11,38,Female,<=50K
43,9,40,Male,<=50K
43,9,45,Male,>50K
35,10,40,Male,<=50K
30,8,20,Female,<=50K
21,11,40,Female,<=50K
26,10,38,Female,<=50K
43,13,60,Female,<=50K
37,10,40,Male,>50K
45,10,55,Male,>50K
24,13,50,Female,<=50K
34,13,40,Male,>50K
57,16,60,Male,>50K
26,13,40,Male,<=50K
23,3,50,Male,<=50K
29,9,40,Female,<=50K
17,7,15,Male,<=50K
22,11,50,Male,<=50K
44,10,40,Female,<=50K
69,9,40,Female,<=50K
45,9,40,Female,<=50K
63,11,40,Male,<=50K
26,10,20,Male,<=50K
51,10,40,Female,<=50K
30,13,40,Male,<=50K
22,9,40,Male,<=50K
43,13,40,Male,<=50K
73,6,40,Female,<=50K
73,9,15,Female,<=50K
35,10,40,Male,<=50K
23,10,40,Male,<=50K
27,15,60,Male,<=50K
69,12,6,Female,<=50K
18,9,20,Male,<=50K
32,10,40,Male,<=50K
52,9,50,Female,<=50K
26,9,70,Male,<=50K
33,10,40,Male,<=50K
62,14,40,Female,>50K
31,9,40,Male,<=50K
29,10,40,Male,<=50K
43,9,60,Male,<=50K
57,10,40,Male,<=50K
59,9,60,Male,<=50K
22,11,50,Male,<=50K
25,9,40,Female,<=50K
74,4,40,Male,<=50K
38,11,40,Male,<=50K
64,4,40,Male,<=50K
27,9,40,Male,<=50K
21,10,28,Female,<=50K
31,11,40,Male,<=50K
45,10,47,Male,>50K
35,9,40,Male,<=50K
18,9,50,Male,<=50K
17,6,15,Female,<=50K
39,10,45,Female,<=50K
20,10,20,Female,<=50K
37,15,60,Male,>50K
77,4,40,Male,<=50K
37,12,40,Female,<=50K
56,10,45,Female,<=50K
34,14,50,Male,<=50K
47,11,55,Female,<=50K
27,9,40,Male,<=50K
44,9,43,Female,<=50K
50,14,65,Female,<=50K
33,12,36,Male,<=50K
36,10,35,Female,<=50K
28,9,40,Male,<=50K
19,10,40,Male,<=50K
33,13,40,Female,<=50K
49,4,40,Male,<=50K
36,14,50,Male,>50K
28,5,52,Male,<=50K
41,10,40,Male,<=50K
41,9,40,Male,<=50K
42,11,35,Female,>50K
75,3,10,Male,<=50K
36,12,43,Male,>50K
26,9,40,Male,<=50K
26,9,20,Female,<=50K
22,9,40,Male,<=50K
24,10,45,Male,<=50K
33,6,45,Female,<=50K
19,9,40,Male,<=50K
38,12,40,Male,<=50K
38,13,40,Male,<=50K
51,11,40,Female,<=50K
22,12,25,Male,<=50K
19,10,24,Male,<=50K
34,13,50,Female,>50K
41,5,35,Female,<=50K
31,9,42,Male,<=50K
58,9,40,Male,<=50K
45,7,40,Female,<=50K
51,13,40,Male,>50K
64,9,30,Female,<=50K
63,6,40,Male,<=50K
45,10,45,Male,<=50K
45,9,40,Male,<=50K
29,11,45,Male,<=50K
52,7,20,Female,<=50K
29,10,40,Female,<=50K
35,10,40,Male,<=50K
33,10,40,Male,<=50K
26,13,40,Male,<=50K
38,10,50,Male,<=50K
55,14,50,Male,>50K
25,9,45,Male,<=50K
25,10,40,Male,<=50K
27,15,40,Male,<=50K
34,9,40,Male,<=50K
34,14,40,Male,>50K
35,13,45,Male,<=50K
37,10,75,Male,>50K
39,9,40,Male,<=50K
22,10,20,Female,<=50K
22,10,30,Male,<=50K
64,9,40,Male,>50K
34,10,52,Male,<=50K
37,10,40,Male,>50K
48,15,20,Male,<=50K
45,10,40,Female,<=50K
18,9,40,Female,<=50K
24,9,40,Female,<=50K
34,9,40,Male,<=50K
29,9,40,Female,<=50K
45,9,40,Female,<=50K
47,9,40,Female,<=50K
26,10,65,Male,<=50K
34,9,40,Male,<=50K
48,12,48,Male,>50K
36,10,45,Male,<=50K
47,11,45,Male,>50K
37,9,40,Male,<=50K
41,9,60,Male,<=50K
41,13,35,Female,<=50K
65,9,50,Male,<=50K
61,14,40,Female,>50K
25,9,40,Male,<=50K
46,3,40,Male,<=50K
19,10,25,Female,<=50K
41,9,20,Female,<=50K
21,10,40,Male,<=50K
62,9,25,Female,<=50K
28,14,38,Male,>50K
34,10,62,Male,<=50K
24,9,40,Male,<=50K
46,13,40,Male,<=50K
61,9,40,Male,<=50K
26,10,40,Male,<=50K
57,12,40,Female,<=50K
31,7,50,Male,<=50K
30,7,55,Male,<=50K
66,14,40,Female,<=50K
43,9,40,Male,<=50K
31,12,40,Male,<=50K
40,13,55,Male,>50K
26,9,52,Male,<=50K
32,13,40,Male,>50K
35,9,40,Male,<=50K
17,7,20,Female,<=50K
38,9,40,Male,<=50K
43,13,45,Male,<=50K
29,13,40,Male,<=50K
27,10,50,Male,>50K
29,12,35,Male,<=50K
34,12,60,Female,>50K
18,9,25,Male,<=50K
45,14,40,Male,>50K
18,7,5,Male,<=50K
33,9,48,Male,>50K
27,9,40,Male,<=50K
23,6,40,Female,<=50K
52,11,40,Female,<=50K
33,11,40,Male,<=50K
40,9,36,Female,<=50K
27,9,40,Male,<=50K
22,13,40,Female,<=50K
29,9,40,Female,<=50K
18,9,20,Female,<=50K
48,13,50,Male,>50K
37,10,55,Male,<=50K
44,9,50,Male,<=50K
31,8,21,Female,<=50K
46,13,40,Male,>50K
40,10,42,Male,>50K
32,9,40,Female,<=50K
40,10,40,Male,<=50K
36,13,20,Female,<=50K
30,9,85,Male,<=50K
26,13,40,Female,<=50K
23,9,40,Male,<=50K
57,13,35,Female,<=50K
68,10,40,Male,<=50K
50,9,50,Male,>50K
37,14,40,Male,>50K
41,12,50,Male,>50K
52,9,60,Male,>50K
30,9,35,Female,<=50K
50,9,40,Male,>50K
56,4,40,Male,<=50K
22,9,54,Male,<=50K
33,13,40,Female,<=50K
67,4,40,Male,<=50K
33,11,40,Female,>50K
71,9,20,Female,<=50K
17,6,20,Female,<=50K
36,5,40,Female,<=50K
47,10,25,Female,<=50K
23,9,40,Male,<=50K
37,12,32,Male,<=50K
47,10,75,Male,>50K
17,7,24,Female,<=50K
42,11,25,Female,<=50K
21,9,40,Male,<=50K
25,9,36,Male,<=50K
32,9,40,Male,<=50K
22,13,40,Female,<=50K
52,9,40,Male,<=50K
49,10,40,Male,<=50K
51,8,40,Male,<=50K
31,10,20,Female,>50K
68,10,55,Male,>50K
35,10,40,Female,>50K
46,10,40,Male,<=50K
36,9,40,Female,>50K
28,9,40,Male,<=50K
36,12,70,Male,<=50K
67,4,40,Male,<=50K
56,10,40,Male,>50K
30,9,45,Female,<=50K
53,9,40,Male,>50K
32,14,40,Male,>50K
34,9,45,Male,<=50K
45,10,40,Male,>50K
44,9,60,Male,<=50K
32,9,40,Male,<=50K
47,9,40,Female,>50K
52,9,25,Female,<=50K
49,13,40,Male,>50K
47,13,40,Male,>50K
50,16,40,Male,>50K
35,12,40,Male,<=50K
61,9,36,Female,<=50K
47,14,50,Male,<=50K
32,9,40,Male,<=50K
50,13,40,Male,<=50K
26,10,35,Female,<=50K
62,9,40,Female,<=50K
27,9,40,Female,<=50K
27,9,40,Male,<=50K
50,10,32,Male,<=50K
53,10,40,Male,>50K
24,12,40,Male,<=50K
52,13,40,Male,>50K
23,13,32,Male,<=50K
51,11,40,Male,<=50K
44,9,40,Male,<=50K
33,6,40,Male,<=50K
44,9,30,Female,<=50K
70,10,20,Male,>50K
20,7,20,Female,<=50K
32,13,42,Female,<=50K
45,14,45,Male,>50K
46,9,40,Female,<=50K
29,12,40,Male,<=50K
41,10,40,Male,<=50K
36,9,40,Female,<=50K
23,10,40,Male,<=50K
36,13,40,Male,>50K
30,11,40,Male,<=50K
53,12,40,Male,<=50K
41,7,40,Male,<=50K
63,13,20,Male,<=50K
22,13,40,Male,<=50K
37,8,40,Female,<=50K
27,9,32,Female,<=50K
38,15,40,Male,>50K
24,14,40,Male,>50K
38,11,40,Female,<=50K
30,7,45,Male,>50K
49,16,60,Male,<=50K
60,9,50,Male,<=50K
68,7,35,Female,<=50K
33,10,40,Male,>50K
43,9,40,Male,<=50K
37,9,60,Male,<=50K
37,9,30,Male,<=50K
24,9,40,Female,<=50K
35,10,40,Male,>50K
61,3,45,Female,<=50K
60,9,45,Male,>50K
53,13,55,Male,>50K
41,13,40,Female,<=50K
24,10,48,Female,>50K
27,13,50,Male,>50K
29,9,60,Male,<=50K
29,13,40,Female,<=50K
29,9,50,Male,<=50K
28,11,60,Male,<=50K
38,10,40,Female,>50K
47,9,40,Male,<=50K
42,9,50,Female,<=50K
48,13,55,Male,<=50K
32,10,40,Female,<=50K
31,10,40,Male,<=50K
23,10,30,Female,<=50K
48,13,40,Female,<=50K
53,9,40,Male,<=50K
59,9,40,Male,<=50K
35,9,60,Male,<=50K
36,14,45,Male,>50K
30,10,16,Female,<=50K
18,7,40,Male,<=50K
18,7,20,Female,<=50K
48,9,40,Male,<=50K
63,11,40,Male,<=50K
67,13,40,Male,>50K
43,11,50,Male,<=50K
26,10,50,Male,<=50K
50,9,40,Male,<=50K
19,9,30,Male,<=50K
64,10,40,Male,<=50K
43,6,40,Male,>50K
17,6,20,Male,<=50K
22,10,50,Male,<=50K
29,9,40,Male,<=50K
38,13,45,Male,>50K
54,6,40,Male,<=50K
35,8,40,Male,<=50K
19,9,30,Male,<=50K
29,9,40,Male,<=50K
18,9,30,Male,<=50K
30,9,72,Male,<=50K
25,9,40,Female,<=50K
73,9,20,Female,<=50K
40,9,40,Male,<=50K
23,13,40,Female,<=50K
36,9,24,Female,<=50K
33,14,60,Male,<=50K
21,10,40,Male,<=50K
46,9,70,Male,>50K
51,12,40,Female,<=50K
27,10,45,Male,<=50K
31,7,40,Male,<=50K
33,13,40,Male,<=50K
20,10,20,Female,<=50K
34,9,40,Male,<=50K
58,6,35,Female,>50K
47,13,51,Male,>50K
21,10,40,Female,<=50K
20,10,28,Female,<=50K
30,7,19,Female,<=50K
43,10,45,Male,<=50K
20,7,40,Male,<=50K
59,9,40,Female,<=50K
72,4,20,Female,<=50K
39,9,60,Male,>50K
43,13,40,Male,>50K
19,9,30,Female,<=50K
44,11,40,Male,<=50K
22,10,40,Female,<=50K
36,7,40,Male,<=50K
25,9,40,Female,<=50K
31,11,40,Male,<=50K
27,9,40,Female,<=50K
40,13,55,Male,>50K
45,9,10,Female,<=50K
67,14,40,Male,<=50K
40,13,40,Male,>50K
25,9,40,Female,<=50K
34,14,40,Female,<=50K
66,10,28,Male,<=50K
19,10,20,Female,<=50K
47,10,40,Male,<=50K
17,6,5,Male,<=50K
22,10,40,Male,<=50K
59,13,50,Male,<=50K
21,9,36,Male,<=50K
17,6,16,Female,<=50K
34,13,40,Male,>50K
38,9,28,Female,<=50K
28,9,40,Male,<=50K
48,12,50,Male,>50K
43,13,40,Female,>50K
46,9,40,Male,>50K
46,9,40,Male,<=50K
20,10,40,Male,<=50K
53,8,45,Male,>50K
39,9,40,Male,>50K
26,11,50,Male,<=50K
40,10,43,Male,<=50K
28,13,16,Male,<=50K
52,13,48,Male,>50K
45,9,40,Female,<=50K
59,9,40,Male,<=50K
46,4,52,Male,<=50K
49,9,45,Male,>50K
33,13,45,Female,>50K
45,10,40,Male,<=50K
29,9,40,Male,<=50K
36,13,40,Male,<=50K
32,9,30,Female,<=50K
55,10,99,Male,>50K
33,13,25,Male,>50K
24,13,40,Male,<=50K
50,9,40,Male,<=50K
70,10,65,Male,>50K
31,9,28,Male,<=50K
50,12,60,Male,<=50K
39,9,50,Male,<=50K
32,7,40,Male,<=50K
42,13,60,Male,>50K
65,9,8,Female,<=50K
35,16,20,Female,<=50K
37,10,50,Male,>50K
21,9,16,Female,<=50K
39,9,40,Female,<=50K
18,9,40,Male,<=50K
57,9,40,Female,<=50K
55,9,40,Female,<=50K
21,10,40,Male,<=50K
17,6,20,Female,<=50K
34,9,40,Female,<=50K
22,10,20,Female,<=50K
37,14,8,Female,>50K
29,10,40,Male,<=50K
59,13,37,Male,>50K
58,9,40,Male,>50K
52,13,50,Male,>50K
42,15,72,Male,>50K
38,7,40,Male,>50K
38,10,40,Female,<=50K
76,5,40,Male,<=50K
24,12,15,Female,<=50K
51,6,40,Female,<=50K
56,13,50,Male,>50K
51,10,42,Male,>50K
44,14,45,Male,>50K
47,13,48,Male,<=50K
68,11,40,Female,<=50K
36,12,40,Female,<=50K
28,9,40,Female,<=50K
25,10,45,Male,<=50K
36,13,55,Male,<=50K
46,9,45,Male,>50K
22,10,40,Male,<=50K
29,9,40,Male,<=50K
60,9,40,Male,>50K
55,9,40,Female,<=50K
48,9,40,Female,<=50K
30,13,40,Female,<=50K
33,9,40,Male,>50K
72,11,25,Female,<=50K
32,13,70,Male,<=50K
33,9,40,Male,>50K
18,9,40,Female,<=50K
22,5,54,Male,<=50K
62,15,30,Male,>50K
19,10,40,Female,<=50K
23,9,38,Male,<=50K
58,9,32,Female,<=50K
52,10,32,Female,<=50K
24,10,40,Male,<=50K
37,13,40,Male,>50K
24,9,40,Male,<=50K
42,9,8,Male,<=50K
58,13,40,Male,>50K
36,13,45,Male,<=50K
46,10,40,Female,<=50K
33,10,50,Female,<=50K
67,9,20,Female,<=50K
57,13,45,Male,>50K
28,12,40,Male,<=50K
19,7,60,Male,<=50K
44,15,60,Male,>50K
48,13,40,Male,<=50K
34,13,40,Female,<=50K
28,9,40,Female,<=50K
34,9,40,Male,<=50K
38,13,55,Male,>50K
59,11,50,Male,>50K
52,14,50,Male,>50K
40,13,20,Female,<=50K
46,14,40,Male,<=50K
31,9,20,Female,<=50K
28,12,40,Male,<=50K
50,9,40,Male,<=50K
34,16,60,Female,<=50K
36,11,40,Male,<=50K
33,9,48,Male,<=50K
57,9,40,Male,<=50K
63,9,40,Male,<=50K
21,9,40,Female,<=50K
74,9,25,Female,<=50K
29,9,45,Male,<=50K
41,13,40,Female,<=50K
31,9,60,Male,<=50K
26,13,40,Female,<=50K
40,10,40,Male,>50K
46,13,60,Male,>50K
46,9,40,Male,<=50K
47,9,45,Female,<=50K
49,9,40,Female,<=50K
36,9,48,Male,>50K
61,4,20,Male,<=50K
38,10,72,Male,<=50K
29,15,45,Male,>50K
31,9,40,Male,<=50K
38,9,50,Male,<=50K
45,13,42,Female,>50K
31,9,70,Male,<=50K
53,7,45,Male,<=50K
50,11,65,Male,<=50K
27,9,40,Male,<=50K
59,9,40,Male,<=50K
29,13,40,Male,<=50K
42,10,40,Male,<=50K
28,13,40,Female,<=50K
20,9,30,Male,<=50K
45,13,56,Female,<=50K
57,10,35,Male,>50K
35,12,60,Female,<=50K
37,15,60,Female,>50K
36,10,60,Male,>50K
28,9,40,Female,<=50K
65,9,20,Female,<=50K
42,9,50,Male,>50K
25,12,13,Male,<=50K
45,10,44,Male,>50K
35,11,45,Male,<=50K
68,10,40,Female,<=50K
53,16,50,Male,>50K
31,11,40,Male,<=50K
28,10,40,Male,<=50K
33,10,65,Male,<=50K
47,13,40,Male,<=50K
42,9,40,Male,<=50K
38,10,40,Male,<=50K
33,13,50,Male,>50K
51,11,46,Male,>50K
28,5,40,Male,<=50K
19,4,45,Male,<=50K
45,13,40,Female,<=50K
23,9,40,Male,<=50K
41,4,60,Male,<=50K
40,12,40,Female,<=50K
20,9,40,Female,<=50K
62,14,50,Male,<=50K
28,13,40,Male,>50K
32,9,38,Female,>50K
42,14,40,Male,>50K
24,14,40,Female,<=50K
71,13,50,Male,>50K
39,9,40,Male,<=50K
62,9,40,Male,<=50K
26,9,40,Female,<=50K
51,9,38,Female,<=50K
66,11,30,Female,<=50K
31,9,50,Male,<=50K
18,10,30,Male,<=50K
43,10,38,Female,<=50K
47,12,44,Male,<=50K
25,13,45,Male,<=50K
70,16,40,Male,>50K
48,10,40,Male,<=50K
26,13,50,Female,<=50K
17,6,30,Male,<=50K
24,10,40,Male,<=50K
56,13,40,Male,>50K
44,14,40,Male,>50K
38,12,40,Male,>50K
22,12,40,Male,<=50K
44,9,40,Female,<=50K
22,10,40,Female,<=50K
24,9,30,Female,<=50K
47,1,25,Male,<=50K
40,13,72,Female,>50K
45,12,40,Male,<=50K
23,10,30,Female,<=50K
37,10,30,Male,<=50K
38,10,40,Female,<=50K
63,10,60,Male,>50K
29,10,50,Female,>50K
52,14,50,Male,>50K
36,9,70,Male,<=50K
54,9,52,Male,>50K
35,9,15,Male,<=50K
64,9,40,Female,>50K
31,9,30,Female,<=50K
18,9,30,Female,<=50K
38,13,50,Male,>50K
38,12,40,Male,>50K
19,10,24,Male,<=50K
47,9,40,Male,<=50K
30,9,40,Male,>50K
46,14,50,Male,>50K
37,10,40,Female,<=50K
54,16,50,Male,>50K
23,13,40,Male,<=50K
48,9,70,Male,>50K
50,9,40,Male,<=50K
33,9,40,Male,<=50K
40,9,75,Male,>50K
22,9,25,Male,<=50K
31,13,45,Male,<=50K
31,8,40,Female,<=50K
39,8,40,Female,<=50K
22,10,25,Male,<=50K
52,14,55,Female,<=50K
41,9,40,Female,<=50K
36,13,60,Male,>50K
39,10,40,Male,<=50K
45,13,40,Male,>50K
28,9,50,Female,<=50K
30,9,70,Female,<=50K
44,8,40,Male,<=50K
37,16,40,Female,>50K
55,13,50,Male,>50K
62,11,40,Male,<=50K
40,9,40,Male,<=50K
32,13,40,Male,<=50K
25,5,40,Male,<=50K
50,10,45,Male,>50K
19,9,40,Male,<=50K
40,9,42,Male,<=50K
62,5,21,Male,<=50K
18,10,20,Male,<=50K
24,9,48,Female,<=50K
48,9,40,Female,<=50K
54,9,35,Female,<=50K
22,10,38,Male,<=50K
40,13,40,Female,<=50K
18,7,36,Male,<=50K
28,10,40,Female,<=50K
36,7,40,Male,<=50K
43,10,40,Male,<=50K
42,13,60,Male,>50K
20,9,40,Female,<=50K
45,9,40,Male,<=50K
41,9,40,Female,<=50K
40,13,60,Male,>50K
30,4,40,Male,<=50K
24,10,40,Male,<=50K
21,10,10,Female,<=50K
26,10,48,Male,<=50K
38,12,56,Male,>50K
17,3,20,Female,<=50K
26,10,25,Male,<=50K
55,9,81,Male,<=50K
49,9,45,Male,<=50K
50,7,40,Male,<=50K
33,13,40,Female,>50K
43,9,40,Female,<=50K
22,7,15,Female,<=50K
31,14,40,Female,>50K
44,9,40,Female,<=50K
23,10,20,Female,<=50K
57,4,40,Male,>50K
38,13,45,Male,>50K
17,7,15,Female,<=50K
27,9,40,Male,<=50K
27,10,40,Female,<=50K
28,13,15,Female,<=50K
30,9,40,Male,<=50K
52,13,40,Male,>50K
48,7,35,Female,<=50K
38,9,50,Male,<=50K
38,13,70,Male,<=50K
50,9,40,Male,<=50K
36,10,45,Male,<=50K
25,13,40,Male,<=50K
62,4,40,Male,<=50K
36,10,65,Male,<=50K
32,13,40,Male,<=50K
23,9,50,Male,<=50K
54,9,45,Male,<=50K
50,9,48,Male,>50K
37,6,40,Male,<=50K
25,13,40,Male,<=50K
35,10,50,Male,<=50K
47,14,40,Female,>50K
77,9,40,Female,>50K
65,9,20,Male,<=50K
55,14,40,Female,<=50K
36,13,40,Male,>50K
36,6,35,Female,<=50K
40,10,40,Male,>50K
36,3,40,Male,<=50K
37,13,20,Male,>50K
31,10,40,Male,<=50K
47,9,40,Female,<=50K
31,10,40,Female,<=50K
53,9,40,Male,<=50K
43,10,15,Female,<=50K
31,9,40,Female,<=50K
59,9,40,Female,>50K
54,13,38,Female,<=50K
19,9,40,Male,<=50K
39,16,42,Male,>50K
66,11,50,Male,<=50K
28,13,60,Male,<=50K
22,9,40,Male,<=50K
30,13,10,Male,<=50K
26,7,50,Male,<=50K
37,4,40,Male,<=50K
18,8,18,Female,<=50K
61,10,34,Female,>50K
34,10,34,Female,<=50K
20,10,20,Female,<=50K
37,9,40,Male,<=50K
23,10,30,Male,<=50K
25,9,40,Female,<=50K
65,9,40,Female,<=50K
23,9,40,Female,<=50K
23,10,47,Female,<=50K
48,14,40,Male,>50K
41,10,50,Male,<=50K
30,10,40,Male,<=50K
57,9,42,Male,>50K
18,4,30,Male,<=50K
39,9,60,Male,>50K
46,14,43,Female,<=50K
36,13,40,Male,<=50K
26,10,60,Male,<=50K
22,12,25,Female,<=50K
40,13,40,Male,<=50K
24,10,40,Male,>50K
39,10,55,Male,<=50K
23,9,40,Male,<=50K
54,13,40,Male,>50K
25,13,15,Female,<=50K
35,9,40,Male,<=50K
46,13,40,Female,>50K
20,9,20,Female,<=50K
35,12,45,Male,>50K
35,9,40,Male,<=50K
32,9,60,Male,>50K
28,12,40,Male,>50K
66,16,40,Female,<=50K
41,13,40,Male,>50K
25,13,40,Female,<=50K
38,9,45,Male,<=50K
44,10,45,Male,>50K
47,9,48,Female,<=50K
47,9,40,Male,<=50K
53,3,40,Male,<=50K
22,13,18,Male,<=50K
25,12,40,Female,<=50K
19,9,40,Female,<=50K
51,10,99,Male,<=50K
72,9,40,Male,<=50K
45,13,60,Male,>50K
21,10,40,Female,<=50K
57,9,57,Female,<=50K
20,10,40,Female,<=50K
29,9,30,Female,<=50K
29,13,70,Male,<=50K
46,9,46,Male,>50K
34,14,50,Male,>50K
23,13,40,Male,<=50K
33,5,33,Male,<=50K
31,9,40,Male,<=50K
50,16,55,Male,>50K
42,10,38,Male,<=50K
21,11,40,Male,<=50K
21,10,20,Male,<=50K
20,10,20,Female,<=50K
62,4,10,Male,<=50K
22,10,15,Female,<=50K
57,4,40,Male,<=50K
35,9,40,Male,<=50K
43,13,40,Female,<=50K
41,13,50,Male,>50K
35,9,20,Male,<=50K
18,9,25,Male,<=50K
35,9,40,Male,<=50K
25,9,40,Male,<=50K
44,10,40,Female,<=50K
22,9,40,Female,<=50K
41,11,40,Female,<=50K
25,8,30,Female,<=50K
22,3,35,Male,<=50K
27,9,50,Male,<=50K
42,9,40,Female,<=50K
18,7,35,Male,<=50K
21,10,18,Male,<=50K
56,4,40,Male,<=50K
29,11,40,Male,>50K
23,10,20,Male,<=50K
25,10,40,Male,<=50K
53,12,40,Male,<=50K
28,9,32,Female,<=50K
26,9,40,Male,<=50K
38,9,56,Male,<=50K
48,10,60,Male,<=50K
46,14,60,Male,>50K
43,14,60,Male,>50K
29,13,40,Male,<=50K
62,10,32,Male,<=50K
43,9,30,Male,<=50K
41,12,40,Female,>50K
18,7,20,Female,<=50K
33,13,45,Female,<=50K
40,13,60,Male,>50K
32,10,40,Male,<=50K
45,13,40,Male,>50K
60,13,60,Male,<=50K
33,9,60,Male,>50K
25,11,40,Male,>50K
20,12,30,Female,<=50K
45,13,60,Female,<=50K
41,15,45,Male,>50K
48,9,48,Male,>50K
25,5,38,Female,<=50K
54,6,65,Male,<=50K
45,13,45,Male,<=50K
45,11,50,Male,>50K
35,10,36,Female,<=50K
67,10,25,Female,<=50K
42,9,60,Female,<=50K
51,14,45,Male,>50K
68,16,60,Male,>50K
48,9,24,Female,<=50K
29,9,35,Male,<=50K
22,9,55,Male,<=50K
33,13,80,Male,<=50K
23,10,40,Male,<=50K
33,9,46,Female,>50K
38,9,40,Male,<=50K
37,9,40,Male,<=50K
46,10,40,Female,<=50K
55,8,40,Female,<=50K
26,9,40,Female,<=50K
21,7,40,Male,<=50K
17,7,18,Male,<=50K
38,9,40,Male,<=50K
52,10,36,Female,<=50K
26,11,55,Male,<=50K
21,10,16,Female,<=50K
45,11,38,Female,<=50K
61,9,40,Male,<=50K
52,10,45,Female,<=50K
41,13,55,Female,<=50K
28,10,20,Female,<=50K
23,9,40,Female,<=50K
53,9,40,Male,>50K
42,14,40,Male,<=50K
41,8,40,Male,>50K
36,12,40,Male,<=50K
49,13,44,Male,<=50K
50,9,45,Male,>50K
56,9,20,Male,<=50K
24,12,30,Male,<=50K
23,13,24,Male,<=50K
43,10,30,Male,<=50K
46,7,40,Male,<=50K
40,9,35,Male,<=50K
18,8,8,Female,<=50K
25,13,40,Female,<=50K
30,13,45,Male,>50K
66,7,40,Female,<=50K
24,13,10,Female,<=50K
24,12,3,Female,<=50K
71,10,14,Female,<=50K
52,10,40,Female,<=50K
32,11,40,Male,<=50K
33,9,65,Male,>50K
51,13,37,Male,>50K
65,14,35,Male,>50K
43,9,40,Male,<=50K
39,13,55,Male,>50K
57,13,40,Male,>50K
59,13,40,Female,<=50K
36,9,38,Female,<=50K
44,9,40,Male,>50K
38,13,50,Female,>50K
23,12,40,Female,<=50K
27,13,35,Male,<=50K
34,9,40,Male,>50K
20,10,32,Female,<=50K
80,9,14,Female,<=50K
28,6,50,Male,<=50K
66,2,30,Male,<=50K
40,13,45,Male,>50K
28,13,43,Female,<=50K
49,13,50,Female,>50K
34,9,40,Male,<=50K
46,10,40,Male,>50K
55,6,40,Male,<=50K
43,13,40,Male,<=50K
25,9,40,Male,<=50K
65,7,59,Male,>50K
32,9,40,Male,<=50K
69,13,50,Male,>50K
32,14,60,Male,>50K
67,14,10,Male,<=50K
22,9,20,Male,<=50K
59,9,40,Male,>50K
31,13,40,Male,<=50K
44,9,40,Male,>50K
25,14,40,Female,>50K
65,9,25,Female,<=50K
23,11,50,Male,<=50K
50,9,50,Male,>50K
34,10,40,Female,<=50K
49,10,60,Male,<=50K
58,10,40,Male,>50K
20,10,60,Male,<=50K
53,10,45,Female,<=50K
48,11,40,Male,<=50K
29,9,60,Male,<=50K
76,6,1,Male,<=50K
22,3,48,Male,<=50K
39,13,40,Female,<=50K
46,6,40,Male,<=50K
31,9,40,Male,<=50K
33,13,40,Male,<=50K
38,4,40,Male,<=50K
50,6,60,Male,<=50K
43,9,40,Male,<=50K
24,10,15,Female,<=50K
21,12,10,Female,<=50K
23,6,40,Female,<=50K
45,9,35,Female,<=50K
32,10,40,Male,>50K
61,4,31,Male,<=50K
22,8,30,Male,<=50K
35,9,70,Male,<=50K
20,10,15,Female,<=50K
33,9,50,Female,<=50K
24,10,64,Male,<=50K
41,10,40,Male,<=50K
32,13,45,Male,>50K
50,9,70,Male,>50K
31,10,40,Female,<=50K
72,15,35,Male,>50K
22,11,12,Female,<=50K
19,9,45,Female,<=50K
25,9,40,Male,<=50K
32,9,40,Male,<=50K
18,10,40,Female,<=50K
49,13,50,Male,<=50K
55,9,24,Female,<=50K
32,9,60,Male,>50K
28,9,45,Male,<=50K
20,10,20,Female,<=50K
25,9,26,Male,>50K
46,13,48,Male,>50K
46,14,40,Male,>50K
32,11,50,Male,>50K
26,13,40,Male,<=50K
20,10,40,Female,<=50K
49,13,42,Male,>50K
24,9,42,Female,<=50K
29,11,45,Female,<=50K
40,9,52,Female,<=50K
38,13,45,Female,>50K
34,9,40,Male,<=50K
53,9,40,Male,<=50K
28,15,40,Male,<=50K
50,14,40,Male,>50K
41,13,60,Male,>50K
41,14,55,Male,<=50K
25,11,40,Female,<=50K
39,10,40,Male,<=50K
40,13,99,Male,>50K
44,12,40,Female,>50K
21,10,40,Male,<=50K
31,9,40,Male,>50K
21,10,40,Female,<=50K
19,10,35,Male,<=50K
65,9,40,Female,<=50K
28,13,50,Female,>50K
68,9,40,Male,>50K
34,11,40,Female,<=50K
25,11,40,Female,<=50K
34,9,35,Female,<=50K
19,10,30,Female,<=50K
50,10,40,Male,<=50K
48,11,70,Male,>50K
26,13,35,Female,<=50K
21,10,40,Male,<=50K
33,9,40,Male,<=50K
29,13,40,Female,<=50K
40,6,40,Male,<=50K
25,12,40,Female,<=50K
25,13,40,Male,<=50K
44,4,40,Male,<=50K
44,9,39,Female,<=50K
32,13,40,Male,>50K
67,9,20,Male,<=50K
39,9,40,Male,<=50K
35,10,60,Male,<=50K
40,16,60,Male,>50K
30,9,25,Male,<=50K
60,9,42,Male,<=50K
31,10,50,Male,<=50K
68,9,42,Female,<=50K
21,10,40,Male,<=50K
61,10,14,Male,<=50K
33,11,40,Female,>50K
44,7,30,Female,<=50K
26,9,40,Male,<=50K
54,14,40,Male,<=50K
50,9,48,Male,<=50K
64,1,40,Male,<=50K
33,9,40,Male,<=50K
59,9,24,Female,<=50K
34,10,40,Male,<=50K
25,12,30,Female,<=50K
28,4,50,Male,<=50K
61,10,40,Female,<=50K
20,9,24,Female,<=50K
40,13,40,Male,<=50K
27,10,40,Female,<=50K
24,10,40,Male,<=50K
60,9,40,Male,>50K
46,9,40,Female,<=50K
41,9,40,Male,>50K
32,14,55,Male,>50K
17,8,20,Female,<=50K
52,9,40,Male,<=50K
53,13,44,Male,>50K
26,10,30,Male,<=50K
50,13,45,Male,>50K
34,9,40,Male,<=50K
57,10,60,Male,>50K
45,14,30,Female,<=50K
38,7,60,Male,<=50K
58,12,42,Male,>50K
42,16,60,Male,<=50K
24,9,40,Male,<=50K
61,9,40,Male,>50K
24,9,40,Male,<=50K
35,13,45,Male,<=50K
43,14,45,Female,<=50K
44,13,60,Male,>50K
35,13,50,Male,<=50K
53,4,40,Female,<=50K
48,9,45,Female,<=50K
23,9,40,Male,<=50K
70,6,40,Female,<=50K
28,9,40,Male,<=50K
44,13,44,Male,>50K
26,13,12,Female,<=50K
32,5,45,Male,<=50K
34,9,42,Male,<=50K
43,13,50,Male,>50K
35,9,30,Female,<=50K
36,9,20,Male,<=50K
38,9,48,Male,>50K
35,9,40,Male,<=50K
49,10,40,Male,>50K
63,4,44,Male,>50K
59,14,10,Female,<=50K
58,13,50,Male,<=50K
28,13,40,Male,<=50K
33,10,72,Male,<=50K
42,13,50,Female,>50K
49,10,40,Male,>50K
27,11,40,Male,<=50K
46,13,60,Male,<=50K
41,9,40,Male,<=50K
40,9,55,Male,<=50K
26,13,40,Female,<=50K
39,13,40,Male,<=50K
22,9,36,Female,<=50K
28,10,45,Female,<=50K
31,9,70,Male,<=50K
37,5,40,Male,<=50K
39,14,35,Female,<=50K
40,9,40,Male,>50K
20,10,40,Male,<=50K
25,13,40,Female,<=50K
40,9,60,Male,<=50K
46,2,40,Male,<=50K
52,10,60,Male,>50K
54,9,40,Male,>50K
23,10,40,Male,<=50K
31,9,40,Female,<=50K
43,13,40,Male,<=50K
25,9,52,Male,<=50K
19,10,15,Female,<=50K
32,10,35,Male,>50K
18,8,4,Male,<=50K
44,9,40,Male,<=50K
31,10,40,Male,>50K
47,9,40,Male,>50K
18,6,30,Female,<=50K
40,13,45,Female,>50K
56,9,40,Male,<=50K
32,9,40,Male,<=50K
43,10,32,Male,<=50K
33,13,40,Female,<=50K
19,10,35,Male,<=50K
50,10,40,Female,<=50K
41,6,60,Male,<=50K
29,6,40,Male,<=50K
29,7,40,Female,<=50K
20,10,40,Female,<=50K
36,9,50,Male,<=50K
43,9,42,Male,>50K
46,9,60,Male,>50K
39,14,50,Female,<=50K
21,10,35,Male,<=50K
23,11,40,Male,<=50K
28,9,40,Male,<=50K
35,9,40,Male,<=50K
38,9,45,Male,>50K
17,7,20,Male,<=50K
25,8,40,Male,<=50K
48,6,40,Male,<=50K
48,9,40,Male,<=50K
72,6,12,Male,<=50K
27,10,25,Male,<=50K
40,13,40,Male,<=50K
25,9,60,Male,<=50K
48,11,40,Female,<=50K
52,9,36,Male,>50K
56,10,50,Male,<=50K
26,13,60,Male,<=50K
45,15,43,Male,>50K
60,9,40,Male,<=50K
46,9,42,Male,<=50K
30,4,35,Male,<=50K
26,6,55,Male,<=50K
71,9,50,Male,<=50K
31,11,40,Female,<=50K
28,10,48,Male,<=50K
35,12,45,Male,<=50K
49,8,35,Male,<=50K
65,13,40,Female,<=50K
24,11,40,Female,<=50K
50,9,40,Female,<=50K
27,13,25,Female,<=50K
68,16,40,Female,<=50K
20,10,40,Male,<=50K
49,10,43,Female,<=50K
38,10,40,Female,<=50K
52,10,40,Female,>50K
50,14,40,Female,>50K
31,13,40,Male,>50K
59,14,50,Male,>50K
39,10,45,Female,>50K
70,13,20,Male,<=50K
29,3,40,Male,<=50K
41,9,30,Female,<=50K
61,3,56,Male,<=50K
52,10,40,Male,<=50K
54,10,40,Male,>50K
38,11,45,Male,>50K
26,13,60,Male,<=50K
44,10,40,Male,<=50K
28,14,40,Female,>50K
32,13,48,Male,>50K
28,13,55,Male,<=50K
17,6,30,Male,<=50K
46,13,50,Male,>50K
47,9,52,Male,<=50K
22,9,35,Male,<=50K
35,9,42,Male,<=50K
24,13,35,Male,<=50K
51,13,40,Male,<=50K
50,9,50,Male,>50K
47,13,40,Male,<=50K
33,3,59,Male,<=50K
39,6,40,Male,<=50K
23,11,15,Female,<=50K
18,7,6,Female,<=50K
37,3,45,Male,<=50K
24,13,40,Female,<=50K
43,10,40,Female,<=50K
49,11,40,Female,<=50K
33,14,40,Male,<=50K
38,9,50,Male,<=50K
34,13,45,Male,<=50K
51,6,40,Female,<=50K
45,10,55,Male,>50K
25,9,50,Male,<=50K
36,9,20,Female,<=50K
43,9,40,Male,<=50K
62,9,40,Male,<=50K
32,9,45,Male,<=50K
21,9,40,Male,<=50K
19,9,40,Male,<=50K
63,14,50,Male,>50K
43,10,84,Male,<=50K
20,11,20,Female,<=50K
52,9,40,Male,<=50K
44,10,40,Female,<=50K
40,9,40,Male,<=50K
55,10,35,Male,<=50K
42,10,40,Male,>50K
35,13,40,Male,>50K
64,4,25,Male,<=50K
46,12,40,Male,>50K
55,4,30,Female,<=50K
41,13,55,Male,>50K
36,13,60,Male,<=50K
56,9,40,Male,<=50K
77,16,40,Male,<=50K
38,10,12,Male,<=50K
22,11,40,Male,<=50K
45,10,35,Female,<=50K
31,9,40,Male,<=50K
71,9,40,Female,<=50K
42,11,40,Male,<=50K
29,4,55,Female,<=50K
18,10,40,Male,<=50K
30,14,50,Male,<=50K
26,13,55,Male,<=50K
23,9,40,Male,<=50K
18,10,30,Female,<=50K
29,9,40,Male,<=50K
43,12,45,Male,>50K
33,3,35,Male,<=50K
81,10,25,Male,<=50K
60,10,40,Male,>50K
21,10,40,Female,<=50K
19,7,40,Male,<=50K
50,9,58,Male,<=50K
47,9,28,Female,<=50K
32,10,48,Male,<=50K
51,9,40,Male,<=50K
35,10,40,Male,<=50K
50,6,40,Male,<=50K
18,9,25,Male,<=50K
44,9,40,Male,>50K
23,10,40,Male,<=50K
24,13,30,Female,<=50K
21,10,50,Male,<=50K
65,7,15,Female,<=50K
22,10,20,Male,<=50K
19,10,60,Male,<=50K
26,9,32,Female,<=50K
43,10,55,Male,<=50K
45,12,40,Male,<=50K
23,13,40,Male,<=50K
43,3,40,Male,<=50K
47,6,45,Male,<=50K
60,14,40,Male,<=50K
45,9,45,Male,>50K
31,13,47,Male,<=50K
37,10,40,Male,<=50K
17,7,5,Male,<=50K
45,9,40,Female,<=50K
32,9,40,Male,<=50K
34,9,40,Male,<=50K
19,10,15,Female,<=50K
46,15,65,Male,>50K
27,9,40,Female,<=50K
37,9,40,Female,<=50K
26,10,52,Male,>50K
55,10,36,Male,<=50K
50,14,40,Female,<=50K
41,10,40,Male,<=50K
27,13,45,Male,>50K
22,10,15,Male,<=50K
25,10,38,Male,<=50K
38,13,70,Female,<=50K
18,7,8,Female,<=50K
47,10,55,Male,>50K
59,9,40,Male,>50K
50,14,55,Male,<=50K
68,9,45,Male,<=50K
18,9,15,Male,<=50K
19,9,44,Male,<=50K
23,12,25,Female,<=50K
31,10,40,Male,<=50K
29,12,40,Male,<=50K
54,9,40,Female,<=50K
23,11,40,Female,<=50K
60,13,40,Female,<=50K
30,14,20,Male,<=50K
51,9,30,Female,<=50K
27,12,60,Female,<=50K
23,10,15,Male,<=50K
63,10,40,Female,<=50K
43,13,40,Male,<=50K
33,9,40,Male,<=50K
44,9,38,Female,<=50K
32,9,40,Female,>50K
44,13,40,Male,>50K
37,10,45,Male,<=50K
22,10,40,Male,<=50K
51,13,50,Male,<=50K
36,14,40,Male,>50K
31,13,36,Female,<=50K
44,9,40,Female,<=50K
27,10,60,Female,<=50K
35,15,80,Male,>50K
29,10,42,Male,<=50K
18,6,40,Male,<=50K
31,9,45,Male,<=50K
35,13,40,Female,<=50K
18,6,25,Male,<=50K
36,13,50,Male,>50K
32,11,40,Male,<=50K
49,6,40,Female,<=50K
36,13,40,Male,>50K
43,13,40,Male,>50K
40,9,84,Male,<=50K
34,9,40,Female,<=50K
21,10,40,Female,<=50K
31,14,45,Male,<=50K
67,12,4,Female,>50K
73,9,20,Female,>50K
25,13,55,Male,<=50K
27,9,35,Male,<=50K
57,9,40,Male,<=50K
46,14,65,Female,>50K
23,9,40,Male,<=50K
35,9,40,Female,<=50K
51,9,42,Male,<=50K
49,13,40,Male,>50K
36,10,35,Male,<=50K
28,12,60,Male,<=50K
51,14,50,Female,>50K
45,9,84,Male,<=50K
37,13,40,Male,>50K
49,9,38,Female,<=50K
41,13,60,Male,>50K
25,9,40,Male,<=50K
54,9,41,Male,<=50K
51,10,50,Male,>50K
38,11,70,Male,<=50K
29,9,55,Female,<=50K
39,15,55,Male,>50K
38,5,40,Male,>50K
34,13,50,Male,>50K
38,10,58,Male,<=50K
26,10,40,Female,<=50K
27,9,40,Male,<=50K
41,10,40,Male,>50K
31,9,40,Male,>50K
36,9,40,Female,>50K
21,9,43,Female,<=50K
56,6,60,Male,<=50K
26,12,50,Female,>50K
28,13,40,Male,<=50K
56,13,50,Female,>50K
61,9,40,Male,>50K
27,13,40,Female,<=50K
45,13,48,Male,<=50K
62,13,1,Male,>50K
48,11,43,Male,>50K
44,13,60,Male,<=50K
42,14,40,Male,>50K
31,9,40,Female,<=50K
44,14,40,Male,>50K
40,12,40,Male,<=50K
27,13,55,Male,>50K
69,13,40,Male,<=50K
20,10,8,Male,<=50K
26,10,20,Female,<=50K
41,15,50,Male,>50K
47,10,48,Female,<=50K
25,10,34,Female,<=50K
18,9,40,Male,<=50K
25,14,40,Female,<=50K
33,11,25,Male,<=50K
37,9,40,Male,<=50K
42,14,35,Male,>50K
59,5,30,Male,<=50K
34,9,40,Female,<=50K
35,9,60,Male,>50K
34,10,40,Female,<=50K
37,10,40,Male,<=50K
27,10,40,Female,>50K
19,5,40,Male,<=50K
32,13,40,Male,<=50K
41,10,4,Male,<=50K
30,7,40,Male,<=50K
20,10,30,Male,<=50K
57,9,60,Male,<=50K
40,13,40,Male,<=50K
54,10,45,Male,>50K
49,9,40,Female,<=50K
39,9,40,Female,<=50K
65,9,35,Female,<=50K
23,12,40,Male,<=50K
34,8,40,Male,<=50K
24,13,40,Female,<=50K
46,11,48,Male,>50K
36,9,38,Female,<=50K
57,14,45,Male,>50K
41,10,65,Male,<=50K
17,6,30,Female,<=50K
31,10,65,Male,>50K
28,9,40,Male,<=50K
37,13,50,Male,>50K
39,14,45,Male,>50K
20,10,15,Male,<=50K
24,10,10,Male,<=50K
72,13,4,Male,<=50K
42,9,45,Male,<=50K
24,10,40,Male,<=50K
48,13,70,Male,>50K
38,10,40,Male,<=50K
52,6,30,Male,>50K
54,14,60,Male,<=50K
51,14,32,Female,>50K
19,10,30,Female,<=50K
20,7,15,Male,<=50K
39,14,24,Female,>50K
63,13,35,Male,<=50K
36,13,45,Female,>50K
69,11,1,Female,<=50K
38,9,40,Male,<=50K
42,11,40,Female,<=50K
56,10,20,Female,>50K
47,11,40,Male,>50K
58,13,40,Female,>50K
46,14,41,Male,<=50K
48,9,40,Male,>50K
25,12,60,Male,<=50K
32,10,40,Male,<=50K
44,10,45,Male,>50K
39,10,40,Female,>50K
33,14,15,Male,<=50K
52,14,45,Male,>50K
31,12,40,Male,>50K
20,10,35,Male,<=50K
55,9,50,Male,>50K
41,9,40,Female,<=50K
52,6,60,Male,<=50K
18,10,45,Male,<=50K
48,9,40,Male,<=50K
34,9,45,Male,>50K
27,13,40,Male,<=50K
26,7,40,Male,<=50K
65,9,25,Male,<=50K
35,10,40,Male,<=50K
28,13,40,Male,>50K
35,9,29,Female,<=50K
69,13,40,Male,<=50K
48,16,60,Male,>50K
39,5,40,Male,<=50K
44,11,40,Female,<=50K
63,13,45,Male,<=50K
64,12,40,Female,>50K
18,7,40,Female,<=50K
47,13,40,Male,>50K
43,7,55,Male,<=50K
39,10,50,Female,>50K
45,9,45,Male,<=50K
58,7,40,Male,<=50K
30,10,60,Male,<=50K
42,9,40,Male,<=50K
24,13,40,Male,<=50K
45,10,40,Male,>50K
47,6,38,Female,<=50K
49,13,50,Male,>50K
57,13,45,Male,>50K
23,14,36,Female,<=50K
38,9,40,Female,<=50K
35,13,40,Female,>50K
18,7,15,Male,<=50K
23,9,40,Female,<=50K
48,9,60,Male,<=50K
22,9,16,Male,<=50K
39,14,40,Male,<=50K
22,10,15,Female,<=50K
23,12,20,Male,<=50K
55,13,72,Female,<=50K
50,10,40,Male,>50K
41,7,40,Male,<=50K
20,10,15,Male,<=50K
33,9,50,Male,>50K
34,10,17,Female,<=50K
49,9,40,Male,<=50K
27,13,50,Female,<=50K
51,9,60,Male,<=50K
48,11,40,Male,<=50K
48,13,50,Male,>50K
40,10,40,Female,<=50K
19,10,30,Male,<=50K
46,9,60,Male,>50K
40,10,40,Male,<=50K
19,9,50,Male,<=50K
35,6,38,Female,<=50K
53,16,40,Male,>50K
40,14,48,Male,>50K
48,10,40,Male,>50K
18,10,30,Male,<=50K
32,14,40,Female,<=50K
35,14,40,Male,>50K
56,9,32,Female,<=50K
52,2,40,Male,<=50K
35,9,31,Female,<=50K
38,9,60,Male,<=50K
59,12,50,Female,<=50K
36,9,40,Female,<=50K
19,10,30,Male,<=50K
42,16,60,Male,>50K
32,13,50,Male,<=50K
59,9,40,Male,<=50K
44,9,60,Male,>50K
21,9,38,Female,<=50K
36,9,35,Female,>50K
37,7,40,Male,<=50K
23,10,25,Male,<=50K
31,9,40,Male,>50K
43,13,40,Male,>50K
47,9,50,Male,>50K
21,10,10,Female,<=50K
31,10,40,Male,<=50K
34,7,25,Male,<=50K
68,9,8,Female,<=50K
46,9,40,Female,<=50K
57,13,40,Female,<=50K
21,11,46,Male,<=50K
21,10,15,Female,<=50K
57,3,40,Male,<=50K
23,10,40,Male,<=50K
52,9,40,Female,<=50K
28,6,35,Female,<=50K
40,10,40,Male,>50K
57,14,14,Male,>50K
45,9,40,Female,<=50K
39,10,45,Male,<=50K
19,7,32,Female,<=50K
69,9,8,Female,<=50K
53,10,40,Male,>50K
28,9,40,Female,<=50K
66,9,15,Male,<=50K
42,13,40,Male,<=50K
31,9,35,Female,<=50K
58,7,15,Male,<=50K
47,9,40,Female,<=50K
24,11,40,Female,<=50K
57,13,37,Male,<=50K
40,10,40,Male,<=50K
43,9,42,Male,>50K
34,3,40,Male,<=50K
32,11,40,Female,>50K
35,15,65,Male,>50K
18,5,40,Female,<=50K
61,10,18,Male,>50K
37,13,40,Female,<=50K
19,10,25,Female,<=50K
37,13,45,Male,<=50K
42,13,40,Male,>50K
59,9,40,Male,<=50K
39,11,40,Female,<=50K
24,10,40,Female,<=50K
29,9,32,Male,<=50K
29,9,40,Male,<=50K
52,9,40,Male,<=50K
17,6,40,Male,<=50K
17,7,24,Female,<=50K
20,9,40,Male,<=50K
32,13,40,Male,>50K
45,10,40,Male,<=50K
57,13,50,Male,>50K
38,6,45,Male,<=50K
28,6,40,Male,<=50K
50,16,55,Male,>50K
24,12,50,Male,<=50K
30,11,40,Female,<=50K
48,13,60,Female,<=50K
66,10,40,Male,<=50K
37,5,25,Female,<=50K
54,9,40,Male,<=50K
34,12,80,Male,<=50K
24,9,40,Male,<=50K
65,6,40,Male,<=50K
37,13,40,Male,<=50K
55,9,70,Male,<=50K
29,9,56,Male,<=50K
65,4,24,Female,<=50K
20,9,40,Male,<=50K
28,9,48,Male,<=50K
54,13,60,Female,<=50K
22,13,15,Female,<=50K
43,13,45,Female,>50K
29,14,50,Male,<=50K
54,13,45,Male,>50K
42,11,50,Female,<=50K
33,13,50,Male,>50K
19,10,34,Female,<=50K
52,10,60,Male,<=50K
67,7,9,Male,>50K
24,10,40,Female,<=50K
71,3,40,Male,<=50K
64,10,20,Male,<=50K
35,9,60,Male,>50K
70,13,40,Male,<=50K
46,6,30,Female,<=50K
39,10,40,Female,<=50K
67,16,40,Male,>50K
25,9,40,Male,<=50K
68,14,40,Female,<=50K
35,10,40,Female,<=50K
43,9,45,Male,<=50K
48,16,40,Female,>50K
24,10,25,Female,<=50K
21,9,20,Male,<=50K
36,10,50,Male,>50K
38,10,40,Male,<=50K
19,9,32,Male,<=50K
57,10,40,Male,<=50K
31,9,50,Male,>50K
46,16,50,Female,>50K
49,5,16,Female,<=50K
70,4,38,Female,<=50K
35,13,50,Female,>50K
54,13,35,Male,>50K
38,9,60,Male,<=50K
28,13,5,Female,<=50K
42,13,50,Male,>50K
27,9,40,Male,<=50K
43,14,40,Male,>50K
38,10,40,Male,<=50K
46,14,55,Male,>50K
24,10,65,Male,<=50K
41,9,40,Male,>50K
32,9,60,Male,<=50K
34,9,35,Female,<=50K
68,9,15,Male,<=50K
39,9,56,Male,<=50K
58,9,40,Male,<=50K
59,9,40,Female,<=50K
33,10,24,Male,<=50K
30,10,40,Male,>50K
43,10,45,Male,<=50K
49,13,45,Male,>50K
28,13,45,Female,>50K
49,13,50,Male,>50K
41,11,45,Male,<=50K
38,10,40,Male,>50K
63,9,40,Male,>50K
18,10,15,Male,<=50K
33,13,60,Male,>50K
28,10,50,Male,<=50K
24,13,35,Female,<=50K
19,10,36,Male,<=50K
30,11,24,Female,<=50K
58,10,55,Female,>50K
24,10,37,Female,<=50K
52,9,98,Male,>50K
39,11,40,Male,>50K
57,9,78,Male,<=50K
41,5,84,Male,<=50K
22,10,40,Male,<=50K
33,13,40,Male,<=50K
51,10,75,Male,<=50K
23,10,20,Female,<=50K
47,2,12,Male,<=50K
38,10,30,Female,<=50K
29,11,40,Female,<=50K
31,11,60,Male,<=50K
90,4,15,Female,<=50K
54,10,28,Male,<=50K
52,13,65,Male,>50K
45,10,50,Male,<=50K
61,10,40,Female,<=50K
51,9,20,Female,<=50K
37,13,40,Male,>50K
39,9,60,Male,>50K
52,15,60,Male,>50K
24,10,40,Male,<=50K
24,13,33,Male,<=50K
18,9,15,Female,<=50K
55,7,40,Female,<=50K
66,4,10,Male,<=50K
32,13,50,Male,>50K
25,9,40,Male,<=50K
41,13,30,Female,<=50K
40,10,60,Male,>50K
43,10,50,Male,>50K
58,9,84,Male,<=50K
39,10,24,Male,<=50K
50,10,40,Female,<=50K
52,9,19,Male,<=50K
70,4,8,Male,<=50K
54,9,40,Female,<=50K
41,10,37,Female,<=50K
31,4,30,Female,<=50K
35,9,40,Male,<=50K
90,10,35,Male,<=50K
64,10,8,Female,<=50K
23,13,40,Female,<=50K
31,10,40,Male,<=50K
38,13,40,Male,>50K
47,13,60,Male,>50K
46,9,40,Female,<=50K
47,14,50,Male,>50K
48,9,98,Male,<=50K
32,8,40,Male,<=50K
51,13,60,Male,>50K
66,16,35,Male,>50K
38,5,40,Male,<=50K
66,9,20,Male,<=50K
39,2,70,Male,<=50K
50,9,55,Female,<=50K
25,13,40,Female,<=50K
47,7,40,Male,<=50K
58,13,35,Female,<=50K
48,13,60,Male,>50K
29,8,40,Male,<=50K
31,9,40,Male,>50K
62,16,50,Male,>50K
34,7,40,Male,<=50K
23,10,40,Male,<=50K
61,15,35,Male,>50K
17,6,21,Female,<=50K
32,9,40,Male,<=50K
39,9,40,Male,<=50K
46,9,45,Male,<=50K
59,10,40,Male,<=50K
32,10,40,Female,<=50K
59,14,35,Female,<=50K
21,10,40,Male,<=50K
49,13,40,Male,<=50K
22,10,98,Male,<=50K
48,13,50,Male,<=50K
50,14,35,Female,<=50K
58,13,40,Female,>50K
56,7,45,Male,<=50K
30,9,35,Female,<=50K
37,15,45,Male,>50K
27,9,40,Male,<=50K
42,9,38,Female,<=50K
22,9,45,Male,<=50K
51,9,40,Female,<=50K
26,8,98,Male,<=50K
34,13,50,Male,>50K
19,7,40,Female,<=50K
36,4,35,Male,<=50K
46,9,40,Male,<=50K
41,9,72,Male,>50K
39,4,35,Male,<=50K
37,9,42,Male,<=50K
26,9,38,Male,<=50K
28,9,37,Female,<=50K
64,9,38,Female,<=50K
26,10,40,Male,<=50K
52,9,60,Male,<=50K
58,10,20,Female,<=50K
17,7,10,Male,<=50K
24,10,45,Male,<=50K
35,13,45,Male,>50K
19,9,40,Male,<=50K
33,13,40,Male,<=50K
53,10,40,Female,<=50K
47,7,40,Male,<=50K
27,10,40,Female,<=50K
51,9,3,Female,>50K
68,5,24,Male,<=50K
30,10,30,Female,<=50K
42,9,40,Female,<=50K
39,10,40,Male,<=50K
56,12,25,Male,<=50K
35,9,25,Male,<=50K
43,9,40,Male,<=50K
19,10,30,Female,<=50K
18,7,15,Male,<=50K
47,10,65,Male,>50K
25,9,40,Male,<=50K
48,9,40,Male,<=50K
32,9,40,Male,<=50K
52,10,40,Male,<=50K
50,14,60,Male,<=50K
50,9,32,Female,<=50K
32,10,40,Male,<=50K
37,12,50,Male,>50K
58,9,50,Male,<=50K
67,13,24,Male,>50K
30,14,30,Female,<=50K
32,10,60,Male,<=50K
22,9,30,Male,<=50K
26,9,40,Male,<=50K
41,10,65,Male,>50K
59,7,40,Male,<=50K
35,9,45,Male,<=50K
36,7,40,Male,<=50K
33,11,40,Male,<=50K
34,10,72,Male,<=50K
47,7,40,Female,<=50K
84,14,66,Male,<=50K
36,6,24,Female,<=50K
60,10,40,Male,<=50K
29,9,40,Male,<=50K
17,7,30,Male,<=50K
34,10,40,Male,<=50K
54,12,20,Female,<=50K
39,9,60,Male,>50K
41,11,55,Male,<=50K
31,4,40,Male,<=50K
34,6,40,Female,<=50K
54,9,48,Male,>50K
21,10,40,Female,<=50K
39,10,40,Female,<=50K
44,11,40,Male,<=50K
55,14,50,Female,<=50K
56,6,35,Male,>50K
41,10,40,Female,<=50K
47,10,86,Male,<=50K
23,8,40,Female,<=50K
56,9,40,Male,<=50K
51,9,40,Female,<=50K
33,13,40,Male,<=50K
42,6,45,Male,<=50K
51,10,40,Male,>50K
57,4,90,Male,>50K
54,9,50,Male,>50K
68,13,20,Male,<=50K
36,10,40,Female,<=50K
27,7,40,Male,<=50K
58,5,60,Male,<=50K
25,11,40,Male,<=50K
23,10,40,Male,<=50K
31,8,60,Male,<=50K
53,10,40,Female,<=50K
72,3,36,Male,<=50K
30,13,40,Male,<=50K
19,9,25,Female,<=50K
28,11,55,Female,<=50K
26,9,40,Male,<=50K
40,9,45,Female,<=50K
23,9,40,Male,<=50K
20,10,20,Male,<=50K
38,8,48,Male,<=50K
53,10,40,Female,<=50K
18,8,27,Male,<=50K
42,9,40,Female,>50K
54,13,40,Male,<=50K
57,9,26,Female,<=50K
48,13,60,Male,>50K
53,3,30,Female,<=50K
36,9,50,Male,>50K
20,10,40,Male,<=50K
19,9,50,Male,<=50K
18,7,20,Female,<=50K
34,6,40,Female,<=50K
24,10,40,Male,<=50K
42,13,45,Female,<=50K
30,9,30,Male,<=50K
17,6,35,Male,<=50K
27,11,40,Female,<=50K
23,9,40,Male,<=50K
26,9,40,Male,>50K
29,9,50,Female,<=50K
46,4,32,Female,<=50K
31,9,45,Male,<=50K
20,10,12,Female,<=50K
48,16,60,Male,>50K
53,14,42,Male,>50K
26,13,40,Female,<=50K
37,10,40,Female,<=50K
24,11,60,Female,<=50K
51,14,40,Male,>50K
20,10,40,Male,<=50K
32,9,43,Male,<=50K
39,10,40,Female,<=50K
32,9,40,Male,<=50K
47,13,40,Female,>50K
67,10,33,Female,<=50K
30,9,40,Female,<=50K
42,13,42,Male,>50K
42,14,55,Male,>50K
34,10,40,Male,>50K
78,9,24,Male,<=50K
41,10,65,Male,>50K
36,13,50,Male,>50K
47,16,40,Male,>50K
45,13,60,Male,>50K
25,10,40,Female,<=50K
26,10,40,Male,<=50K
68,16,50,Male,<=50K
22,9,45,Male,<=50K
17,7,16,Male,<=50K
43,9,20,Female,<=50K
54,9,50,Male,<=50K
27,11,40,Female,<=50K
27,9,50,Male,<=50K
33,9,40,Male,<=50K
47,4,40,Male,<=50K
36,10,50,Male,<=50K
29,9,45,Male,<=50K
45,10,38,Female,<=50K
30,9,40,Male,<=50K
27,13,40,Female,<=50K
38,9,40,Male,<=50K
34,13,41,Female,<=50K
61,15,20,Male,<=50K
54,9,40,Male,>50K
27,9,40,Male,<=50K
53,6,40,Male,<=50K
50,12,20,Male,<=50K
21,10,40,Male,<=50K
33,9,25,Female,<=50K
47,9,52,Female,<=50K
61,13,40,Female,<=50K
26,9,62,Female,<=50K
66,4,20,Female,<=50K
50,7,40,Male,<=50K
37,10,40,Male,<=50K
55,14,25,Male,>50K
47,9,40,Male,<=50K
45,13,40,Male,>50K
60,9,38,Female,<=50K
43,10,46,Female,<=50K
34,10,45,Male,>50K
27,10,50,Male,<=50K
36,9,40,Male,>50K
69,15,34,Male,>50K
19,9,40,Male,<=50K
21,10,20,Female,<=50K
47,9,40,Male,>50K
57,16,35,Male,<=50K
50,13,50,Male,<=50K
26,9,37,Female,<=50K
42,11,36,Female,<=50K
38,9,50,Male,<=50K
21,10,40,Female,<=50K
40,10,40,Male,>50K
55,10,20,Female,<=50K
28,9,35,Female,<=50K
17,4,36,Male,<=50K
20,10,32,Female,<=50K
25,6,40,Male,<=50K
33,13,30,Male,<=50K
28,9,40,Female,<=50K
43,13,40,Female,<=50K
30,13,45,Female,>50K
36,10,60,Female,<=50K
23,13,55,Male,<=50K
25,9,30,Male,<=50K
43,14,50,Male,<=50K
24,9,30,Female,<=50K
32,9,60,Male,<=50K
22,13,30,Male,<=50K
38,9,40,Male,<=50K
50,3,15,Female,<=50K
50,9,40,Male,<=50K
25,4,50,Male,>50K
79,4,30,Female,<=50K
48,10,60,Male,>50K
19,9,40,Male,<=50K
44,10,56,Male,>50K
47,13,38,Male,>50K
31,9,65,Male,<=50K
28,9,30,Female,<=50K
34,14,40,Female,<=50K
17,7,12,Female,<=50K
41,14,40,Female,<=50K
63,9,40,Male,>50K
60,3,40,Male,<=50K
22,10,25,Female,<=50K
28,12,40,Male,<=50K
22,9,50,Female,<=50K
50,10,40,Male,>50K
46,13,40,Male,<=50K
25,10,45,Male,<=50K
53,7,40,Male,<=50K
31,6,40,Male,<=50K
60,9,40,Female,<=50K
35,9,55,Male,>50K
49,9,35,Female,<=50K
44,10,80,Male,>50K
29,13,55,Male,<=50K
47,13,40,Male,>50K
45,10,40,Female,<=50K
37,7,45,Male,<=50K
21,10,20,Male,<=50K
38,13,40,Male,<=50K
25,13,38,Female,>50K
22,10,40,Male,<=50K
60,10,40,Male,>50K
28,4,30,Male,<=50K
22,9,40,Female,<=50K
63,8,40,Male,>50K
60,10,40,Male,>50K
31,14,30,Female,<=50K
32,13,35,Male,>50K
25,13,35,Male,<=50K
46,10,40,Female,<=50K
32,8,40,Female,<=50K
60,9,40,Male,<=50K
60,10,32,Male,>50K
38,10,40,Male,<=50K
46,10,40,Male,>50K
43,14,40,Male,<=50K
52,9,40,Male,<=50K
20,10,18,Female,<=50K
28,11,40,Male,<=50K
61,9,40,Male,>50K
48,3,40,Male,<=50K
39,14,40,Male,<=50K
27,9,45,Male,<=50K
25,9,40,Female,<=50K
60,9,30,Male,<=50K
31,9,37,Female,<=50K
58,9,38,Male,<=50K
72,4,10,Female,<=50K
59,12,40,Male,<=50K
42,13,50,Female,<=50K
51,14,40,Male,>50K
67,10,41,Male,>50K
27,10,40,Male,<=50K
58,9,40,Female,<=50K
24,10,45,Female,<=50K
48,14,40,Male,>50K
47,15,50,Male,>50K
30,10,40,Male,<=50K
19,7,40,Male,<=50K
40,7,30,Male,<=50K
36,10,55,Male,>50K
20,9,12,Male,<=50K
41,13,35,Male,>50K
28,10,40,Female,<=50K
17,6,16,Male,<=50K
53,9,20,Female,<=50K
23,13,40,Female,<=50K
27,3,52,Male,<=50K
39,9,40,Male,>50K
43,12,50,Male,<=50K
44,10,50,Male,<=50K
38,9,40,Male,>50K
38,2,40,Male,<=50K
50,9,40,Male,>50K
28,13,40,Male,<=50K
32,9,40,Male,<=50K
37,9,30,Male,<=50K
31,8,40,Male,<=50K
32,9,40,Male,<=50K
40,10,40,Male,<=50K
29,9,30,Female,<=50K
43,9,40,Male,<=50K
37,15,6,Male,<=50K
47,13,60,Male,>50K
47,9,40,Male,<=50K
41,13,60,Male,>50K
62,9,50,Male,<=50K
32,9,40,Male,<=50K
39,9,20,Female,<=50K
29,11,40,Male,>50K
54,13,40,Female,>50K
62,9,40,Male,>50K
27,11,65,Male,>50K
58,9,40,Male,<=50K
62,9,45,Male,>50K
70,9,16,Male,<=50K
38,9,41,Male,<=50K
35,9,55,Female,<=50K
58,9,70,Male,<=50K
40,4,25,Female,<=50K
27,10,40,Male,<=50K
47,10,60,Male,>50K
46,9,15,Female,<=50K
62,6,35,Male,<=50K
30,11,40,Male,<=50K
44,15,40,Female,<=50K
58,9,40,Female,>50K
33,9,40,Female,<=50K
46,14,40,Female,<=50K
74,9,35,Male,>50K
19,10,18,Male,<=50K
24,9,40,Male,<=50K
35,10,50,Male,<=50K
37,13,50,Male,<=50K
45,13,40,Female,<=50K
31,9,36,Female,<=50K
90,13,15,Male,>50K
40,9,35,Female,<=50K
28,9,40,Male,<=50K
48,9,65,Male,<=50K
33,14,40,Male,<=50K
59,4,40,Male,<=50K
54,13,50,Male,<=50K
47,9,35,Female,<=50K
62,9,40,Female,<=50K
52,13,45,Female,<=50K
20,10,40,Male,<=50K
83,10,20,Female,<=50K
25,10,50,Female,<=50K
25,9,40,Female,<=50K
36,16,40,Male,<=50K
18,10,15,Male,<=50K
36,9,40,Female,<=50K
25,13,40,Male,<=50K
50,15,50,Male,>50K
20,10,15,Female,<=50K
20,10,24,Female,<=50K
28,10,50,Female,<=50K
45,14,40,Male,>50K
75,9,20,Female,<=50K
31,9,40,Male,<=50K
62,3,40,Male,<=50K
34,13,50,Male,<=50K
28,10,55,Male,<=50K
44,13,40,Male,>50K
47,1,40,Female,<=50K
45,2,40,Female,<=50K
56,13,55,Female,>50K
23,9,48,Male,<=50K
19,9,15,Female,<=50K
60,9,44,Female,<=50K
39,9,50,Male,>50K
24,10,50,Male,<=50K
66,13,45,Male,>50K
42,10,40,Female,<=50K
30,13,50,Male,<=50K
55,9,60,Male,<=50K
31,13,60,Male,>50K
33,13,45,Male,<=50K
34,11,45,Male,<=50K
43,9,40,Male,<=50K
42,13,40,Male,>50K
47,9,40,Male,>50K
33,9,60,Male,<=50K
25,10,40,Female,<=50K
50,14,98,Male,<=50K
27,9,35,Male,<=50K
38,7,45,Male,<=50K
74,10,9,Female,<=50K
57,14,40,Male,>50K
45,10,60,Male,>50K
61,10,20,Female,<=50K
22,2,24,Male,<=50K
28,9,50,Male,<=50K
35,6,45,Male,<=50K
49,9,40,Female,<=50K
64,12,30,Female,<=50K
31,9,40,Male,>50K
38,10,72,Female,<=50K
25,10,45,Male,<=50K
30,7,40,Male,<=50K
46,13,40,Male,>50K
53,9,40,Male,>50K
23,9,40,Female,<=50K
54,13,50,Female,<=50K
35,9,40,Male,<=50K
22,10,40,Female,<=50K
49,16,63,Male,>50K
29,10,40,Female,<=50K
61,9,40,Male,<=50K
55,5,40,Female,<=50K
24,9,40,Male,<=50K
48,13,60,Male,>50K
35,9,40,Male,<=50K
18,7,10,Female,<=50K
41,9,52,Male,>50K
33,12,42,Female,<=50K
40,16,40,Male,>50K
26,9,40,Male,<=50K
21,10,20,Male,<=50K
42,10,50,Female,<=50K
51,10,60,Female,<=50K
35,10,45,Female,>50K
34,10,40,Male,>50K
38,9,40,Female,<=50K
59,4,99,Female,<=50K
49,9,40,Female,>50K
49,10,40,Male,>50K
38,13,8,Female,>50K
19,6,45,Male,<=50K
43,10,40,Male,<=50K
43,9,40,Male,>50K
62,10,40,Male,>50K
26,13,40,Female,<=50K
76,13,10,Male,<=50K
21,10,11,Female,<=50K
46,10,55,Male,<=50K
38,9,40,Female,<=50K
36,9,40,Male,<=50K
31,10,50,Male,<=50K
41,10,40,Male,<=50K
63,6,40,Male,<=50K
53,9,40,Male,<=50K
49,12,38,Female,<=50K
39,13,45,Male,<=50K
36,9,60,Male,<=50K
46,13,44,Female,>50K
31,10,40,Male,<=50K
49,13,40,Male,>50K
46,13,48,Male,<=50K
43,14,40,Female,>50K
56,5,40,Male,<=50K
28,9,46,Female,<=50K
35,9,40,Male,<=50K
22,9,40,Male,<=50K
44,13,56,Female,<=50K
34,13,54,Male,>50K
32,9,40,Male,<=50K
35,9,40,Female,<=50K
47,13,50,Male,<=50K
77,14,45,Male,<=50K
42,14,40,Male,>50K
46,15,50,Male,>50K
25,10,24,Male,<=50K
33,13,45,Male,<=50K
42,9,40,Male,<=50K
26,6,40,Female,<=50K
63,3,19,Female,<=50K
45,9,40,Male,<=50K
54,9,40,Female,<=50K
21,9,50,Male,<=50K
24,13,40,Male,<=50K
29,9,40,Male,<=50K
39,10,84,Male,>50K
30,6,40,Male,<=50K
60,11,37,Female,<=50K
21,9,24,Female,<=50K
18,7,28,Female,<=50K
51,9,40,Male,<=50K
28,11,50,Male,>50K
90,9,30,Male,<=50K
19,9,40,Male,<=50K
50,12,40,Female,<=50K
34,9,40,Female,<=50K
52,13,60,Male,<=50K
35,9,56,Male,<=50K
27,9,30,Male,<=50K
29,11,40,Male,<=50K
55,12,30,Female,<=50K
18,7,20,Male,<=50K
41,9,40,Male,<=50K
39,12,38,Female,<=50K
22,10,40,Male,<=50K
37,14,55,Male,>50K
21,10,22,Male,<=50K
18,9,40,Male,<=50K
49,9,40,Male,<=50K
23,13,18,Male,<=50K
36,9,41,Male,<=50K
23,9,50,Male,<=50K
28,13,40,Male,<=50K
32,14,50,Male,<=50K
21,10,20,Male,<=50K
59,10,70,Male,<=50K
46,9,60,Male,<=50K
36,13,50,Male,<=50K
26,9,40,Male,<=50K
43,13,40,Male,<=50K
56,8,40,Male,>50K
62,9,40,Male,<=50K
63,13,40,Male,>50K
31,5,40,Male,<=50K
43,9,48,Female,>50K
31,9,40,Male,<=50K
62,13,40,Male,>50K
38,10,40,Male,<=50K
30,9,40,Male,<=50K
46,15,50,Male,>50K
53,9,28,Female,>50K
32,4,40,Male,<=50K
29,11,70,Male,<=50K
36,13,40,Female,>50K
28,13,20,Female,>50K
29,4,40,Male,<=50K
36,9,30,Male,<=50K
32,10,40,Male,<=50K
18,6,24,Male,<=50K
48,4,50,Male,>50K
68,9,32,Female,<=50K
33,12,55,Female,<=50K
56,10,60,Male,<=50K
39,12,40,Female,>50K
20,9,25,Male,<=50K
24,7,40,Male,<=50K
42,12,40,Female,>50K
35,13,40,Female,<=50K
54,15,40,Male,>50K
63,14,50,Male,<=50K
22,9,40,Female,<=50K
18,7,15,Female,<=50K
29,9,40,Male,<=50K
41,10,40,Male,<=50K
33,9,60,Male,<=50K
19,10,40,Female,<=50K
43,10,50,Male,<=50K
26,14,20,Male,<=50K
52,7,40,Male,<=50K
25,13,50,Female,<=50K
46,10,60,Male,>50K
19,9,40,Female,<=50K
42,13,50,Female,<=50K
41,9,45,Female,<=50K
60,2,38,Male,<=50K
47,9,90,Male,<=50K
78,4,20,Male,<=50K
26,10,40,Male,<=50K
20,10,25,Female,<=50K
25,10,40,Male,<=50K
21,6,30,Female,<=50K
25,9,48,Male,<=50K
45,10,40,Female,<=50K
31,13,40,Male,<=50K
36,9,40,Female,<=50K
40,14,40,Male,>50K
43,15,66,Male,<=50K
58,9,40,Male,<=50K
38,15,40,Male,>50K
21,10,30,Male,<=50K
32,10,40,Male,<=50K
42,9,40,Male,<=50K
41,14,40,Male,<=50K
71,11,40,Female,<=50K
26,13,45,Male,<=50K
62,4,40,Male,>50K
18,9,40,Female,<=50K
33,11,40,Female,<=50K
66,5,25,Male,>50K
19,9,30,Male,<=50K
41,10,60,Male,>50K
30,11,30,Male,<=50K
27,9,40,Male,<=50K
52,15,40,Male,>50K
54,14,50,Male,>50K
57,9,32,Female,<=50K
23,13,40,Female,<=50K
20,10,40,Female,<=50K
33,9,52,Female,<=50K
33,13,38,Male,>50K
40,13,60,Female,>50K
36,10,40,Male,>50K
76,5,40,Male,<=50K
34,9,55,Male,>50K
28,13,40,Male,<=50K
45,10,40,Male,<=50K
49,9,48,Male,<=50K
26,13,55,Female,>50K
39,13,40,Male,>50K
29,10,35,Male,>50K
28,16,40,Female,<=50K
52,9,40,Female,<=50K
51,9,40,Female,<=50K
25,5,45,Male,<=50K
27,13,50,Male,<=50K
45,3,35,Female,<=50K
20,9,30,Male,<=50K
55,14,20,Male,>50K
37,10,55,Male,>50K
41,15,50,Male,>50K
34,9,30,Male,<=50K
42,10,40,Female,<=50K
53,9,40,Male,<=50K
44,13,40,Female,<=50K
59,9,40,Female,<=50K
37,13,43,Male,>50K
41,15,45,Male,>50K
48,9,44,Female,<=50K
41,14,70,Male,>50K
32,8,70,Male,>50K
36,12,15,Female,<=50K
48,9,42,Male,>50K
26,13,60,Female,<=50K
48,9,40,Male,<=50K
55,9,40,Male,>50K
30,14,50,Male,>50K
45,9,40,Male,<=50K
41,15,50,Male,>50K
61,9,35,Female,<=50K
28,9,70,Male,<=50K
39,9,42,Male,<=50K
50,13,45,Male,>50K
35,9,50,Male,<=50K
48,13,50,Male,>50K
51,9,50,Male,<=50K
43,9,40,Female,>50K
37,5,48,Female,<=50K
55,9,40,Female,<=50K
22,9,50,Male,<=50K
38,9,40,Male,<=50K
29,10,70,Male,<=50K
35,6,40,Female,<=50K
28,14,40,Male,<=50K
28,10,50,Female,<=50K
29,11,50,Female,<=50K
55,9,20,Male,<=50K
59,13,40,Male,<=50K
56,6,40,Male,<=50K
49,13,45,Male,>50K
33,9,40,Male,<=50K
32,9,40,Female,>50K
33,9,40,Male,<=50K
57,13,50,Male,>50K
24,10,42,Female,<=50K
18,9,38,Female,<=50K
63,9,6,Male,<=50K
59,13,38,Male,<=50K
52,11,40,Male,<=50K
24,9,40,Male,<=50K
64,16,50,Male,>50K
45,9,52,Male,>50K
23,9,40,Male,<=50K
45,9,40,Male,>50K
49,13,60,Male,<=50K
36,14,40,Female,<=50K
60,9,20,Male,<=50K
28,13,40,Male,>50K
20,10,56,Female,<=50K
28,10,40,Female,<=50K
36,9,40,Female,<=50K
24,9,50,Female,<=50K
25,8,60,Male,<=50K
52,9,40,Male,>50K
22,13,10,Male,<=50K
39,3,40,Male,<=50K
37,9,40,Female,<=50K
33,13,40,Male,>50K
62,15,16,Male,<=50K
18,8,30,Male,<=50K
47,5,48,Male,>50K
52,9,40,Male,<=50K
38,9,45,Male,>50K
32,11,35,Female,<=50K
46,9,40,Male,>50K
46,13,65,Male,>50K
43,15,40,Male,>50K
27,10,30,Male,<=50K
55,13,40,Male,>50K
33,9,50,Male,<=50K
48,15,60,Male,<=50K
21,9,35,Male,<=50K
38,9,40,Male,>50K
22,9,35,Male,<=50K
55,15,39,Female,<=50K
17,8,16,Female,<=50K
28,13,35,Female,<=50K
64,4,40,Male,<=50K
18,7,20,Male,<=50K
43,9,40,Male,<=50K
40,10,60,Female,<=50K
51,9,40,Female,<=50K
42,10,40,Female,>50K
44,2,40,Female,<=50K
49,4,32,Male,<=50K
23,9,40,Female,<=50K
64,13,40,Male,<=50K
41,13,40,Male,<=50K
37,10,40,Female,<=50K
21,10,40,Male,<=50K
43,9,48,Male,<=50K
30,13,60,Female,<=50K
26,9,40,Female,<=50K
49,9,40,Female,<=50K
35,13,40,Male,<=50K
28,12,40,Female,<=50K
32,6,50,Female,<=50K
20,9,35,Male,<=50K
35,9,35,Male,<=50K
37,9,40,Male,<=50K
22,10,4,Male,<=50K
39,9,12,Male,<=50K
17,7,20,Female,<=50K
41,3,40,Male,<=50K
47,13,40,Female,<=50K
46,12,40,Male,<=50K
40,11,40,Male,>50K
31,9,55,Male,<=50K
38,13,40,Male,>50K
18,8,40,Male,<=50K
22,10,35,Male,<=50K
55,16,30,Female,<=50K
25,9,40,Male,<=50K
25,13,40,Male,<=50K
44,16,32,Female,>50K
24,8,40,Male,<=50K
43,8,40,Male,<=50K
67,9,20,Female,<=50K
53,7,40,Male,<=50K
32,9,40,Female,<=50K
42,11,60,Male,<=50K
36,9,50,Male,<=50K
61,9,40,Male,<=50K
54,15,65,Female,<=50K
34,9,50,Male,<=50K
43,9,38,Male,>50K
36,3,32,Male,<=50K
32,13,60,Female,<=50K
31,10,40,Male,<=50K
41,13,60,Male,>50K
36,12,31,Female,>50K
52,4,16,Female,<=50K
87,9,16,Male,<=50K
36,12,40,Male,>50K
42,14,60,Male,>50K
51,14,40,Female,<=50K
81,9,20,Male,<=50K
34,9,45,Male,<=50K
39,10,40,Male,<=50K
34,9,40,Female,<=50K
41,11,10,Female,<=50K
47,10,40,Male,>50K
42,9,40,Male,<=50K
52,10,40,Male,>50K
17,7,20,Female,<=50K
60,10,40,Male,<=50K
39,10,20,Female,<=50K
48,10,43,Female,<=50K
62,10,30,Female,<=50K
39,15,99,Male,>50K
22,10,30,Female,<=50K
31,13,40,Male,<=50K
57,6,40,Male,<=50K
32,2,40,Male,<=50K
48,10,60,Male,>50K
33,9,38,Female,<=50K
42,10,60,Male,<=50K
59,13,40,Male,>50K
41,10,60,Male,<=50K
21,10,40,Female,<=50K
50,13,40,Male,>50K
41,12,80,Male,<=50K
42,15,50,Male,>50K
23,13,12,Female,<=50K
31,11,40,Male,>50K
29,13,50,Male,>50K
28,11,80,Male,<=50K
36,9,40,Female,<=50K
39,14,40,Male,>50K
43,9,40,Male,<=50K
44,9,37,Male,<=50K
18,7,3,Male,<=50K
58,2,40,Male,<=50K
21,9,35,Male,<=50K
31,9,50,Male,<=50K
37,13,30,Female,>50K
38,9,40,Male,<=50K
39,9,40,Female,<=50K
28,9,40,Male,<=50K
36,13,50,Male,<=50K
47,9,65,Male,>50K
29,9,30,Female,<=50K
48,7,40,Male,<=50K
50,9,50,Male,>50K
44,10,35,Male,<=50K
51,6,40,Male,<=50K
43,10,60,Male,>50K
41,14,40,Female,>50K
27,13,40,Female,<=50K
29,13,35,Male,<=50K
53,13,50,Male,>50K
36,9,40,Male,<=50K
22,9,20,Male,<=50K
37,9,50,Male,<=50K
34,9,20,Female,>50K
22,13,40,Male,<=50K
38,10,55,Male,<=50K
43,10,40,Male,<=50K
34,13,40,Female,>50K
21,9,40,Male,<=50K
31,13,40,Male,<=50K
49,14,50,Female,>50K
47,13,40,Female,<=50K
30,9,38,Female,<=50K
19,10,40,Male,<=50K
39,9,60,Male,>50K
45,13,50,Female,>50K
61,9,60,Male,>50K
28,9,40,Female,<=50K
47,12,40,Male,<=50K
39,9,45,Male,<=50K
23,9,40,Male,<=50K
27,14,37,Male,<=50K
29,14,65,Male,<=50K
22,9,40,Female,<=50K
34,9,40,Male,>50K
44,11,44,Male,<=50K
65,6,70,Male,<=50K
28,7,40,Male,<=50K
51,10,40,Male,>50K
55,14,40,Male,>50K
38,9,40,Male,<=50K
35,9,40,Male,<=50K
46,9,37,Male,<=50K
43,9,55,Male,<=50K
44,9,40,Male,<=50K
37,10,45,Male,>50K
44,9,40,Female,<=50K
34,12,65,Male,<=50K
45,10,40,Female,<=50K
30,5,40,Male,<=50K
55,10,40,Female,<=50K
28,13,48,Female,<=50K
35,16,45,Male,>50K
18,6,16,Male,<=50K
38,9,44,Male,<=50K
22,13,8,Male,<=50K
59,14,40,Male,<=50K
42,6,40,Male,<=50K
38,9,40,Male,<=50K
17,6,40,Female,<=50K
31,9,34,Female,<=50K
36,9,56,Male,>50K
30,13,40,Male,<=50K
23,13,40,Female,<=50K
46,9,40,Male,>50K
59,10,36,Male,>50K
28,9,45,Male,>50K
37,9,40,Male,<=50K
58,9,38,Female,<=50K
21,9,40,Male,<=50K
20,10,15,Male,<=50K
59,9,50,Male,>50K
55,10,40,Male,<=50K
51,13,40,Female,<=50K
71,9,24,Male,<=50K
20,10,40,Female,<=50K
18,10,4,Male,<=50K
52,2,40,Male,<=50K
36,9,45,Male,<=50K
20,10,35,Female,<=50K
27,9,60,Male,<=50K
26,9,40,Male,<=50K
45,13,40,Male,>50K
32,9,40,Male,>50K
53,10,45,Male,>50K
23,10,25,Male,<=50K
41,10,38,Female,<=50K
21,10,40,Male,<=50K
34,14,55,Male,>50K
24,9,40,Male,<=50K
28,5,40,Male,<=50K
35,9,38,Female,<=50K
73,13,15,Male,<=50K
40,13,40,Male,<=50K
50,16,50,Male,>50K
40,13,40,Male,<=50K
45,11,40,Female,<=50K
45,13,42,Female,<=50K
58,12,60,Male,>50K
64,9,40,Male,<=50K
18,7,16,Male,<=50K
54,15,40,Male,>50K
26,7,40,Male,<=50K
69,10,14,Female,<=50K
44,9,48,Male,<=50K
38,13,40,Male,<=50K
40,12,32,Female,<=50K
40,14,40,Male,<=50K
32,9,40,Male,<=50K
28,12,80,Female,<=50K
49,14,40,Female,<=50K
56,10,45,Male,>50K
38,10,40,Male,<=50K
44,13,40,Female,<=50K
33,13,40,Male,>50K
33,11,55,Male,>50K
38,5,60,Male,<=50K
18,9,40,Male,<=50K
54,13,40,Female,<=50K
56,10,34,Male,<=50K
41,10,40,Male,<=50K
36,6,35,Female,<=50K
21,9,65,Male,<=50K
25,8,40,Male,<=50K
35,13,60,Male,>50K
33,9,40,Male,<=50K
40,9,32,Female,<=50K
33,9,40,Male,<=50K
19,10,10,Male,<=50K
43,9,40,Male,>50K
26,9,40,Female,<=50K
24,5,40,Female,<=50K
52,14,40,Male,<=50K
37,16,40,Male,<=50K
38,7,50,Male,<=50K
26,9,40,Male,<=50K
42,13,40,Female,<=50K
28,10,40,Male,>50K
35,16,40,Male,>50K
50,4,40,Male,<=50K
52,13,40,Male,<=50K
24,11,50,Male,<=50K
59,9,40,Male,>50K
32,5,23,Female,<=50K
29,13,50,Male,<=50K
41,10,40,Female,>50K
33,9,40,Male,<=50K
38,14,35,Female,<=50K
30,9,40,Female,<=50K
39,13,30,Female,<=50K
23,9,25,Male,<=50K
39,9,50,Male,<=50K
25,9,40,Female,<=50K
39,14,60,Male,>50K
24,13,45,Male,<=50K
25,6,40,Male,<=50K
21,10,30,Male,<=50K
24,10,50,Male,<=50K
52,9,40,Female,<=50K
20,7,50,Female,<=50K
29,7,52,Female,<=50K
30,10,45,Male,<=50K
39,9,60,Male,>50K
38,10,43,Female,<=50K
23,10,50,Male,<=50K
27,10,40,Female,<=50K
48,10,45,Male,<=50K
28,13,10,Female,<=50K
41,14,40,Male,>50K
61,13,24,Male,>50K
41,15,50,Male,>50K
61,15,20,Male,>50K
41,9,40,Female,<=50K
30,9,40,Male,<=50K
33,12,40,Male,<=50K
48,10,40,Male,>50K
25,10,40,Male,<=50K
47,7,70,Male,<=50K
37,9,30,Female,<=50K
40,10,40,Female,>50K
44,9,60,Male,>50K
30,10,40,Female,<=50K
31,9,40,Male,<=50K
45,10,40,Male,<=50K
39,10,40,Male,<=50K
38,13,54,Male,>50K
27,14,45,Female,<=50K
17,6,4,Female,<=50K
42,10,56,Male,>50K
43,12,50,Male,>50K
35,9,35,Male,<=50K
22,9,50,Male,<=50K
28,9,40,Male,<=50K
28,6,40,Female,<=50K
42,9,45,Male,<=50K
21,9,13,Male,<=50K
31,10,30,Female,<=50K
21,10,40,Male,<=50K
90,10,40,Male,<=50K
46,9,38,Female,<=50K
36,10,50,Male,<=50K
45,11,44,Female,<=50K
40,6,70,Female,<=50K
34,9,40,Male,<=50K
19,7,25,Female,<=50K
51,13,40,Male,>50K
29,14,40,Female,<=50K
21,10,20,Male,<=50K
25,13,20,Male,<=50K
59,10,50,Male,>50K
51,9,40,Male,<=50K
41,10,40,Male,>50K
17,7,20,Male,<=50K
22,9,40,Female,<=50K
31,10,40,Male,>50K
20,10,25,Male,<=50K
54,14,45,Male,>50K
28,15,80,Male,<=50K
18,9,35,Male,<=50K
29,10,24,Female,<=50K
18,6,6,Female,<=50K
54,9,40,Male,>50K
31,13,55,Male,<=50K
30,9,40,Male,<=50K
20,10,20,Female,<=50K
68,7,20,Male,<=50K
22,9,40,Female,<=50K
48,10,25,Female,<=50K
20,9,40,Female,<=50K
49,9,40,Male,>50K
28,7,40,Female,<=50K
20,9,40,Female,<=50K
44,9,40,Male,>50K
17,6,30,Male,<=50K
26,11,45,Male,<=50K
21,10,11,Female,<=50K
35,8,40,Female,<=50K
41,10,40,Male,>50K
34,9,30,Female,<=50K
37,6,50,Male,<=50K
45,14,38,Male,<=50K
33,9,40,Female,<=50K
19,10,20,Male,<=50K
37,12,65,Male,>50K
47,10,40,Female,<=50K
32,13,45,Female,<=50K
22,10,40,Male,<=50K
38,10,45,Male,<=50K
55,13,40,Female,>50K
29,15,48,Male,>50K
28,9,35,Male,<=50K
20,10,15,Female,<=50K
54,9,45,Male,<=50K
35,10,40,Male,<=50K
31,9,40,Male,<=50K
28,14,45,Female,<=50K
30,13,40,Male,>50K
31,9,38,Male,<=50K
25,3,40,Male,<=50K
37,9,40,Male,>50K
27,13,40,Male,<=50K
34,14,45,Female,>50K
49,9,40,Male,>50K
39,9,50,Male,>50K
63,13,15,Male,<=50K
61,5,40,Male,<=50K
35,9,40,Female,<=50K
32,13,45,Male,>50K
43,9,40,Male,>50K
21,10,40,Female,<=50K
28,10,40,Female,<=50K
24,9,40,Female,<=50K
25,10,40,Male,<=50K
35,6,40,Male,<=50K
19,10,30,Female,<=50K
39,7,35,Male,<=50K
36,13,45,Male,>50K
43,10,50,Male,<=50K
34,9,40,Male,<=50K
45,9,40,Male,<=50K
68,9,30,Female,<=50K
30,13,40,Male,>50K
72,10,20,Female,<=50K
41,7,36,Female,<=50K
37,9,12,Female,<=50K
54,8,40,Male,<=50K
72,9,8,Male,<=50K
33,9,55,Male,<=50K
23,13,40,Female,<=50K
24,9,50,Male,<=50K
24,12,30,Male,<=50K
32,10,40,Female,<=50K
37,14,40,Male,<=50K
41,9,50,Male,>50K
79,4,15,Male,<=50K
66,9,50,Male,>50K
39,9,40,Male,<=50K
64,10,35,Female,<=50K
38,13,55,Male,<=50K
32,14,11,Male,<=50K
52,14,50,Male,>50K
41,13,42,Male,>50K
29,9,35,Female,<=50K
63,9,45,Male,>50K
63,13,40,Male,>50K
32,10,40,Female,<=50K
40,9,40,Male,<=50K
33,9,40,Male,<=50K
36,13,45,Male,<=50K
48,9,40,Female,<=50K
28,6,40,Male,<=50K
59,7,20,Male,<=50K
19,10,25,Female,<=50K
47,13,40,Male,<=50K
19,9,20,Female,<=50K
52,13,40,Male,>50K
34,11,50,Male,<=50K
59,3,40,Male,>50K
30,12,40,Male,<=50K
42,10,40,Male,<=50K
59,12,40,Female,<=50K
19,9,30,Male,<=50K
32,9,40,Male,<=50K
36,9,50,Male,<=50K
70,13,6,Male,<=50K
34,7,84,Male,<=50K
46,10,40,Male,<=50K
49,12,40,Female,>50K
44,9,40,Male,<=50K
20,10,40,Female,<=50K
34,9,55,Male,>50K
34,13,40,Male,<=50K
33,9,40,Male,<=50K
46,11,50,Male,<=50K
35,10,60,Male,<=50K
18,8,30,Female,<=50K
50,10,40,Female,<=50K
44,16,40,Male,>50K
17,7,12,Male,<=50K
51,9,40,Male,<=50K
18,8,30,Male,<=50K
38,9,40,Male,<=50K
61,9,40,Male,<=50K
25,10,50,Male,<=50K
37,9,40,Male,>50K
34,9,80,Male,<=50K
60,9,40,Male,<=50K
42,13,40,Male,>50K
65,10,35,Female,<=50K
63,13,40,Male,>50K
42,8,60,Male,>50K
76,4,30,Male,<=50K
51,6,60,Male,>50K
51,9,40,Male,<=50K
59,9,40,Male,<=50K
21,10,20,Female,<=50K
61,4,40,Male,<=50K
37,11,40,Female,<=50K
27,10,20,Female,<=50K
70,10,4,Male,>50K
36,9,25,Male,<=50K
31,10,40,Male,<=50K
66,11,38,Male,<=50K
20,9,40,Female,<=50K
48,10,45,Male,<=50K
70,9,40,Male,<=50K
60,10,40,Male,>50K
17,7,20,Female,<=50K
40,10,40,Female,<=50K
48,13,36,Female,>50K
28,9,38,Male,<=50K
34,1,25,Female,<=50K
30,16,20,Male,<=50K
29,9,40,Male,<=50K
29,9,40,Male,>50K
25,9,40,Female,<=50K
67,9,40,Male,<=50K
38,13,10,Male,<=50K
30,9,40,Male,>50K
17,7,20,Female,<=50K
23,10,40,Female,<=50K
39,9,40,Male,<=50K
59,10,40,Female,<=50K
34,9,40,Male,<=50K
53,9,50,Female,<=50K
42,14,40,Male,>50K
20,10,50,Female,<=50K
22,5,40,Male,<=50K
30,10,30,Male,<=50K
23,4,36,Male,<=50K
32,13,50,Male,<=50K
51,9,40,Female,<=50K
60,4,60,Male,<=50K
20,10,24,Female,<=50K
22,10,38,Female,<=50K
33,9,94,Male,<=50K
43,10,40,Male,<=50K
22,9,40,Female,<=50K
41,9,40,Female,<=50K
46,14,50,Male,>50K
39,13,30,Male,<=50K
32,9,50,Male,>50K
23,13,40,Female,<=50K
44,14,45,Male,>50K
31,9,40,Male,<=50K
48,7,34,Female,<=50K
17,7,7,Female,<=50K
23,9,30,Male,<=50K
61,16,40,Male,>50K
32,9,40,Male,<=50K
31,13,40,Male,<=50K
19,10,15,Female,<=50K
39,10,40,Male,<=50K
56,9,40,Male,>50K
37,10,40,Male,<=50K
64,13,40,Male,>50K
27,11,36,Female,>50K
39,10,40,Male,>50K
27,7,35,Female,<=50K
37,10,65,Male,<=50K
20,10,27,Male,<=50K
64,10,10,Female,<=50K
45,7,40,Female,<=50K
41,9,50,Female,<=50K
63,10,10,Male,<=50K
58,10,50,Male,<=50K
49,14,50,Female,<=50K
52,9,40,Female,<=50K
26,14,60,Male,<=50K
49,9,60,Male,>50K
18,7,12,Male,<=50K
17,6,40,Male,<=50K
33,9,50,Male,>50K
31,7,40,Male,<=50K
49,12,45,Male,<=50K
52,5,40,Male,<=50K
57,9,44,Female,<=50K
22,9,40,Male,<=50K
36,15,50,Female,>50K
29,9,40,Male,<=50K
37,10,40,Male,<=50K
22,9,15,Female,<=50K
24,9,40,Male,<=50K
55,13,40,Male,>50K
32,13,45,Male,>50K
17,7,20,Female,<=50K
26,11,35,Female,<=50K
37,14,50,Male,>50K
42,9,40,Male,>50K
73,9,40,Male,<=50K
40,13,40,Female,<=50K
44,10,60,Male,<=50K
26,8,40,Male,<=50K
22,6,15,Male,<=50K
27,14,35,Male,<=50K
25,13,40,Male,<=50K
33,9,37,Male,<=50K
37,10,40,Male,<=50K
27,10,40,Male,<=50K
18,10,20,Female,<=50K
32,9,40,Female,<=50K
61,13,32,Male,>50K
47,10,40,Male,>50K
59,9,50,Female,<=50K
42,10,45,Female,<=50K
34,5,40,Male,<=50K
30,13,50,Female,<=50K
45,9,50,Male,<=50K
52,11,40,Male,>50K
59,13,40,Male,>50K
37,9,40,Male,<=50K
47,9,40,Male,>50K
53,9,35,Female,<=50K
38,13,50,Male,>50K
65,13,44,Male,>50K
29,3,40,Female,<=50K
44,13,40,Male,>50K
28,13,45,Male,<=50K
56,8,40,Female,<=50K
38,13,24,Female,<=50K
70,10,34,Female,<=50K
63,9,40,Female,<=50K
44,9,50,Male,<=50K
40,10,35,Female,<=50K
22,13,15,Female,<=50K
32,13,60,Male,>50K
39,10,40,Female,<=50K
45,9,40,Male,>50K
37,9,40,Male,<=50K
47,13,45,Male,>50K
41,9,40,Female,<=50K
51,13,40,Male,>50K
32,13,40,Male,<=50K
36,9,50,Male,<=50K
44,9,45,Male,<=50K
28,9,50,Male,<=50K
59,13,60,Male,<=50K
47,9,44,Male,<=50K
23,9,40,Male,<=50K
20,8,40,Male,<=50K
29,10,55,Male,<=50K
43,13,40,Male,>50K
31,13,40,Female,<=50K
24,9,35,Female,<=50K
37,13,40,Male,>50K
46,9,40,Female,<=50K
19,10,40,Female,<=50K
22,10,15,Male,<=50K
59,10,52,Female,<=50K
58,9,40,Female,>50K
47,9,40,Male,<=50K
67,4,40,Male,<=50K
50,10,50,Male,>50K
46,9,40,Male,<=50K
21,9,40,Male,<=50K
84,4,10,Male,<=50K
42,14,50,Male,>50K
39,10,40,Male,>50K
28,12,45,Male,>50K
21,10,30,Female,<=50K
25,9,35,Male,<=50K
37,10,40,Female,<=50K
27,10,40,Male,>50K
45,9,40,Female,<=50K
20,10,20,Female,<=50K
31,10,35,Male,<=50K
44,13,48,Male,>50K
49,9,40,Male,<=50K
50,11,60,Male,>50K
27,11,45,Male,<=50K
18,6,6,Male,<=50K
49,9,40,Male,<=50K
24,9,40,Female,<=50K
35,9,35,Female,>50K
23,10,8,Female,<=50K
44,13,46,Male,>50K
38,9,40,Female,<=50K
26,10,45,Male,<=50K
31,10,40,Male,<=50K
42,14,65,Male,<=50K
44,13,40,Male,<=50K
33,9,30,Male,<=50K
21,12,9,Female,<=50K
40,13,40,Male,<=50K
44,11,40,Male,>50K
19,8,40,Male,<=50K
54,6,40,Male,<=50K
46,9,40,Male,<=50K
51,9,40,Female,<=50K
35,9,40,Male,<=50K
18,9,35,Male,<=50K
25,13,20,Female,<=50K
24,13,20,Female,<=50K
21,9,35,Male,<=50K
31,9,40,Male,<=50K
55,10,40,Male,<=50K
31,9,40,Male,<=50K
19,9,35,Female,<=50K
24,9,36,Female,<=50K
23,13,45,Female,<=50K
32,13,40,Male,<=50K
53,10,60,Male,<=50K
28,9,40,Male,<=50K
40,7,52,Female,<=50K
41,13,50,Male,>50K
38,9,24,Female,>50K
59,9,48,Male,<=50K
44,13,45,Male,>50K
43,9,40,Female,<=50K
44,11,50,Male,>50K
28,14,50,Male,<=50K
33,13,45,Male,>50K
38,9,40,Male,<=50K
39,13,50,Male,<=50K
32,13,40,Female,<=50K
42,16,60,Male,>50K
20,10,70,Male,<=50K
37,13,50,Female,>50K
36,10,40,Female,<=50K
30,9,45,Male,<=50K
39,9,60,Male,<=50K
43,9,40,Male,>50K
44,9,40,Male,>50K
49,11,40,Male,<=50K
19,9,24,Male,<=50K
18,9,64,Male,<=50K
39,11,70,Male,>50K
31,13,60,Male,>50K
35,7,35,Male,<=50K
61,9,25,Female,<=50K
36,11,40,Male,>50K
58,14,50,Male,>50K
47,9,32,Male,<=50K
48,9,40,Male,<=50K
37,9,45,Male,<=50K
22,5,40,Male,<=50K
35,13,40,Male,>50K
36,10,57,Male,>50K
45,12,40,Female,<=50K
57,5,45,Male,<=50K
35,9,40,Male,<=50K
23,10,35,Female,<=50K
56,9,35,Female,<=50K
42,14,22,Male,<=50K
41,13,40,Male,<=50K
39,9,40,Female,<=50K
30,9,75,Male,<=50K
45,10,40,Female,<=50K
23,6,40,Male,<=50K
38,9,40,Male,>50K
17,7,40,Male,<=50K
49,9,60,Male,<=50K
32,9,60,Male,<=50K
50,14,50,Male,>50K
62,9,25,Male,<=50K
30,10,40,Male,<=50K
38,13,40,Male,<=50K
40,9,40,Male,>50K
26,9,40,Male,<=50K
22,10,55,Female,<=50K
62,4,66,Female,<=50K
30,10,40,Female,<=50K
46,5,40,Male,<=50K
58,4,40,Female,<=50K
45,5,40,Male,>50K
63,13,54,Male,>50K
44,13,40,Female,>50K
57,10,40,Male,>50K
17,7,15,Female,<=50K
52,10,45,Male,>50K
53,10,40,Male,>50K
41,10,25,Female,<=50K
37,12,40,Male,>50K
29,10,40,Female,<=50K
54,9,43,Female,<=50K
36,9,40,Male,>50K
27,13,48,Female,<=50K
52,14,50,Female,<=50K
26,9,40,Female,<=50K
34,5,35,Female,<=50K
37,10,48,Male,<=50K
49,10,40,Female,<=50K
29,11,55,Male,<=50K
68,9,40,Male,<=50K
55,14,55,Male,>50K
21,10,8,Female,<=50K
37,10,37,Female,<=50K
53,14,40,Male,>50K
22,9,28,Female,<=50K
19,10,40,Male,<=50K
50,13,50,Male,>50K
29,13,50,Male,>50K
29,6,30,Female,<=50K
49,9,40,Male,<=50K
56,9,40,Male,<=50K
27,9,60,Male,<=50K
28,10,90,Male,<=50K
21,10,40,Male,<=50K
26,7,40,Female,<=50K
51,9,84,Male,<=50K
45,9,40,Male,<=50K
49,13,40,Female,<=50K
25,13,15,Female,<=50K
57,10,50,Male,>50K
44,9,40,Male,<=50K
38,10,40,Male,<=50K
44,10,60,Female,<=50K
25,9,40,Male,<=50K
52,9,30,Female,<=50K
31,9,40,Male,<=50K
25,10,40,Male,<=50K
42,10,40,Male,<=50K
53,5,40,Male,<=50K
35,10,58,Male,<=50K
33,10,40,Male,<=50K
26,13,20,Female,<=50K
45,10,60,Female,<=50K
60,10,35,Male,>50K
24,13,40,Male,<=50K
19,9,50,Male,<=50K
49,14,70,Female,<=50K
56,9,40,Male,<=50K
42,14,40,Female,<=50K
63,14,40,Female,>50K
20,9,45,Male,<=50K
22,10,20,Female,<=50K
18,9,24,Female,<=50K
36,10,40,Male,>50K
42,10,40,Male,<=50K
33,9,40,Male,<=50K
50,13,40,Male,<=50K
39,10,50,Male,>50K
26,9,40,Male,<=50K
51,3,40,Male,<=50K
25,9,50,Male,<=50K
29,3,42,Male,<=50K
26,14,40,Female,<=50K
46,9,40,Female,<=50K
30,7,40,Male,<=50K
36,13,45,Female,>50K
66,4,48,Male,<=50K
44,10,38,Male,>50K
24,13,40,Female,<=50K
58,9,40,Male,<=50K
58,9,40,Male,<=50K
34,10,84,Male,>50K
56,15,55,Male,>50K
21,9,40,Female,<=50K
18,10,30,Male,<=50K
43,9,40,Male,>50K
27,9,48,Male,<=50K
62,2,30,Female,<=50K
22,10,40,Female,<=50K
35,9,40,Female,<=50K
36,11,60,Male,>50K
33,11,40,Male,<=50K
50,9,32,Male,<=50K
48,9,40,Male,<=50K
17,7,20,Female,<=50K
19,10,20,Male,<=50K
37,9,40,Male,<=50K
30,9,40,Male,>50K
19,9,30,Female,<=50K
51,9,38,Female,<=50K
33,5,50,Male,<=50K
47,9,40,Female,<=50K
52,16,40,Male,>50K
34,9,65,Male,<=50K
48,9,40,Female,<=50K
19,10,22,Female,<=50K
45,13,40,Male,>50K
25,9,40,Male,<=50K
56,9,45,Male,<=50K
56,13,40,Female,>50K
33,10,40,Male,>50K
42,15,40,Female,>50K
48,13,60,Male,>50K
33,10,40,Male,>50K
46,9,40,Male,>50K
61,2,40,Male,<=50K
43,9,68,Male,>50K
30,3,40,Male,<=50K
36,13,40,Male,>50K
20,10,25,Male,<=50K
27,10,40,Male,<=50K
45,16,30,Female,>50K
20,10,36,Female,<=50K
30,11,35,Female,<=50K
44,14,40,Male,>50K
46,9,40,Male,>50K
47,13,40,Male,<=50K
45,10,20,Female,>50K
45,13,40,Male,<=50K
23,13,40,Female,<=50K
47,9,35,Male,<=50K
58,16,50,Male,>50K
31,9,55,Male,<=50K
46,7,48,Male,<=50K
37,13,50,Male,<=50K
36,9,52,Male,<=50K
59,9,40,Female,>50K
52,9,60,Male,<=50K
35,11,60,Male,<=50K
19,7,30,Female,<=50K
51,10,50,Female,<=50K
62,13,40,Male,>50K
43,13,35,Male,<=50K
68,9,40,Male,>50K
17,6,25,Female,<=50K
49,9,40,Male,<=50K
24,10,40,Female,<=50K
64,9,17,Female,<=50K
23,5,40,Male,<=50K
78,9,40,Female,<=50K
19,9,42,Female,<=50K
65,14,40,Female,<=50K
37,11,35,Female,>50K
47,15,40,Male,>50K
59,4,38,Female,<=50K
34,10,50,Male,<=50K
23,13,20,Male,<=50K
26,9,40,Female,<=50K
35,9,50,Male,<=50K
38,15,32,Female,<=50K
25,13,50,Female,<=50K
66,9,40,Female,<=50K
52,9,40,Female,<=50K
39,13,50,Male,>50K
20,9,40,Male,<=50K
21,10,10,Female,<=50K
40,13,60,Female,>50K
55,9,40,Male,<=50K
27,13,50,Male,<=50K
34,10,45,Male,<=50K
53,14,40,Male,<=50K
45,10,40,Male,<=50K
25,9,40,Male,<=50K
46,9,40,Male,<=50K
51,6,45,Male,<=50K
36,9,40,Male,<=50K
30,14,40,Male,>50K
52,7,40,Male,<=50K
51,4,40,Male,<=50K
17,6,20,Female,<=50K
51,9,38,Female,<=50K
30,9,45,Male,<=50K
29,10,35,Male,<=50K
64,5,40,Male,<=50K
60,4,40,Male,<=50K
46,10,35,Male,<=50K
19,10,20,Male,<=50K
23,13,40,Male,<=50K
48,4,40,Male,<=50K
35,9,54,Female,<=50K
27,10,60,Male,<=50K
46,13,40,Male,>50K
20,9,40,Male,<=50K
31,9,40,Male,<=50K
57,9,54,Female,<=50K
56,12,45,Male,>50K
26,13,38,Male,<=50K
22,10,40,Female,<=50K
40,12,44,Male,<=50K
26,12,40,Female,<=50K
55,14,40,Male,<=50K
45,9,40,Female,<=50K
40,9,50,Male,<=50K
22,9,40,Male,<=50K
30,8,40,Female,<=50K
33,13,30,Female,<=50K
20,10,40,Female,<=50K
68,9,50,Male,>50K
53,14,50,Male,>50K
41,14,50,Male,<=50K
29,9,50,Male,<=50K
35,2,40,Male,<=50K
34,14,40,Male,>50K
46,2,40,Female,<=50K
19,10,10,Female,<=50K
48,9,40,Male,>50K
38,9,45,Male,>50K
71,9,35,Male,<=50K
52,11,40,Male,>50K
50,14,50,Male,>50K
55,10,10,Female,<=50K
20,10,40,Female,<=50K
39,5,35,Male,<=50K
30,9,40,Female,<=50K
22,10,8,Male,<=50K
33,9,41,Female,<=50K
56,13,30,Male,<=50K
40,9,50,Male,<=50K
27,9,40,Male,<=50K
21,10,14,Female,<=50K
76,13,20,Female,<=50K
20,10,40,Male,<=50K
30,9,40,Male,<=50K
38,11,39,Female,<=50K
69,13,45,Male,>50K
27,9,35,Female,<=50K
40,13,60,Male,<=50K
39,12,56,Female,<=50K
59,14,40,Male,>50K
38,9,30,Male,<=50K
29,10,40,Female,<=50K
65,7,20,Male,<=50K
38,10,40,Male,<=50K
17,9,40,Female,<=50K
35,9,40,Male,<=50K
32,13,40,Male,>50K
45,4,10,Male,<=50K
45,3,40,Male,<=50K
52,9,99,Male,<=50K
50,9,60,Male,>50K
52,9,40,Female,<=50K
25,9,10,Male,<=50K
57,14,40,Female,<=50K
36,9,40,Male,<=50K
44,10,40,Male,>50K
71,3,40,Male,<=50K
32,10,65,Male,<=50K
29,7,40,Male,<=50K
26,6,32,Female,<=50K
34,9,40,Male,<=50K
40,12,42,Male,>50K
24,9,40,Male,<=50K
46,10,40,Female,<=50K
19,10,22,Male,<=50K
27,10,32,Male,<=50K
27,9,43,Male,<=50K
44,10,35,Male,<=50K
22,10,40,Female,<=50K
34,13,50,Female,<=50K
41,9,42,Male,>50K
28,10,70,Male,<=50K
31,9,45,Male,<=50K
69,9,35,Male,<=50K
59,9,40,Male,<=50K
53,9,35,Male,<=50K
32,13,50,Male,>50K
35,10,50,Male,<=50K
33,10,41,Male,>50K
42,9,40,Male,<=50K
30,14,46,Male,>50K
50,11,40,Male,>50K
61,10,56,Male,<=50K
54,14,40,Male,<=50K
53,5,40,Male,<=50K
17,7,20,Female,<=50K
63,10,40,Female,<=50K
59,9,40,Male,>50K
40,15,30,Female,>50K
30,9,40,Female,<=50K
41,14,50,Female,>50K
45,11,32,Female,<=50K
37,10,40,Male,<=50K
36,9,40,Male,<=50K
49,10,50,Male,>50K
70,11,35,Female,<=50K
31,14,40,Male,>50K
38,13,63,Male,>50K
43,9,40,Male,<=50K
47,10,40,Male,>50K
55,10,40,Male,>50K
42,13,40,Male,<=50K
17,6,10,Female,<=50K
45,13,40,Male,<=50K
21,10,10,Male,<=50K
19,9,25,Male,<=50K
56,9,84,Male,<=50K
38,13,40,Male,>50K
51,2,35,Female,<=50K
59,9,40,Female,<=50K
24,10,60,Male,<=50K
21,10,20,Female,<=50K
35,15,75,Male,>50K
29,9,20,Female,<=50K
38,13,56,Male,<=50K
44,10,35,Female,<=50K
62,9,40,Female,<=50K
31,7,40,Male,<=50K
27,11,40,Male,<=50K
34,9,50,Male,>50K
24,9,45,Male,<=50K
46,10,40,Female,<=50K
56,7,55,Male,<=50K
40,10,40,Male,<=50K
58,14,40,Female,<=50K
38,10,40,Male,<=50K
21,10,30,Female,<=50K
58,9,40,Female,<=50K
33,9,40,Female,<=50K
23,10,20,Male,<=50K
49,13,40,Male,<=50K
21,9,35,Male,<=50K
59,9,40,Female,<=50K
26,9,40,Female,<=50K
37,10,42,Male,>50K
28,10,40,Female,<=50K
24,6,65,Male,<=50K
22,6,25,Male,<=50K
35,9,40,Female,<=50K
38,9,40,Female,<=50K
36,12,60,Female,<=50K
32,14,40,Female,<=50K
23,10,40,Male,<=50K
24,10,40,Female,<=50K
78,9,12,Female,<=50K
32,9,40,Male,<=50K
57,9,40,Female,<=50K
48,15,48,Male,>50K
66,4,40,Male,<=50K
47,9,40,Male,<=50K
43,9,35,Male,>50K
28,10,40,Male,<=50K
27,9,45,Male,<=50K
19,10,35,Male,<=50K
31,13,50,Male,>50K
53,10,40,Female,<=50K
20,10,40,Male,<=50K
51,13,55,Male,>50K
27,9,40,Male,<=50K
28,5,50,Male,<=50K
39,9,40,Male,>50K
75,14,50,Female,<=50K
29,9,40,Female,<=50K
36,9,40,Male,>50K
39,14,45,Male,>50K
49,11,60,Male,>50K
17,6,12,Male,<=50K
47,11,40,Female,<=50K
30,9,40,Female,<=50K
47,8,40,Male,<=50K
44,10,40,Female,<=50K
36,11,40,Male,<=50K
22,13,40,Male,<=50K
47,9,40,Male,<=50K
57,9,40,Female,<=50K
55,15,40,Male,>50K
43,9,45,Male,<=50K
57,3,40,Female,<=50K
34,13,60,Male,>50K
30,12,15,Female,<=50K
19,6,35,Female,<=50K
45,14,50,Male,>50K
32,13,35,Female,<=50K
35,10,40,Female,<=50K
44,10,6,Female,>50K
19,9,15,Female,<=50K
18,7,12,Male,<=50K
31,9,40,Female,<=50K
31,12,40,Male,>50K
25,7,40,Female,<=50K
54,13,40,Male,>50K
33,9,40,Male,<=50K
34,11,40,Male,<=50K
38,9,40,Male,<=50K
29,10,15,Male,<=50K
34,13,40,Male,>50K
38,10,60,Male,<=50K
18,8,20,Male,<=50K
60,14,40,Male,<=50K
28,14,40,Female,<=50K
49,14,40,Female,<=50K
32,9,38,Female,<=50K
27,9,40,Male,<=50K
66,13,6,Male,<=50K
52,10,35,Male,<=50K
33,10,40,Male,<=50K
22,10,35,Female,<=50K
20,10,30,Female,<=50K
43,10,40,Female,<=50K
30,9,66,Male,<=50K
44,9,40,Male,>50K
61,14,60,Male,>50K
17,7,15,Male,<=50K
41,2,40,Male,<=50K
33,9,45,Male,<=50K
63,13,40,Male,<=50K
25,9,35,Female,<=50K
20,10,30,Male,<=50K
28,10,40,Male,<=50K
30,9,72,Female,<=50K
32,14,60,Female,>50K
47,9,40,Male,>50K
33,7,34,Female,<=50K
49,16,50,Female,>50K
57,12,40,Male,<=50K
41,9,50,Male,<=50K
35,9,40,Female,<=50K
38,13,40,Female,<=50K
53,16,37,Female,>50K
32,10,55,Male,<=50K
52,9,40,Male,<=50K
21,11,36,Female,<=50K
34,9,50,Male,<=50K
31,10,25,Male,<=50K
35,10,48,Male,>50K
30,9,40,Male,<=50K
50,10,25,Male,<=50K
28,11,30,Female,<=50K
20,9,30,Female,<=50K
19,10,60,Male,<=50K
65,9,10,Male,<=50K
52,6,47,Male,>50K
27,12,40,Male,<=50K
37,15,55,Male,>50K
48,13,40,Male,<=50K
28,9,40,Female,<=50K
33,9,30,Female,<=50K
42,10,45,Male,<=50K
20,10,35,Male,<=50K
28,9,40,Male,<=50K
46,10,60,Male,>50K
47,4,40,Male,<=50K
24,10,24,Female,<=50K
44,9,45,Male,<=50K
25,9,40,Female,<=50K
19,10,10,Female,<=50K
46,9,40,Male,<=50K
29,9,40,Male,<=50K
52,10,56,Male,>50K
45,10,40,Female,<=50K
54,9,50,Male,<=50K
41,10,40,Female,<=50K
40,9,40,Male,<=50K
56,14,16,Male,<=50K
42,10,25,Male,>50K
25,13,40,Male,<=50K
62,10,24,Male,<=50K
41,9,40,Male,<=50K
36,13,50,Male,>50K
21,9,45,Male,<=50K
44,10,40,Male,<=50K
18,7,20,Female,<=50K
38,9,44,Male,>50K
55,10,50,Male,>50K
26,13,60,Male,<=50K
25,9,40,Male,<=50K
22,10,30,Female,<=50K
35,13,40,Male,<=50K
51,13,40,Female,<=50K
17,8,25,Male,<=50K
27,12,37,Female,<=50K
51,15,50,Female,>50K
22,9,40,Female,<=50K
58,14,40,Male,>50K
44,9,30,Male,<=50K
36,5,40,Male,<=50K
30,11,40,Male,<=50K
22,10,20,Female,<=50K
27,9,40,Male,<=50K
20,9,20,Female,<=50K
34,9,40,Male,>50K
39,14,65,Female,>50K
30,10,60,Male,<=50K
75,7,40,Male,<=50K
26,9,40,Male,<=50K
31,9,40,Male,<=50K
66,6,38,Female,<=50K
22,11,20,Male,<=50K
60,9,40,Female,<=50K
31,9,40,Female,<=50K
33,13,51,Male,<=50K
36,14,40,Female,<=50K
29,10,40,Female,<=50K
33,13,52,Male,>50K
30,7,40,Male,<=50K
28,9,50,Male,<=50K
29,13,45,Female,<=50K
32,9,40,Male,<=50K
31,8,40,Male,<=50K
26,13,40,Male,<=50K
27,9,52,Female,<=50K
20,10,40,Female,<=50K
47,15,40,Male,>50K
53,10,40,Female,<=50K
40,9,32,Female,<=50K
40,13,55,Male,>50K
23,11,55,Male,>50K
53,14,40,Male,<=50K
54,13,40,Male,>50K
23,9,40,Female,<=50K
27,9,60,Male,<=50K
27,3,45,Male,<=50K
36,13,40,Male,>50K
21,10,30,Female,<=50K
41,14,40,Female,>50K
33,9,50,Male,<=50K
49,9,40,Male,<=50K
45,9,50,Male,>50K
49,9,40,Male,<=50K
44,9,50,Male,>50K
28,14,35,Female,>50K
20,10,35,Male,<=50K
42,13,72,Male,>50K
27,9,40,Male,<=50K
41,7,48,Male,<=50K
40,9,40,Female,<=50K
21,10,35,Female,<=50K
23,13,40,Female,<=50K
24,10,53,Female,<=50K
52,9,40,Female,<=50K
45,12,66,Male,<=50K
38,13,40,Male,<=50K
46,11,42,Male,<=50K
20,5,40,Male,<=50K
34,9,40,Male,<=50K
46,7,40,Male,>50K
29,10,30,Female,<=50K
34,10,48,Male,<=50K
22,13,35,Female,<=50K
40,13,20,Female,<=50K
46,11,40,Male,>50K
30,13,60,Male,>50K
39,13,45,Male,<=50K
45,14,45,Female,<=50K
41,10,40,Male,<=50K
35,13,50,Male,>50K
31,13,40,Female,<=50K
29,9,50,Male,>50K
29,13,45,Male,<=50K
53,13,40,Male,>50K
18,9,30,Male,<=50K
47,3,50,Male,<=50K
62,13,35,Female,<=50K
77,9,35,Male,>50K
58,14,46,Male,>50K
55,9,35,Female,<=50K
56,13,40,Male,<=50K
31,9,40,Female,>50K
29,13,40,Male,<=50K
39,11,20,Female,>50K
17,7,7,Female,<=50K
52,9,50,Male,<=50K
31,9,40,Male,>50K
17,6,25,Male,<=50K
31,14,90,Male,>50K
21,10,40,Male,<=50K
52,9,20,Male,>50K
17,6,10,Female,<=50K
21,13,40,Male,<=50K
36,9,16,Female,<=50K
33,10,40,Male,<=50K
27,7,60,Male,<=50K
39,9,35,Male,<=50K
40,16,40,Male,>50K
20,9,40,Male,<=50K
20,10,30,Male,<=50K
23,9,40,Female,<=50K
42,11,40,Male,>50K
44,10,40,Male,>50K
28,7,40,Female,<=50K
57,7,52,Male,<=50K
26,13,40,Female,<=50K
21,10,40,Male,<=50K
39,9,40,Female,<=50K
30,9,40,Male,<=50K
68,14,20,Female,<=50K
39,7,40,Male,<=50K
23,10,35,Female,<=50K
37,9,99,Male,>50K
44,9,32,Male,<=50K
47,9,40,Male,<=50K
35,13,40,Male,>50K
23,13,40,Female,<=50K
51,9,50,Male,>50K
62,4,40,Male,<=50K
73,9,15,Female,<=50K
70,5,25,Female,<=50K
58,9,25,Male,<=50K
37,13,60,Male,<=50K
39,10,80,Male,>50K
53,12,80,Male,>50K
25,3,40,Male,<=50K
70,10,40,Male,>50K
40,10,20,Female,<=50K
24,9,50,Male,<=50K
22,13,40,Male,<=50K
28,13,30,Male,<=50K
59,9,50,Male,<=50K
17,6,15,Female,<=50K
63,9,40,Female,<=50K
58,9,40,Male,<=50K
33,6,40,Female,<=50K
48,6,40,Female,<=50K
49,9,40,Male,<=50K
23,9,40,Male,<=50K
31,14,40,Female,>50K
23,9,40,Female,<=50K
39,11,40,Male,<=50K
41,3,40,Female,<=50K
49,4,20,Male,<=50K
30,9,28,Male,<=50K
18,9,40,Female,<=50K
36,9,30,Male,<=50K
44,15,40,Male,>50K
37,10,50,Male,>50K
71,5,39,Male,<=50K
51,10,55,Male,<=50K
37,9,40,Female,<=50K
26,9,50,Male,<=50K
25,10,40,Male,<=50K
19,9,40,Male,<=50K
36,9,60,Male,>50K
40,10,40,Male,<=50K
22,10,35,Female,<=50K
26,13,60,Male,<=50K
34,9,20,Female,<=50K
90,13,55,Male,<=50K
39,13,50,Male,>50K
24,13,50,Male,<=50K
43,16,40,Female,<=50K
60,9,40,Male,>50K
26,9,40,Male,<=50K
56,3,40,Male,<=50K
32,13,45,Male,<=50K
55,9,40,Female,<=50K
28,9,40,Female,>50K
28,9,40,Male,<=50K
37,10,55,Male,<=50K
52,9,40,Male,<=50K
57,4,45,Male,<=50K
57,14,40,Male,>50K
18,6,30,Male,<=50K
54,9,32,Male,<=50K
21,10,40,Male,<=50K
41,10,43,Male,<=50K
69,13,40,Male,<=50K
28,13,50,Male,<=50K
33,9,19,Female,<=50K
66,13,40,Male,>50K
53,2,40,Female,<=50K
46,14,40,Male,<=50K
21,9,25,Female,<=50K
17,7,20,Male,<=50K
35,9,40,Male,<=50K
52,9,99,Female,>50K
20,10,30,Male,<=50K
60,14,38,Male,>50K
63,9,25,Male,<=50K
33,9,40,Female,<=50K
34,9,15,Female,<=50K
41,10,50,Male,<=50K
66,9,86,Male,>50K
24,9,40,Male,<=50K
36,9,30,Female,<=50K
27,9,40,Male,<=50K
46,16,40,Male,<=50K
18,9,40,Male,<=50K
57,10,48,Male,>50K
36,13,40,Male,>50K
21,10,30,Male,<=50K
38,10,38,Female,<=50K
35,13,42,Male,<=50K
69,10,20,Female,<=50K
47,13,50,Female,<=50K
64,10,40,Female,<=50K
63,4,40,Male,<=50K
54,9,35,Male,<=50K
31,10,40,Female,<=50K
48,10,40,Male,>50K
31,12,40,Male,<=50K
20,10,40,Female,<=50K
42,9,40,Male,<=50K
49,10,30,Female,<=50K
29,9,38,Male,<=50K
39,9,45,Female,<=50K
34,13,15,Female,<=50K
42,13,45,Male,>50K
23,12,20,Male,<=50K
34,13,48,Male,<=50K
20,10,40,Female,<=50K
41,13,50,Male,>50K
25,13,40,Male,>50K
53,13,40,Male,<=50K
48,10,40,Male,<=50K
17,6,20,Female,<=50K
63,10,15,Male,<=50K
33,13,40,Male,>50K
59,10,40,Female,<=50K
37,10,40,Male,<=50K
49,9,60,Male,<=50K
32,7,40,Female,<=50K
30,9,55,Male,<=50K
36,9,50,Male,<=50K
28,13,45,Male,<=50K
57,9,40,Male,<=50K
42,9,35,Female,<=50K
47,9,40,Female,<=50K
47,9,40,Female,<=50K
52,10,37,Male,>50K
43,13,60,Female,<=50K
40,13,40,Male,<=50K
56,13,40,Male,>50K
31,9,60,Male,<=50K
44,14,56,Male,>50K
59,13,40,Female,<=50K
24,9,40,Female,<=50K
40,9,45,Male,<=50K
38,11,50,Male,>50K
37,15,60,Male,>50K
25,12,40,Female,<=50K
41,9,40,Male,<=50K
36,13,50,Male,>50K
34,9,40,Female,<=50K
59,7,60,Male,<=50K
29,9,30,Female,<=50K
27,13,40,Male,>50K
25,10,15,Male,<=50K
27,13,90,Female,>50K
31,13,40,Male,<=50K
34,10,50,Male,<=50K
48,16,60,Male,>50K
60,9,40,Female,<=50K
28,9,40,Female,<=50K
31,9,50,Male,<=50K
39,4,40,Male,<=50K
34,10,40,Male,<=50K
45,4,20,Female,<=50K
29,3,40,Male,<=50K
42,9,48,Male,>50K
43,10,40,Female,<=50K
29,9,55,Male,<=50K
51,10,40,Female,<=50K
46,14,35,Male,>50K
19,9,20,Female,<=50K
45,13,70,Female,<=50K
67,13,20,Male,>50K
25,9,25,Female,<=50K
33,10,50,Male,<=50K
47,15,35,Male,<=50K
29,10,45,Male,<=50K
24,13,35,Female,<=50K
19,10,40,Male,<=50K
24,10,40,Male,<=50K
33,10,40,Female,>50K
37,9,45,Male,>50K
22,10,40,Male,<=50K
39,9,65,Male,<=50K
26,10,40,Female,<=50K
33,16,55,Male,>50K
32,14,50,Female,>50K
53,10,22,Female,<=50K
41,14,75,Male,>50K
26,9,40,Female,<=50K
25,14,55,Male,<=50K
41,3,40,Male,<=50K
22,10,35,Male,<=50K
42,9,40,Female,<=50K
61,14,60,Male,>50K
42,15,38,Male,<=50K
44,11,51,Male,>50K
43,9,40,Female,<=50K
31,9,40,Male,<=50K
37,9,40,Female,<=50K
57,9,30,Male,>50K
45,11,40,Male,>50K
44,13,50,Male,>50K
25,4,60,Male,<=50K
90,15,72,Male,>50K
34,12,10,Female,<=50K
26,15,60,Male,>50K
28,10,40,Male,<=50K
40,9,47,Female,<=50K
38,14,20,Male,<=50K
21,10,12,Female,<=50K
38,10,30,Male,<=50K
25,9,40,Female,<=50K
43,10,40,Male,<=50K
19,4,80,Male,<=50K
35,14,55,Female,<=50K
31,9,40,Female,<=50K
23,7,50,Male,<=50K
39,10,40,Male,>50K
33,9,45,Male,>50K
49,10,60,Female,>50K
52,9,20,Female,<=50K
30,10,40,Female,<=50K
38,9,50,Male,<=50K
51,7,40,Male,<=50K
44,13,40,Male,<=50K
20,10,40,Female,<=50K
41,13,40,Male,>50K
44,4,50,Male,<=50K
33,9,35,Female,<=50K
35,9,40,Male,>50K
51,9,8,Female,<=50K
24,7,45,Male,<=50K
39,9,70,Female,<=50K
23,10,40,Female,<=50K
23,13,40,Female,<=50K
60,16,60,Male,>50K
37,13,40,Female,<=50K
57,14,40,Male,>50K
27,9,40,Female,<=50K
47,3,40,Female,<=50K
18,10,40,Male,<=50K
39,9,40,Male,>50K
32,9,40,Male,<=50K
66,10,20,Male,<=50K
33,10,40,Male,<=50K
24,9,40,Male,<=50K
27,9,40,Female,<=50K
22,10,44,Female,<=50K
54,13,45,Male,>50K
21,9,40,Male,<=50K
40,9,24,Male,<=50K
60,13,40,Male,<=50K
44,13,40,Male,>50K
52,3,40,Female,<=50K
20,7,40,Male,<=50K
50,9,40,Male,<=50K
63,8,40,Male,<=50K
54,9,40,Male,>50K
47,9,40,Male,<=50K
49,9,40,Female,<=50K
40,9,20,Female,<=50K
49,13,40,Male,>50K
48,14,60,Male,<=50K
61,13,20,Male,>50K
27,10,40,Male,>50K
66,4,10,Female,<=50K
32,12,80,Male,<=50K
26,10,40,Male,<=50K
37,9,40,Male,<=50K
35,13,45,Male,>50K
28,9,40,Male,<=50K
33,13,38,Male,<=50K
23,12,52,Male,<=50K
50,14,55,Male,>50K
49,10,40,Male,<=50K
26,14,50,Female,<=50K
45,10,40,Male,<=50K
39,10,43,Male,>50K
41,16,50,Male,>50K
41,13,45,Male,>50K
30,13,60,Male,<=50K
59,9,40,Female,<=50K
38,9,10,Female,<=50K
24,10,40,Male,<=50K
76,5,13,Male,<=50K
43,9,40,Female,<=50K
47,13,50,Male,>50K
50,13,60,Male,>50K
25,13,40,Male,<=50K
35,9,48,Male,>50K
29,10,50,Male,>50K
29,13,55,Male,>50K
47,11,45,Male,>50K
77,9,25,Male,<=50K
18,8,20,Female,<=50K
26,13,64,Male,>50K
52,14,40,Female,<=50K
43,15,99,Male,>50K
41,9,48,Male,>50K
22,10,40,Female,<=50K
40,9,63,Male,<=50K
35,10,50,Male,>50K
90,9,40,Male,<=50K
24,9,70,Male,<=50K
21,10,40,Male,<=50K
66,6,50,Male,<=50K
29,10,45,Male,<=50K
26,13,40,Female,<=50K
23,10,40,Male,<=50K
57,14,80,Male,<=50K
28,10,40,Male,<=50K
23,10,25,Male,<=50K
27,9,40,Male,<=50K
45,9,24,Male,<=50K
33,10,40,Female,<=50K
58,16,8,Male,<=50K
63,15,40,Male,>50K
52,10,60,Male,<=50K
64,9,40,Male,<=50K
30,14,40,Male,<=50K
40,10,50,Male,>50K
55,9,40,Female,<=50K
54,13,65,Male,<=50K
36,9,40,Male,<=50K
30,10,40,Male,>50K
38,9,40,Male,>50K
37,10,70,Male,<=50K
57,9,40,Female,<=50K
53,10,50,Male,>50K
44,11,40,Male,<=50K
34,10,40,Female,<=50K
30,9,40,Male,<=50K
24,13,45,Female,<=50K
48,10,50,Male,<=50K
42,14,35,Female,<=50K
53,9,40,Male,<=50K
36,10,45,Male,<=50K
42,7,40,Female,<=50K
35,9,40,Male,<=50K
45,6,40,Female,<=50K
52,9,40,Male,>50K
25,10,65,Female,<=50K
25,10,40,Male,<=50K
18,8,20,Female,<=50K
41,11,30,Male,<=50K
18,10,30,Male,<=50K
30,9,40,Male,>50K
25,10,45,Male,<=50K
58,9,40,Female,<=50K
29,9,34,Male,<=50K
18,9,40,Female,<=50K
18,9,30,Female,<=50K
18,9,60,Male,<=50K
28,14,50,Male,<=50K
31,13,45,Female,<=50K
33,9,40,Male,>50K
38,9,50,Male,<=50K
41,9,60,Female,<=50K
33,10,40,Female,<=50K
22,10,40,Female,<=50K
47,14,40,Male,<=50K
48,13,40,Male,>50K
37,16,60,Male,<=50K
25,13,35,Female,<=50K
47,9,40,Female,<=50K
21,9,40,Female,<=50K
38,13,50,Male,<=50K
23,7,25,Male,<=50K
39,13,45,Male,<=50K
44,4,38,Male,<=50K
58,6,40,Female,<=50K
32,11,45,Male,>50K
41,13,52,Male,<=50K
37,9,16,Female,<=50K
58,10,40,Female,<=50K
40,9,40,Female,>50K
46,13,55,Male,>50K
34,9,48,Male,<=50K
46,13,35,Male,>50K
20,9,60,Male,<=50K
25,9,40,Male,<=50K
28,16,60,Female,>50K
27,5,40,Male,<=50K
34,14,40,Female,<=50K
35,9,40,Female,<=50K
39,4,40,Male,<=50K
31,9,40,Male,<=50K
19,9,40,Female,<=50K
56,9,55,Male,>50K
32,10,20,Female,<=50K
44,13,40,Male,<=50K
21,9,25,Male,<=50K
20,10,25,Female,<=50K
30,13,70,Male,<=50K
25,9,40,Male,<=50K
29,11,40,Female,<=50K
34,10,40,Male,<=50K
27,10,45,Female,<=50K
40,13,40,Male,>50K
23,9,37,Male,<=50K
44,13,50,Male,>50K
26,13,40,Male,<=50K
42,13,50,Male,>50K
67,10,15,Male,>50K
50,9,50,Male,>50K
25,9,30,Male,<=50K
36,12,40,Male,>50K
50,9,40,Male,<=50K
70,3,40,Male,<=50K
26,9,52,Male,<=50K
46,9,43,Male,>50K
32,13,45,Male,<=50K
63,9,40,Male,<=50K
56,9,35,Female,<=50K
27,11,40,Male,<=50K
17,6,30,Female,<=50K
56,9,10,Female,<=50K
50,9,12,Female,<=50K
42,14,65,Male,<=50K
36,9,40,Male,<=50K
30,8,40,Female,<=50K
29,12,50,Male,<=50K
36,13,50,Male,>50K
45,9,50,Male,>50K
45,9,40,Female,<=50K
22,9,40,Male,<=50K
55,10,45,Male,<=50K
17,7,20,Female,<=50K
26,10,40,Male,>50K
49,9,35,Male,<=50K
23,13,40,Female,<=50K
45,11,40,Male,<=50K
45,9,40,Female,<=50K
20,9,40,Male,<=50K
29,12,43,Male,<=50K
34,9,40,Male,<=50K
54,13,40,Male,<=50K
51,9,40,Male,<=50K
44,9,40,Male,<=50K
64,5,45,Male,<=50K
22,9,40,Male,<=50K
40,9,40,Male,<=50K
60,9,40,Female,>50K
56,14,39,Female,<=50K
25,7,40,Male,<=50K
40,9,25,Female,<=50K
46,7,40,Male,<=50K
41,13,40,Male,<=50K
44,9,68,Male,<=50K
34,10,12,Female,>50K
46,9,55,Male,<=50K
43,15,60,Male,>50K
51,11,39,Male,>50K
17,7,16,Male,<=50K
23,10,37,Female,<=50K
20,10,8,Female,<=50K
24,10,35,Male,<=50K
70,13,20,Female,<=50K
27,9,45,Male,<=50K
28,13,40,Male,>50K
34,13,50,Male,<=50K
51,14,60,Male,>50K
59,6,30,Female,>50K
46,9,40,Male,<=50K
17,7,12,Male,<=50K
42,9,16,Male,<=50K
24,9,40,Male,<=50K
42,13,45,Female,>50K
24,7,39,Male,<=50K
61,15,30,Female,<=50K
25,13,50,Male,<=50K
31,5,40,Female,<=50K
29,10,40,Male,<=50K
32,10,30,Female,<=50K
23,12,40,Male,<=50K
26,4,75,Male,<=50K
41,10,40,Male,<=50K
55,4,40,Female,<=50K
23,10,20,Male,<=50K
52,9,45,Female,<=50K
63,14,50,Male,>50K
52,8,45,Male,<=50K
22,10,20,Male,<=50K
34,16,45,Male,>50K
20,9,50,Male,<=50K
47,13,55,Male,>50K
55,9,40,Female,>50K
46,10,40,Female,>50K
45,9,35,Female,<=50K
65,8,44,Male,<=50K
37,13,50,Male,<=50K
44,6,70,Male,<=50K
71,4,40,Male,>50K
53,9,40,Male,<=50K
35,9,40,Male,<=50K
25,7,40,Female,<=50K
50,14,50,Male,<=50K
20,10,12,Female,<=50K
57,9,38,Female,<=50K
31,5,40,Male,<=50K
75,9,20,Male,<=50K
24,9,20,Female,<=50K
52,9,40,Female,>50K
36,10,50,Male,<=50K
50,14,55,Male,>50K
23,9,45,Male,<=50K
41,9,99,Male,<=50K
43,15,55,Male,>50K
33,14,40,Female,<=50K
42,13,60,Male,<=50K
44,10,46,Female,<=50K
43,13,50,Male,<=50K
28,9,40,Male,<=50K
47,9,40,Female,<=50K
22,11,35,Female,<=50K
36,9,40,Male,<=50K
55,4,60,Female,<=50K
24,12,30,Male,<=50K
28,9,40,Male,<=50K
45,13,40,Male,>50K
33,12,40,Female,<=50K
19,7,40,Male,<=50K
18,9,20,Male,<=50K
36,9,50,Male,<=50K
27,14,46,Female,<=50K
21,10,25,Female,<=50K
32,13,72,Female,<=50K
30,10,25,Male,<=50K
40,10,40,Female,<=50K
42,13,50,Female,>50K
21,9,20,Female,<=50K
27,10,50,Male,<=50K
51,13,40,Male,>50K
55,10,52,Male,<=50K
37,9,60,Male,>50K
64,10,8,Male,<=50K
23,13,45,Female,<=50K
24,10,30,Female,<=50K
21,13,20,Male,<=50K
47,13,60,Male,>50K
23,10,24,Male,<=50K
36,13,50,Male,>50K
47,13,60,Female,>50K
27,10,40,Female,<=50K
38,9,35,Female,<=50K
32,9,40,Male,<=50K
39,10,40,Male,<=50K
48,10,55,Female,<=50K
57,9,40,Male,>50K
58,13,45,Male,>50K
30,13,40,Male,>50K
23,7,30,Male,<=50K
47,7,40,Male,<=50K
21,9,40,Male,<=50K
29,9,50,Male,<=50K
57,9,60,Male,>50K
18,10,20,Female,<=50K
38,9,32,Female,<=50K
28,13,40,Male,>50K
42,14,50,Female,>50K
22,13,40,Female,<=50K
43,13,40,Male,>50K
53,9,30,Male,<=50K
49,14,40,Male,>50K
52,8,40,Male,<=50K
22,6,40,Male,<=50K
38,13,40,Male,>50K
40,9,40,Female,<=50K
54,14,68,Male,>50K
25,14,20,Male,<=50K
43,7,60,Male,<=50K
31,12,40,Male,>50K
42,11,40,Female,<=50K
60,9,38,Female,<=50K
26,10,40,Male,<=50K
34,10,40,Male,<=50K
64,13,50,Male,>50K
44,10,40,Male,>50K
60,6,40,Male,<=50K
46,10,24,Male,<=50K
36,10,40,Female,<=50K
51,9,40,Male,<=50K
33,9,40,Male,<=50K
17,5,40,Male,<=50K
42,7,38,Female,<=50K
40,9,40,Male,>50K
23,9,30,Male,<=50K
59,9,40,Male,>50K
41,10,40,Male,<=50K
37,13,27,Female,<=50K
46,6,20,Female,<=50K
49,10,35,Female,<=50K
33,10,40,Male,>50K
29,10,40,Male,<=50K
21,10,40,Male,<=50K
26,9,40,Male,<=50K
46,12,40,Male,>50K
19,8,20,Female,<=50K
51,9,60,Male,>50K
30,6,18,Male,<=50K
24,9,40,Female,<=50K
39,9,40,Male,<=50K
72,7,40,Male,<=50K
48,9,50,Male,>50K
41,10,40,Male,<=50K
49,3,35,Male,<=50K
42,9,15,Female,<=50K
59,9,40,Male,<=50K
34,9,50,Male,<=50K
23,10,30,Female,<=50K
37,11,40,Male,<=50K
21,9,44,Female,<=50K
19,5,40,Male,<=50K
50,9,40,Male,>50K
44,13,50,Male,>50K
42,11,40,Male,>50K
39,10,50,Male,>50K
18,6,40,Male,<=50K
22,9,40,Male,<=50K
30,13,44,Male,<=50K
33,13,50,Male,>50K
41,9,15,Female,<=50K
64,4,48,Male,>50K
20,9,40,Female,<=50K
39,14,38,Female,>50K
27,9,20,Male,<=50K
55,9,50,Male,>50K
20,10,15,Male,<=50K
39,15,45,Male,>50K
61,4,40,Male,<=50K
46,9,17,Male,<=50K
62,9,43,Female,<=50K
56,4,20,Male,<=50K
58,13,50,Male,>50K
21,3,32,Male,<=50K
32,9,40,Male,<=50K
20,11,30,Male,<=50K
20,9,35,Female,<=50K
29,13,50,Male,<=50K
30,9,45,Male,<=50K
70,9,28,Female,<=50K
42,9,30,Female,<=50K
50,9,40,Male,>50K
43,9,45,Male,<=50K
23,9,48,Male,<=50K
32,9,35,Female,<=50K
51,10,40,Male,>50K
51,16,40,Male,>50K
50,10,48,Male,>50K
37,15,40,Male,>50K
27,13,50,Male,<=50K
34,9,40,Male,<=50K
25,12,45,Male,<=50K
36,10,20,Male,>50K
20,10,16,Female,<=50K
48,11,50,Male,>50K
42,9,40,Male,<=50K
24,11,55,Male,<=50K
49,14,50,Male,>50K
34,13,40,Male,>50K
41,13,45,Female,>50K
36,9,40,Male,<=50K
47,14,50,Male,>50K
31,9,45,Female,<=50K
33,9,40,Male,>50K
56,5,28,Female,<=50K
33,9,34,Male,<=50K
35,9,40,Female,<=50K
51,10,63,Female,<=50K
45,13,45,Male,>50K
47,16,45,Male,<=50K
70,10,40,Male,>50K
27,13,45,Male,>50K
42,10,40,Male,<=50K
63,10,30,Male,<=50K
36,10,40,Male,<=50K
35,9,30,Male,<=50K
21,10,38,Female,<=50K
44,10,40,Male,<=50K
50,14,40,Male,>50K
32,10,40,Female,<=50K
20,9,38,Female,<=50K
42,9,40,Male,<=50K
37,6,40,Male,<=50K
40,13,40,Female,<=50K
17,6,25,Male,<=50K
63,5,50,Male,<=50K
31,10,40,Male,<=50K
40,13,40,Female,<=50K
42,13,50,Male,>50K
67,10,10,Male,>50K
32,9,40,Male,<=50K
25,13,35,Female,<=50K
73,3,25,Female,<=50K
21,9,40,Male,<=50K
31,10,40,Male,<=50K
40,13,60,Male,>50K
40,10,20,Male,<=50K
19,9,60,Female,<=50K
42,13,37,Female,<=50K
73,10,40,Male,<=50K
41,13,40,Male,>50K
41,9,40,Male,<=50K
47,16,50,Male,>50K
39,9,45,Male,<=50K
51,10,40,Female,<=50K
26,13,20,Male,<=50K
22,10,40,Male,<=50K
32,10,40,Female,<=50K
65,9,40,Male,<=50K
64,9,20,Female,<=50K
28,9,40,Female,<=50K
32,3,60,Male,<=50K
49,9,40,Male,>50K
22,13,40,Female,<=50K
24,9,40,Female,<=50K
27,9,40,Male,<=50K
33,11,50,Male,>50K
19,7,15,Female,<=50K
17,7,10,Male,<=50K
25,10,45,Female,<=50K
60,6,40,Female,<=50K
29,10,55,Male,>50K
37,14,50,Male,>50K
62,7,40,Female,<=50K
56,9,40,Female,<=50K
26,13,58,Male,>50K
47,10,40,Male,>50K
19,9,40,Male,<=50K
36,11,40,Male,<=50K
46,13,40,Male,<=50K
28,9,40,Male,<=50K
52,10,72,Female,<=50K
36,15,55,Male,>50K
37,15,39,Female,>50K
43,11,45,Male,>50K
23,6,20,Female,<=50K
43,9,47,Female,>50K
21,10,24,Male,<=50K
25,10,40,Female,<=50K
42,9,40,Male,<=50K
36,9,40,Female,<=50K
49,9,50,Male,<=50K
48,12,42,Female,<=50K
46,10,40,Female,<=50K
21,10,40,Female,<=50K
54,10,50,Male,>50K
40,9,12,Female,<=50K
47,7,40,Male,<=50K
39,13,40,Female,<=50K
29,13,45,Male,<=50K
35,12,50,Male,<=50K
40,9,40,Male,<=50K
37,9,40,Male,<=50K
56,9,50,Male,<=50K
24,9,36,Female,<=50K
42,10,40,Female,<=50K
34,9,40,Male,<=50K
27,13,40,Female,<=50K
67,10,40,Male,>50K
24,12,30,Male,<=50K
32,9,32,Female,<=50K
39,14,45,Male,<=50K
29,9,40,Male,<=50K
22,10,35,Male,<=50K
26,7,35,Female,<=50K
30,7,38,Male,<=50K
63,9,40,Male,>50K
22,10,40,Female,<=50K
27,9,40,Female,<=50K
54,9,60,Male,>50K
46,13,40,Male,>50K
22,11,75,Male,<=50K
35,10,40,Male,<=50K
18,7,15,Male,<=50K
50,14,50,Male,>50K
30,9,25,Female,<=50K
50,9,51,Male,<=50K
18,7,20,Male,<=50K
26,13,48,Female,<=50K
20,10,6,Female,<=50K
28,9,40,Male,<=50K
51,4,42,Male,<=50K
26,13,40,Male,<=50K
32,13,45,Male,>50K
23,11,40,Female,<=50K
39,10,40,Female,<=50K
30,9,50,Female,<=50K
52,13,40,Male,>50K
18,7,30,Male,<=50K
17,5,24,Male,<=50K
36,9,40,Male,>50K
25,9,48,Female,<=50K
28,12,40,Male,<=50K
76,13,13,Male,>50K
37,9,40,Male,<=50K
35,9,40,Male,<=50K
24,10,40,Female,<=50K
18,9,25,Male,<=50K
29,13,4,Female,<=50K
52,10,60,Female,<=50K
49,9,50,Male,<=50K
26,9,40,Male,<=50K
55,14,40,Female,<=50K
32,11,40,Female,<=50K
62,10,40,Male,<=50K
18,7,25,Female,<=50K
68,13,40,Male,>50K
19,9,30,Female,<=50K
47,7,40,Female,<=50K
26,12,36,Female,<=50K
18,10,28,Male,<=50K
46,4,40,Male,<=50K
44,13,40,Male,>50K
29,13,40,Female,<=50K
51,10,40,Male,>50K
53,9,43,Male,>50K
23,10,20,Female,<=50K
35,11,99,Male,<=50K
21,9,30,Female,<=50K
22,13,15,Female,<=50K
43,9,48,Male,>50K
23,9,40,Male,<=50K
20,9,60,Male,<=50K
57,3,45,Male,<=50K
30,9,35,Female,<=50K
50,13,36,Male,>50K
27,7,40,Male,<=50K
49,9,40,Male,>50K
26,7,40,Male,<=50K
36,9,40,Male,<=50K
26,9,40,Male,<=50K
38,9,40,Male,>50K
46,9,40,Male,<=50K
18,8,10,Male,<=50K
52,9,45,Male,>50K
41,6,70,Male,<=50K
52,11,40,Male,>50K
61,15,40,Male,>50K
25,10,40,Male,<=50K
33,6,40,Male,<=50K
26,9,40,Male,<=50K
31,11,40,Male,<=50K
27,9,40,Male,<=50K
75,16,3,Male,<=50K
65,4,20,Male,<=50K
25,4,32,Female,<=50K
31,9,35,Female,<=50K
41,10,50,Male,<=50K
23,8,40,Male,<=50K
47,9,40,Female,<=50K
35,13,55,Male,>50K
58,13,40,Male,<=50K
58,16,50,Male,>50K
23,13,50,Male,<=50K
17,8,15,Male,<=50K
40,10,50,Male,<=50K
36,10,40,Male,>50K
54,9,40,Male,<=50K
59,9,40,Male,<=50K
47,13,60,Male,>50K
48,10,45,Male,<=50K
49,13,30,Female,>50K
25,14,40,Male,<=50K
33,13,40,Male,>50K
28,2,40,Female,<=50K
41,13,38,Male,<=50K
23,13,30,Female,<=50K
62,6,40,Male,<=50K
62,13,45,Male,<=50K
43,9,70,Male,>50K
53,13,40,Male,<=50K
62,13,50,Male,<=50K
50,9,40,Male,>50K
46,4,24,Female,<=50K
24,13,40,Female,<=50K
41,9,49,Male,>50K
34,9,40,Male,<=50K
26,9,40,Female,<=50K
27,10,40,Female,<=50K
22,10,35,Male,<=50K
33,13,45,Female,>50K
33,4,40,Male,<=50K
35,9,40,Female,>50K
51,12,60,Male,<=50K
29,14,40,Male,<=50K
25,12,45,Male,<=50K
40,10,36,Female,<=50K
64,9,40,Male,<=50K
29,13,40,Male,<=50K
28,10,50,Male,<=50K
58,14,40,Male,<=50K
40,15,45,Male,>50K
30,15,55,Male,<=50K
55,9,40,Female,<=50K
35,10,40,Male,<=50K
40,9,40,Male,>50K
52,13,40,Male,<=50K
46,9,60,Male,<=50K
39,10,20,Female,>50K
18,7,4,Female,<=50K
74,10,30,Female,>50K
35,13,60,Female,<=50K
55,10,50,Male,<=50K
37,9,40,Male,<=50K
35,10,50,Male,<=50K
31,12,40,Female,<=50K
45,9,20,Female,<=50K
25,9,40,Male,<=50K
38,10,45,Male,<=50K
24,10,30,Female,<=50K
46,10,50,Male,>50K
71,13,16,Male,<=50K
37,9,75,Male,<=50K
30,13,45,Male,<=50K
72,10,32,Male,<=50K
52,10,45,Male,>50K
33,9,40,Male,<=50K
38,13,40,Male,<=50K
33,9,88,Male,<=50K
53,13,40,Male,<=50K
21,10,40,Male,<=50K
32,14,38,Female,<=50K
45,9,40,Male,<=50K
67,3,49,Male,<=50K
25,9,50,Male,<=50K
65,13,40,Female,<=50K
39,13,40,Male,<=50K
30,13,55,Male,<=50K
60,6,40,Female,<=50K
31,9,48,Male,<=50K
44,10,45,Male,<=50K
62,8,37,Female,<=50K
56,9,40,Male,>50K
21,11,40,Male,<=50K
64,7,40,Male,<=50K
24,10,40,Male,<=50K
43,10,40,Female,>50K
59,6,36,Female,<=50K
32,12,50,Male,<=50K
21,10,35,Female,<=50K
25,6,35,Female,<=50K
31,9,30,Female,<=50K
53,16,50,Male,<=50K
46,14,40,Male,>50K
35,13,40,Female,<=50K
26,9,40,Male,<=50K
47,9,40,Male,<=50K
41,9,44,Male,>50K
38,10,60,Male,<=50K
45,9,50,Male,<=50K
50,9,10,Female,<=50K
63,13,49,Male,<=50K
33,13,10,Male,<=50K
30,9,40,Male,<=50K
33,9,40,Male,<=50K
37,9,10,Female,<=50K
39,12,60,Male,>50K
41,9,40,Male,<=50K
30,11,40,Male,<=50K
39,13,40,Female,<=50K
39,10,40,Male,>50K
56,6,40,Male,<=50K
36,9,55,Male,<=50K
59,4,40,Male,<=50K
40,6,40,Male,<=50K
28,14,45,Male,>50K
20,10,72,Male,<=50K
17,8,20,Male,<=50K
34,11,45,Male,<=50K
49,6,40,Male,<=50K
23,10,20,Female,<=50K
25,9,40,Female,<=50K
46,13,40,Male,>50K
21,10,35,Female,<=50K
43,10,55,Male,>50K
42,10,30,Male,<=50K
17,7,15,Male,<=50K
67,14,60,Male,>50K
21,10,40,Male,<=50K
46,13,40,Male,>50K
81,4,25,Male,<=50K
28,10,7,Male,<=50K
48,9,40,Male,<=50K
45,14,18,Male,>50K
53,10,60,Male,<=50K
26,10,40,Male,<=50K
64,13,40,Male,<=50K
40,15,50,Female,>50K
33,14,40,Male,<=50K
38,10,40,Female,<=50K
26,9,40,Male,<=50K
25,14,35,Female,<=50K
38,9,60,Male,>50K
42,12,36,Male,>50K
57,13,45,Female,>50K
36,13,50,Male,>50K
65,13,60,Male,>50K
37,9,12,Female,<=50K
27,9,40,Male,<=50K
52,15,30,Female,>50K
33,9,40,Male,<=50K
37,7,40,Male,<=50K
38,13,20,Female,<=50K
27,13,36,Female,<=50K
47,9,40,Female,<=50K
59,9,38,Female,<=50K
28,9,45,Male,<=50K
43,15,40,Male,>50K
47,10,40,Male,>50K
54,9,40,Female,<=50K
18,10,40,Female,<=50K
56,9,40,Male,>50K
20,10,10,Male,<=50K
36,9,40,Female,<=50K
32,5,40,Female,<=50K
35,5,40,Male,<=50K
51,10,40,Male,<=50K
59,6,40,Male,<=50K
30,13,40,Male,>50K
40,10,50,Female,>50K
53,12,40,Female,<=50K
50,9,40,Female,<=50K
36,13,45,Male,>50K
27,13,40,Female,<=50K
35,13,40,Male,>50K
33,14,8,Female,<=50K
17,6,24,Male,<=50K
18,9,30,Female,<=50K
62,6,35,Male,<=50K
42,13,60,Male,>50K
36,13,40,Male,>50K
31,9,50,Male,<=50K
56,10,50,Male,>50K
34,12,45,Female,<=50K
47,15,45,Male,>50K
26,9,40,Female,<=50K
47,13,60,Male,>50K
73,9,32,Female,<=50K
17,7,40,Female,<=50K
21,10,30,Female,<=50K
24,7,40,Female,<=50K
60,4,40,Male,<=50K
31,3,56,Male,<=50K
34,13,65,Male,<=50K
51,9,46,Male,>50K
53,10,40,Male,>50K
32,10,50,Male,<=50K
56,9,55,Male,>50K
50,9,60,Female,<=50K
19,10,25,Female,<=50K
29,13,40,Male,<=50K
27,10,40,Female,<=50K
24,9,30,Female,<=50K
24,10,35,Female,<=50K
31,9,40,Male,<=50K
67,8,20,Male,<=50K
40,9,40,Male,<=50K
51,10,55,Male,>50K
46,13,21,Female,>50K
32,13,40,Male,>50K
72,9,8,Male,<=50K
31,13,70,Male,>50K
29,10,40,Male,<=50K
25,9,30,Male,<=50K
27,13,50,Male,<=50K
48,9,50,Female,<=50K
32,9,60,Male,<=50K
22,11,40,Male,<=50K
43,9,40,Female,<=50K
21,10,40,Female,<=50K
30,10,40,Male,<=50K
26,10,42,Male,<=50K
28,13,45,Male,<=50K
20,10,12,Male,<=50K
34,9,35,Female,<=50K
29,9,65,Male,<=50K
40,9,40,Male,<=50K
20,9,40,Male,<=50K
45,9,30,Female,<=50K
47,7,40,Male,<=50K
42,13,40,Male,<=50K
23,14,50,Male,>50K
24,9,38,Male,<=50K
62,11,50,Male,>50K
46,13,40,Male,<=50K
21,9,20,Male,<=50K
60,9,40,Male,>50K
29,11,40,Male,>50K
41,9,40,Female,<=50K
48,9,40,Male,<=50K
26,13,30,Male,<=50K
58,9,80,Male,<=50K
35,9,60,Male,<=50K
38,9,45,Male,<=50K
50,15,52,Male,>50K
54,9,40,Male,>50K
35,10,55,Female,<=50K
22,4,40,Male,<=50K
29,9,40,Male,<=50K
37,9,40,Female,<=50K
17,7,8,Female,<=50K
20,10,40,Male,<=50K
23,10,40,Male,<=50K
35,9,48,Female,<=50K
57,13,40,Male,>50K
42,13,40,Female,>50K
27,9,45,Male,<=50K
28,9,40,Male,<=50K
43,13,45,Male,<=50K
41,10,40,Male,>50K
21,7,40,Male,<=50K
36,9,40,Female,<=50K
28,9,40,Female,<=50K
29,13,40,Male,<=50K
45,7,40,Male,<=50K
47,9,40,Female,<=50K
39,13,40,Male,>50K
25,9,30,Female,<=50K
19,10,15,Female,<=50K
33,14,40,Female,<=50K
45,13,60,Male,>50K
24,9,40,Female,<=50K
52,10,12,Male,<=50K
27,11,40,Female,<=50K
25,9,30,Male,<=50K
45,9,40,Male,<=50K
71,10,35,Male,>50K
41,10,38,Female,<=50K
43,13,40,Male,>50K
52,16,40,Male,>50K
37,13,47,Male,<=50K
51,10,60,Male,<=50K
27,13,40,Female,<=50K
19,7,30,Male,<=50K
17,6,40,Male,<=50K
53,4,56,Female,<=50K
46,10,40,Male,<=50K
47,11,40,Male,>50K
53,7,40,Male,<=50K
29,9,40,Female,<=50K
54,10,50,Male,<=50K
35,4,25,Male,<=50K
28,10,60,Male,>50K
22,12,37,Female,<=50K
34,10,32,Male,<=50K
49,9,40,Male,>50K
45,9,40,Female,<=50K
17,7,10,Male,<=50K
35,9,40,Male,<=50K
51,14,50,Male,>50K
54,14,50,Male,>50K
17,7,15,Female,<=50K
30,15,40,Female,<=50K
54,9,40,Female,<=50K
35,9,40,Female,<=50K
54,6,60,Male,<=50K
28,14,40,Female,<=50K
25,9,40,Male,<=50K
35,13,24,Female,<=50K
30,9,40,Female,<=50K
49,11,36,Female,<=50K
46,13,40,Female,<=50K
64,13,55,Male,>50K
38,10,52,Male,>50K
64,9,40,Female,<=50K
27,10,40,Male,<=50K
24,9,40,Male,<=50K
33,9,40,Male,<=50K
27,12,40,Male,<=50K
76,9,40,Male,>50K
55,12,40,Male,<=50K
38,10,45,Male,>50K
56,9,35,Male,<=50K
34,13,55,Male,>50K
36,10,20,Female,<=50K
51,4,40,Male,<=50K
28,9,40,Male,<=50K
40,10,40,Male,<=50K
49,10,43,Female,<=50K
33,10,45,Female,<=50K
26,10,40,Male,<=50K
29,10,60,Male,<=50K
25,10,30,Male,<=50K
35,9,40,Male,<=50K
19,9,37,Female,<=50K
21,10,24,Female,<=50K
44,11,30,Female,<=50K
74,9,28,Female,<=50K
54,9,45,Male,>50K
50,13,45,Female,<=50K
33,9,40,Female,<=50K
75,9,8,Female,<=50K
74,9,48,Male,<=50K
48,10,38,Female,<=50K
65,9,16,Male,<=50K
23,9,50,Male,<=50K
18,8,20,Male,<=50K
41,14,35,Male,<=50K
18,7,15,Male,<=50K
67,6,80,Male,<=50K
64,4,60,Male,<=50K
27,13,40,Male,<=50K
31,10,40,Male,>50K
27,10,45,Male,<=50K
53,9,40,Male,>50K
70,4,8,Male,<=50K
46,9,54,Male,<=50K
45,10,50,Male,<=50K
44,14,50,Male,<=50K
36,9,50,Male,<=50K
27,7,45,Female,<=50K
22,8,40,Male,<=50K
17,7,15,Male,<=50K
54,12,40,Male,<=50K
29,9,40,Male,>50K
26,10,45,Male,>50K
27,13,40,Female,>50K
35,9,40,Male,<=50K
52,9,40,Female,<=50K
37,10,40,Male,<=50K
37,14,40,Male,>50K
29,11,50,Male,<=50K
64,6,40,Male,<=50K
50,9,40,Male,>50K
24,9,60,Male,>50K
43,14,40,Female,<=50K
42,14,40,Male,>50K
32,7,15,Female,<=50K
44,10,60,Male,>50K
31,10,70,Female,<=50K
28,10,30,Male,<=50K
23,9,40,Female,<=50K
35,13,50,Male,<=50K
33,13,45,Male,>50K
41,9,50,Male,>50K
43,13,40,Female,<=50K
49,9,45,Female,<=50K
42,10,20,Male,>50K
49,13,60,Male,>50K
34,9,40,Female,<=50K
44,14,40,Male,>50K
55,6,35,Male,<=50K
28,10,40,Male,>50K
57,2,40,Male,<=50K
34,9,40,Female,<=50K
42,13,60,Male,>50K
37,11,38,Female,<=50K
43,11,40,Male,<=50K
90,13,45,Male,<=50K
24,9,38,Male,<=50K
36,9,45,Male,<=50K
52,4,40,Male,<=50K
26,10,38,Male,<=50K
44,10,40,Female,<=50K
42,13,32,Male,<=50K
35,10,40,Male,>50K
25,6,40,Male,<=50K
34,9,37,Female,<=50K
19,8,15,Female,<=50K
21,9,40,Male,<=50K
42,10,45,Female,>50K
39,15,50,Male,>50K
46,11,20,Female,<=50K
25,13,40,Female,<=50K
25,13,40,Male,<=50K
58,11,40,Male,<=50K
75,9,40,Female,>50K
47,10,35,Female,<=50K
66,10,55,Female,<=50K
37,11,40,Male,>50K
35,7,40,Male,<=50K
29,10,40,Female,<=50K
60,9,38,Female,<=50K
43,10,40,Male,<=50K
40,10,50,Male,>50K
40,9,50,Male,>50K
31,9,40,Male,<=50K
47,16,50,Male,>50K
36,6,40,Female,<=50K
36,11,40,Female,<=50K
35,9,45,Male,<=50K
33,12,60,Male,<=50K
51,10,40,Female,<=50K
55,9,29,Female,<=50K
24,10,50,Female,<=50K
31,14,25,Female,>50K
54,10,48,Female,<=50K
23,13,40,Female,<=50K
22,2,40,Male,<=50K
31,13,40,Male,<=50K
41,9,40,Male,>50K
22,10,35,Female,<=50K
23,10,15,Female,<=50K
32,10,40,Female,<=50K
60,10,47,Male,<=50K
38,3,40,Male,<=50K
34,9,40,Male,<=50K
64,10,70,Female,<=50K
41,5,40,Female,<=50K
33,10,40,Female,<=50K
33,3,40,Male,<=50K
29,9,40,Male,<=50K
50,15,40,Male,>50K
42,13,40,Male,>50K
46,14,50,Male,>50K
37,9,40,Male,<=50K
59,10,40,Male,<=50K
64,16,40,Male,>50K
50,9,35,Male,>50K
23,13,46,Female,<=50K
51,10,48,Male,<=50K
49,9,40,Male,<=50K
38,14,60,Male,>50K
42,10,40,Male,<=50K
32,9,40,Male,<=50K
20,10,10,Female,<=50K
45,9,40,Female,<=50K
29,9,40,Male,<=50K
35,9,40,Female,<=50K
30,9,37,Female,<=50K
19,10,4,Female,<=50K
45,9,40,Female,<=50K
23,13,40,Female,<=50K
39,13,40,Male,>50K
30,14,45,Male,<=50K
49,13,35,Female,<=50K
20,10,20,Female,<=50K
47,13,90,Male,<=50K
32,10,40,Male,<=50K
25,10,30,Male,<=50K
25,10,40,Male,<=50K
39,10,50,Male,>50K
42,11,52,Male,<=50K
33,2,24,Female,<=50K
42,12,44,Male,>50K
44,10,40,Male,>50K
27,4,40,Male,<=50K
18,9,40,Female,<=50K
18,6,30,Female,<=50K
42,9,52,Male,<=50K
17,6,5,Male,<=50K
31,13,30,Female,<=50K
28,10,40,Male,<=50K
32,11,50,Female,<=50K
44,13,40,Male,>50K
29,9,50,Male,<=50K
24,13,40,Male,<=50K
41,9,40,Female,<=50K
19,10,40,Female,<=50K
17,7,14,Female,<=50K
49,6,40,Female,<=50K
47,10,40,Male,<=50K
34,13,47,Male,>50K
52,10,55,Male,>50K
33,9,40,Male,<=50K
59,5,40,Male,<=50K
18,8,20,Female,<=50K
37,9,20,Male,<=50K
31,10,20,Female,<=50K
31,13,20,Female,>50K
55,13,40,Male,>50K
40,9,50,Male,<=50K
34,11,32,Male,>50K
25,14,30,Male,<=50K
38,14,50,Male,>50K
37,7,40,Male,<=50K
45,4,42,Female,<=50K
33,9,40,Male,>50K
54,10,60,Male,<=50K
35,13,40,Male,<=50K
46,7,27,Female,<=50K
57,15,35,Male,>50K
35,14,40,Male,>50K
39,13,40,Female,>50K
17,6,35,Male,<=50K
30,6,40,Male,<=50K
57,10,90,Female,>50K
23,10,12,Male,<=50K
33,9,20,Female,<=50K
31,14,50,Male,<=50K
61,14,40,Female,>50K
43,9,40,Male,<=50K
38,9,55,Male,<=50K
30,13,40,Male,<=50K
65,12,20,Male,>50K
32,13,50,Male,>50K
38,10,40,Female,<=50K
65,13,40,Male,>50K
30,9,65,Male,>50K
49,5,40,Male,<=50K
50,9,45,Female,<=50K
18,7,30,Female,<=50K
34,9,28,Female,<=50K
59,9,40,Male,>50K
58,13,40,Male,>50K
26,13,45,Male,<=50K
48,9,40,Male,>50K
43,15,50,Male,<=50K
21,10,40,Female,<=50K
36,10,38,Female,<=50K
28,13,30,Male,<=50K
24,13,16,Female,<=50K
37,7,40,Male,<=50K
48,12,55,Male,>50K
29,14,40,Male,<=50K
56,10,45,Male,>50K
39,9,45,Male,>50K
34,10,40,Male,<=50K
30,13,40,Male,<=50K
55,13,50,Male,>50K
39,14,40,Male,>50K
50,9,40,Male,<=50K
35,10,40,Male,<=50K
78,7,10,Male,<=50K
39,13,55,Male,<=50K
46,11,60,Male,<=50K
24,13,40,Female,<=50K
33,9,40,Male,<=50K
25,4,40,Male,<=50K
31,13,45,Male,>50K
41,9,40,Male,<=50K
55,10,40,Female,<=50K
73,9,24,Male,<=50K
29,9,40,Male,<=50K
30,9,40,Male,<=50K
31,13,40,Male,>50K
19,10,12,Female,<=50K
48,9,40,Male,<=50K
39,9,40,Male,<=50K
70,5,15,Female,<=50K
44,9,40,Male,<=50K
41,13,40,Female,<=50K
40,9,40,Male,<=50K
67,13,40,Male,>50K
30,13,40,Female,<=50K
39,9,60,Male,>50K
47,13,25,Female,<=50K
25,13,40,Female,<=50K
66,6,11,Female,<=50K
37,10,55,Male,<=50K
31,13,60,Female,>50K
34,14,55,Male,>50K
39,15,40,Male,>50K
35,14,40,Male,>50K
51,3,8,Male,<=50K
55,9,46,Male,<=50K
44,9,40,Female,<=50K
44,10,38,Male,<=50K
45,10,40,Male,>50K
44,13,40,Male,>50K
18,9,60,Male,<=50K
26,11,50,Male,<=50K
40,9,40,Male,<=50K
29,10,40,Female,<=50K
51,10,40,Male,>50K
29,13,40,Male,<=50K
32,9,45,Male,>50K
37,14,45,Female,>50K
34,13,45,Male,>50K
58,9,40,Male,<=50K
21,9,1,Male,<=50K
56,9,45,Female,<=50K
43,9,40,Male,>50K
23,9,40,Male,<=50K
58,12,40,Male,>50K
25,11,42,Female,>50K
39,9,40,Female,<=50K
18,7,40,Male,<=50K
38,10,40,Male,<=50K
32,10,50,Male,<=50K
28,9,20,Female,<=50K
49,9,40,Male,<=50K
35,13,40,Female,<=50K
62,9,40,Male,<=50K
43,13,60,Male,<=50K
53,12,40,Male,>50K
27,9,30,Female,<=50K
19,10,25,Female,<=50K
24,5,48,Male,<=50K
37,9,40,Male,>50K
36,13,40,Male,<=50K
42,10,40,Male,<=50K
21,9,40,Male,<=50K
28,10,40,Male,<=50K
37,14,40,Male,<=50K
59,9,40,Male,<=50K
26,9,50,Male,<=50K
41,12,50,Male,>50K
54,9,54,Male,>50K
45,9,40,Male,<=50K
46,11,40,Male,>50K
17,7,17,Male,<=50K
23,7,40,Male,>50K
38,13,60,Male,>50K
33,6,25,Female,<=50K
32,16,40,Male,>50K
35,13,40,Female,<=50K
52,15,40,Female,<=50K
27,9,38,Male,<=50K
37,10,40,Female,>50K
26,15,40,Male,>50K
28,12,65,Male,>50K
48,14,40,Male,<=50K
36,9,40,Female,<=50K
28,9,40,Female,<=50K
60,11,40,Female,<=50K
19,9,50,Female,<=50K
21,9,40,Male,<=50K
46,9,25,Male,<=50K
22,9,40,Female,<=50K
59,6,40,Male,<=50K
23,9,40,Male,<=50K
53,9,50,Male,>50K
29,9,48,Male,>50K
38,9,40,Male,<=50K
30,5,40,Male,<=50K
36,9,40,Male,<=50K
60,9,50,Male,>50K
50,9,40,Male,<=50K
21,10,47,Female,<=50K
67,9,8,Female,<=50K
46,13,40,Male,>50K
28,13,40,Male,<=50K
18,9,30,Female,<=50K
53,11,40,Male,>50K
39,10,40,Male,>50K
29,10,50,Male,<=50K
43,13,40,Male,>50K
20,10,20,Female,<=50K
40,9,40,Female,<=50K
40,6,50,Male,<=50K
28,9,40,Female,<=50K
42,13,40,Male,>50K
22,7,40,Male,<=50K
34,13,42,Male,<=50K
22,9,39,Female,<=50K
50,13,40,Female,<=50K
63,9,45,Female,<=50K
37,9,40,Male,<=50K
39,14,40,Male,<=50K
44,6,40,Male,<=50K
46,9,38,Female,<=50K
35,10,43,Male,>50K
62,13,40,Female,<=50K
31,9,50,Male,>50K
58,9,43,Female,<=50K
42,9,40,Male,<=50K
32,10,35,Male,<=50K
39,10,38,Male,<=50K
40,13,40,Male,>50K
38,9,50,Male,<=50K
48,9,40,Male,>50K
46,9,25,Female,<=50K
33,5,40,Male,<=50K
33,12,32,Female,<=50K
55,6,50,Male,<=50K
21,9,40,Male,<=50K
23,10,40,Male,<=50K
23,9,35,Male,<=50K
29,9,15,Female,<=50K
36,4,45,Male,>50K
51,13,35,Female,<=50K
35,13,55,Male,<=50K
32,13,45,Male,>50K
31,4,40,Male,<=50K
21,10,40,Female,<=50K
39,13,50,Male,<=50K
24,14,10,Female,<=50K
44,10,35,Male,>50K
59,9,40,Male,<=50K
19,9,30,Male,<=50K
37,14,40,Female,>50K
53,13,55,Male,>50K
41,13,35,Female,<=50K
44,10,40,Male,<=50K
39,13,40,Male,<=50K
30,9,25,Male,<=50K
22,3,40,Male,<=50K
50,13,50,Male,>50K
30,12,40,Male,<=50K
29,13,50,Male,<=50K
39,13,60,Male,>50K
51,9,40,Female,<=50K
17,7,20,Female,<=50K
46,9,45,Female,<=50K
32,9,40,Female,<=50K
27,10,40,Male,<=50K
31,10,40,Male,<=50K
23,13,30,Male,<=50K
40,14,40,Male,<=50K
65,9,50,Female,<=50K
45,4,44,Male,<=50K
46,10,60,Male,<=50K
63,4,41,Female,<=50K
31,7,30,Male,<=50K
51,9,40,Male,<=50K
42,14,50,Male,<=50K
45,13,50,Male,>50K
30,10,40,Male,<=50K
32,10,60,Male,>50K
60,11,30,Female,<=50K
54,6,40,Male,<=50K
18,7,20,Female,<=50K
29,16,60,Female,>50K
47,9,20,Female,>50K
45,14,36,Female,<=50K
46,13,40,Female,<=50K
52,9,50,Male,<=50K
37,9,45,Male,<=50K
68,9,48,Female,<=50K
44,10,32,Female,<=50K
23,6,40,Male,<=50K
20,12,15,Female,<=50K
20,10,20,Male,<=50K
40,11,50,Female,<=50K
25,10,40,Male,<=50K
32,13,40,Male,>50K
32,10,50,Male,<=50K
34,10,40,Female,<=50K
40,11,38,Male,>50K
29,9,40,Male,<=50K
18,10,20,Female,<=50K
21,9,50,Male,<=50K
35,7,32,Female,<=50K
38,9,45,Male,<=50K
66,10,40,Male,>50K
55,9,16,Female,<=50K
29,10,40,Female,<=50K
21,9,40,Male,<=50K
39,9,60,Female,<=50K
45,12,35,Male,<=50K
37,10,50,Male,<=50K
37,9,40,Female,<=50K
27,11,60,Male,<=50K
28,4,84,Male,<=50K
47,7,40,Male,<=50K
27,13,50,Male,<=50K
30,9,40,Female,<=50K
22,10,60,Male,<=50K
23,9,16,Female,<=50K
33,8,40,Female,<=50K
42,9,40,Male,<=50K
38,10,40,Male,<=50K
37,10,50,Male,<=50K
17,7,12,Male,<=50K
48,13,65,Male,>50K
33,4,35,Male,<=50K
50,12,40,Male,>50K
34,9,40,Male,<=50K
45,4,36,Male,<=50K
38,9,10,Female,>50K
36,9,40,Female,<=50K
22,10,40,Male,<=50K
46,14,44,Female,<=50K
42,9,40,Male,<=50K
38,9,28,Male,<=50K
44,10,50,Male,<=50K
26,11,54,Female,<=50K
26,10,15,Male,<=50K
49,8,45,Female,<=50K
28,9,40,Male,<=50K
30,12,40,Female,<=50K
25,5,15,Male,<=50K
41,13,30,Male,<=50K
38,11,40,Male,<=50K
36,11,48,Male,<=50K
22,13,30,Female,<=50K
33,9,40,Female,<=50K
49,10,60,Female,<=50K
28,9,46,Female,<=50K
33,2,40,Male,<=50K
48,13,40,Male,>50K
52,6,45,Male,<=50K
38,13,48,Male,<=50K
30,10,45,Male,<=50K
49,10,40,Female,<=50K
63,9,45,Male,<=50K
43,10,40,Female,<=50K
21,10,20,Female,<=50K
40,13,45,Male,<=50K
53,9,32,Male,<=50K
38,10,50,Male,>50K
20,9,40,Female,<=50K
46,9,48,Female,<=50K
34,9,45,Male,<=50K
19,8,20,Male,<=50K
25,11,41,Male,<=50K
60,5,84,Male,<=50K
47,9,40,Female,<=50K
48,13,43,Male,<=50K
32,9,38,Male,<=50K
18,9,20,Female,<=50K
58,9,40,Male,<=50K
39,7,40,Male,<=50K
35,12,40,Male,<=50K
38,12,60,Male,<=50K
32,11,40,Male,<=50K
33,11,36,Male,<=50K
19,10,40,Female,<=50K
31,10,45,Male,<=50K
44,3,40,Male,<=50K
40,10,47,Male,>50K
50,10,40,Male,<=50K
44,3,40,Male,<=50K
44,14,40,Male,<=50K
32,9,40,Male,<=50K
49,13,45,Male,<=50K
46,9,40,Female,>50K
76,4,12,Female,<=50K
34,10,30,Female,<=50K
59,9,40,Male,>50K
24,9,50,Male,>50K
44,11,40,Male,>50K
53,9,80,Male,<=50K
65,9,20,Female,<=50K
50,10,40,Female,<=50K
23,13,40,Female,<=50K
64,13,10,Male,<=50K
30,13,40,Male,<=50K
60,4,40,Male,<=50K
40,10,40,Male,<=50K
23,9,45,Male,<=50K
36,9,40,Male,>50K
33,11,40,Female,<=50K
40,10,50,Male,<=50K
57,15,50,Male,>50K
29,11,44,Male,>50K
20,9,45,Male,<=50K
50,10,45,Male,>50K
19,8,30,Female,<=50K
41,9,40,Male,<=50K
34,10,45,Male,<=50K
40,12,50,Male,<=50K
20,10,40,Male,<=50K
21,10,40,Female,<=50K
36,9,40,Male,<=50K
33,14,60,Male,>50K
31,10,35,Female,<=50K
20,9,40,Female,<=50K
18,9,20,Female,<=50K
22,10,40,Female,<=50K
20,10,30,Female,<=50K
37,9,40,Female,>50K
35,13,40,Male,>50K
52,3,40,Female,<=50K
48,9,40,Male,<=50K
64,9,70,Female,<=50K
38,9,40,Male,<=50K
30,7,40,Male,<=50K
23,9,40,Male,<=50K
42,9,40,Male,<=50K
34,9,40,Female,<=50K
44,10,40,Male,<=50K
48,13,55,Male,>50K
39,9,50,Male,>50K
51,9,52,Male,>50K
26,10,40,Male,<=50K
27,13,28,Female,<=50K
28,6,30,Male,<=50K
17,6,12,Male,<=50K
38,10,30,Female,<=50K
51,14,40,Male,>50K
41,11,40,Male,<=50K
57,14,70,Male,<=50K
60,14,40,Male,>50K
47,10,40,Male,<=50K
39,10,45,Male,>50K
31,14,60,Male,<=50K
21,10,40,Female,<=50K
51,11,99,Male,>50K
19,9,30,Female,<=50K
27,14,40,Female,<=50K
19,9,15,Female,<=50K
20,10,20,Female,<=50K
30,13,40,Male,>50K
25,10,40,Male,<=50K
53,14,50,Male,>50K
36,10,40,Female,<=50K
64,9,18,Male,<=50K
22,10,20,Female,<=50K
37,10,15,Female,<=50K
60,10,40,Male,<=50K
81,9,18,Male,<=50K
43,10,42,Male,<=50K
45,10,40,Male,<=50K
53,10,40,Female,>50K
63,9,32,Female,<=50K
17,6,6,Male,<=50K
36,10,60,Male,>50K
45,13,50,Male,<=50K
39,13,60,Male,>50K
30,14,40,Female,<=50K
45,9,40,Female,<=50K
61,4,40,Male,<=50K
35,10,40,Male,<=50K
64,13,8,Female,<=50K
54,16,50,Male,>50K
28,9,50,Male,<=50K
29,11,75,Male,<=50K
39,9,40,Male,>50K
41,9,40,Female,<=50K
62,9,40,Male,<=50K
33,11,40,Female,>50K
38,9,40,Male,<=50K
53,14,40,Female,<=50K
45,10,40,Male,>50K
38,10,40,Male,<=50K
49,13,48,Male,<=50K
53,13,70,Male,<=50K
25,9,40,Male,<=50K
77,11,25,Female,<=50K
24,9,40,Male,<=50K
46,12,55,Male,<=50K
30,9,42,Male,<=50K
27,13,40,Female,<=50K
55,14,45,Male,<=50K
59,6,40,Male,<=50K
49,9,40,Male,>50K
47,9,50,Male,<=50K
65,13,40,Male,>50K
34,9,40,Female,<=50K
17,6,30,Female,<=50K
35,9,36,Male,<=50K
45,9,40,Male,<=50K
48,10,30,Male,>50K
45,8,40,Female,>50K
43,13,53,Male,<=50K
44,9,40,Female,>50K
26,13,50,Female,<=50K
45,9,40,Male,<=50K
27,13,40,Male,<=50K
18,7,30,Male,<=50K
37,13,50,Male,>50K
54,9,40,Male,<=50K
45,9,50,Male,>50K
25,10,60,Male,<=50K
20,10,40,Male,<=50K
27,9,40,Male,<=50K
75,9,35,Male,<=50K
52,10,60,Male,>50K
40,9,32,Female,<=50K
51,10,40,Male,<=50K
52,9,40,Male,<=50K
27,6,40,Male,<=50K
76,4,28,Male,<=50K
40,10,45,Male,<=50K
26,9,40,Male,<=50K
34,10,86,Male,>50K
71,9,52,Male,>50K
53,9,35,Male,<=50K
22,10,43,Male,<=50K
57,5,40,Male,>50K
44,14,40,Male,>50K
40,14,45,Female,>50K
46,13,50,Female,<=50K
48,4,40,Male,<=50K
56,5,40,Male,<=50K
37,11,40,Female,<=50K
18,7,40,Male,<=50K
39,9,40,Male,<=50K
47,9,40,Female,<=50K
64,9,45,Male,>50K
20,10,32,Female,<=50K
31,4,35,Male,<=50K
47,9,40,Female,<=50K
42,12,24,Female,<=50K
51,14,50,Male,>50K
21,10,40,Male,<=50K
33,9,50,Male,<=50K
31,9,40,Female,<=50K
44,9,38,Female,<=50K
40,12,50,Male,>50K
31,16,70,Male,>50K
26,10,40,Male,<=50K
52,13,40,Female,<=50K
85,13,40,Male,>50K
47,6,40,Male,<=50K
68,9,20,Female,<=50K
38,9,50,Male,<=50K
31,11,40,Male,<=50K
46,10,80,Male,>50K
44,4,38,Female,<=50K
32,13,43,Male,>50K
51,9,50,Male,<=50K
25,9,40,Male,<=50K
26,7,40,Male,<=50K
41,15,40,Male,<=50K
58,14,40,Female,<=50K
41,14,50,Male,>50K
32,9,40,Male,<=50K
39,13,48,Male,>50K
50,9,52,Male,<=50K
21,9,40,Male,<=50K
43,13,55,Male,>50K
35,16,40,Male,>50K
55,4,40,Male,<=50K
31,9,35,Female,>50K
23,9,40,Male,<=50K
32,9,40,Male,<=50K
28,10,14,Male,<=50K
64,10,40,Male,<=50K
58,9,40,Male,<=50K
43,12,40,Male,<=50K
47,9,65,Male,>50K
19,10,25,Male,<=50K
28,13,45,Male,<=50K
21,9,10,Male,<=50K
32,10,50,Male,<=50K
40,12,40,Female,>50K
42,4,40,Male,<=50K
59,6,50,Female,>50K
30,9,40,Male,<=50K
35,11,40,Male,<=50K
53,8,45,Male,<=50K
34,13,40,Male,<=50K
31,9,45,Male,>50K
25,9,40,Male,<=50K
28,10,40,Male,<=50K
25,10,40,Female,>50K
20,5,40,Female,<=50K
37,11,60,Male,>50K
23,9,40,Male,<=50K
56,10,35,Female,<=50K
47,9,40,Male,<=50K
45,10,20,Male,<=50K
20,9,40,Female,<=50K
42,12,45,Female,<=50K
37,11,40,Female,<=50K
24,13,40,Female,<=50K
46,10,40,Female,<=50K
21,9,40,Male,<=50K
40,5,40,Male,<=50K
46,11,63,Female,<=50K
51,13,40,Male,>50K
35,13,40,Female,<=50K
40,16,40,Male,>50K
30,13,55,Male,>50K
50,9,50,Male,>50K
55,14,40,Female,<=50K
50,4,50,Male,<=50K
46,15,40,Female,<=50K
51,6,40,Male,<=50K
26,9,50,Male,<=50K
18,7,25,Male,<=50K
37,10,40,Female,<=50K
38,9,60,Male,>50K
44,10,40,Female,<=50K
48,9,38,Male,>50K
53,13,50,Male,<=50K
36,11,40,Female,<=50K
32,16,45,Male,<=50K
46,9,40,Female,<=50K
30,9,20,Female,<=50K
32,9,40,Female,<=50K
42,9,96,Male,<=50K
50,10,40,Male,<=50K
74,13,10,Male,<=50K
57,13,40,Female,<=50K
38,10,45,Female,<=50K
51,10,40,Female,<=50K
59,9,40,Male,>50K
23,11,40,Male,<=50K
23,13,20,Female,<=50K
29,10,40,Male,<=50K
49,9,40,Female,<=50K
22,10,40,Female,<=50K
44,13,45,Male,>50K
19,10,20,Female,<=50K
29,10,40,Female,<=50K
42,9,45,Male,<=50K
23,9,30,Male,<=50K
32,13,60,Female,<=50K
24,7,50,Male,>50K
47,5,30,Female,<=50K
31,10,45,Male,>50K
19,10,20,Male,<=50K
23,9,40,Male,>50K
30,9,40,Male,<=50K
41,8,40,Male,<=50K
37,9,37,Female,<=50K
36,9,40,Male,<=50K
25,5,40,Female,<=50K
40,10,40,Male,<=50K
30,13,20,Male,<=50K
40,13,50,Male,<=50K
23,10,40,Male,<=50K
23,10,55,Male,<=50K
22,9,80,Male,<=50K
35,3,40,Male,<=50K
42,10,28,Male,<=50K
23,9,25,Female,<=50K
17,7,25,Female,<=50K
20,9,45,Male,<=50K
52,10,40,Male,<=50K
55,2,40,Male,<=50K
38,6,90,Male,>50K
19,9,15,Male,<=50K
50,14,45,Male,>50K
23,10,42,Male,<=50K
41,9,40,Female,<=50K
44,15,80,Male,<=50K
28,9,40,Male,<=50K
37,9,40,Male,<=50K
31,13,40,Male,<=50K
24,10,70,Male,>50K
32,9,50,Male,<=50K
21,9,48,Male,<=50K
31,10,50,Male,<=50K
35,9,35,Male,<=50K
66,11,40,Female,<=50K
35,9,80,Male,>50K
23,12,30,Female,<=50K
33,10,50,Male,>50K
46,13,50,Male,>50K
23,13,12,Female,<=50K
17,7,18,Male,<=50K
46,13,40,Male,>50K
24,10,20,Female,<=50K
18,7,20,Female,<=50K
26,9,40,Female,<=50K
46,9,40,Female,<=50K
22,9,24,Male,<=50K
55,10,40,Male,<=50K
29,6,12,Female,<=50K
20,8,40,Male,<=50K
42,13,40,Male,<=50K
34,9,40,Male,<=50K
38,9,40,Female,<=50K
59,13,40,Male,>50K
25,13,20,Male,<=50K
44,9,40,Female,<=50K
24,13,50,Male,<=50K
46,16,55,Male,>50K
41,13,75,Male,>50K
39,12,40,Male,<=50K
31,1,35,Female,<=50K
24,2,40,Female,<=50K
68,4,30,Male,<=50K
20,10,40,Female,<=50K
30,9,35,Male,<=50K
26,13,35,Female,<=50K
33,9,40,Female,<=50K
61,4,40,Male,<=50K
40,11,40,Male,<=50K
65,13,10,Male,<=50K
67,10,40,Male,<=50K
55,10,40,Female,>50K
34,9,36,Female,<=50K
40,10,68,Male,>50K
21,9,40,Male,<=50K
24,13,40,Female,<=50K
30,9,45,Female,<=50K
30,4,50,Male,<=50K
30,9,50,Male,<=50K
50,2,40,Female,<=50K
34,15,60,Female,>50K
41,4,36,Male,<=50K
53,7,47,Female,<=50K
45,10,50,Male,>50K
60,9,40,Female,<=50K
19,9,35,Female,<=50K
22,11,40,Male,<=50K
54,9,40,Male,>50K
25,10,40,Male,>50K
29,10,40,Male,<=50K
47,4,40,Male,<=50K
24,10,30,Male,<=50K
46,13,40,Male,>50K
51,10,40,Male,>50K
45,9,40,Female,<=50K
22,10,30,Female,<=50K
20,9,30,Male,<=50K
32,10,36,Male,<=50K
23,12,40,Male,<=50K
29,10,40,Female,<=50K
51,9,40,Male,>50K
20,8,40,Female,<=50K
18,8,30,Male,<=50K
50,12,40,Female,>50K
46,15,60,Male,>50K
45,10,50,Male,<=50K
24,13,40,Female,<=50K
35,10,50,Male,>50K
20,10,40,Female,<=50K
36,9,50,Male,>50K
27,10,38,Male,<=50K
35,13,50,Male,>50K
20,9,40,Female,<=50K
39,13,60,Male,>50K
40,15,48,Male,>50K
28,9,40,Male,>50K
34,9,45,Male,<=50K
17,7,19,Female,<=50K
22,1,20,Female,<=50K
76,10,37,Female,<=50K
43,13,35,Female,<=50K
36,10,40,Male,<=50K
54,13,38,Male,<=50K
40,9,40,Male,<=50K
29,9,40,Male,<=50K
64,9,48,Male,<=50K
41,9,40,Female,<=50K
34,7,40,Male,<=50K
23,6,40,Male,<=50K
20,9,40,Male,<=50K
37,7,44,Male,>50K
25,13,40,Female,<=50K
47,11,40,Male,<=50K
36,9,60,Male,>50K
22,10,22,Female,<=50K
35,13,50,Male,>50K
51,9,40,Female,<=50K
61,6,20,Female,<=50K
38,11,40,Male,<=50K
42,6,50,Male,<=50K
19,10,25,Female,<=50K
37,10,45,Male,>50K
35,9,40,Male,<=50K
30,7,40,Male,<=50K
37,10,44,Male,>50K
35,9,40,Female,<=50K
18,7,25,Male,<=50K
40,14,35,Male,>50K
48,13,40,Female,<=50K
19,10,20,Female,<=50K
24,9,40,Female,>50K
60,10,40,Male,<=50K
34,9,40,Female,<=50K
30,9,60,Female,<=50K
36,10,40,Male,<=50K
43,13,55,Male,>50K
43,9,40,Male,>50K
40,10,40,Female,<=50K
57,11,40,Male,<=50K
62,7,40,Female,<=50K
38,10,30,Female,<=50K
44,9,40,Male,<=50K
83,9,20,Female,<=50K
30,10,40,Female,<=50K
23,13,35,Female,<=50K
39,9,40,Male,<=50K
58,9,60,Male,<=50K
53,9,35,Male,<=50K
33,9,40,Male,<=50K
33,4,40,Male,>50K
25,9,40,Female,<=50K
30,9,30,Male,<=50K
64,10,40,Female,<=50K
31,9,45,Female,<=50K
26,13,55,Male,<=50K
51,14,40,Female,<=50K
40,14,44,Female,<=50K
23,9,38,Male,<=50K
44,13,40,Male,<=50K
20,10,10,Female,<=50K
36,10,40,Female,<=50K
56,10,40,Female,<=50K
52,14,70,Male,<=50K
35,10,40,Male,<=50K
55,9,37,Female,<=50K
24,10,54,Male,<=50K
33,10,40,Female,<=50K
46,9,40,Male,<=50K
63,10,40,Male,>50K
27,13,65,Female,<=50K
32,9,62,Male,<=50K
49,10,44,Male,>50K
32,14,52,Female,<=50K
29,11,45,Female,<=50K
48,10,40,Male,>50K
31,14,40,Male,<=50K
42,9,85,Male,<=50K
24,9,40,Female,<=50K
50,13,45,Male,>50K
20,10,20,Female,<=50K
37,7,40,Male,<=50K
51,9,16,Male,<=50K
36,9,40,Female,<=50K
57,10,40,Female,<=50K
31,10,35,Female,<=50K
44,14,45,Male,>50K
76,9,15,Male,<=50K
43,12,60,Female,<=50K
45,9,40,Female,<=50K
36,13,60,Male,<=50K
17,6,10,Female,<=50K
47,15,50,Male,>50K
37,9,25,Female,<=50K
39,13,45,Female,<=50K
49,14,40,Male,>50K
49,9,40,Male,>50K
58,9,40,Female,<=50K
29,9,35,Male,<=50K
34,13,47,Male,>50K
33,13,5,Female,>50K
42,9,40,Male,<=50K
39,9,60,Male,<=50K
25,10,40,Male,<=50K
36,9,40,Male,<=50K
28,10,40,Male,<=50K
27,10,40,Male,<=50K
32,10,38,Male,<=50K
19,9,37,Male,<=50K
29,9,50,Male,<=50K
67,9,40,Male,>50K
20,5,28,Male,<=50K
49,14,60,Male,<=50K
32,9,35,Male,<=50K
58,9,40,Female,<=50K
21,10,40,Male,<=50K
25,13,45,Male,>50K
41,13,60,Male,<=50K
32,11,64,Female,<=50K
48,12,40,Female,>50K
53,10,39,Female,<=50K
56,10,40,Female,<=50K
23,10,40,Male,<=50K
21,10,40,Female,<=50K
27,10,50,Male,<=50K
33,6,40,Male,<=50K
47,12,50,Male,<=50K
53,4,40,Male,<=50K
29,13,50,Female,>50K
57,10,25,Male,<=50K
38,13,24,Female,<=50K
34,4,48,Female,<=50K
28,9,23,Female,<=50K
17,6,17,Female,<=50K
28,10,55,Male,<=50K
47,6,35,Male,<=50K
48,13,40,Male,>50K
75,9,35,Male,>50K
57,5,40,Female,<=50K
28,7,40,Male,<=50K
23,3,55,Male,<=50K
33,10,40,Female,<=50K
40,9,40,Male,<=50K
36,13,35,Male,<=50K
36,9,40,Male,>50K
23,9,45,Male,<=50K
27,10,40,Female,<=50K
23,13,40,Female,<=50K
31,13,45,Female,<=50K
39,11,55,Female,>50K
65,15,60,Male,<=50K
24,10,37,Female,<=50K
35,13,30,Female,>50K
51,9,50,Male,<=50K
31,11,40,Female,<=50K
36,13,55,Female,<=50K
48,9,48,Male,<=50K
23,10,40,Female,<=50K
72,11,30,Female,<=50K
35,14,40,Male,>50K
62,9,48,Male,<=50K
40,6,40,Male,>50K
30,13,45,Male,<=50K
59,5,40,Male,>50K
37,9,35,Male,>50K
48,11,40,Male,<=50K
39,9,40,Female,>50K
57,9,40,Male,>50K
44,9,50,Male,<=50K
47,9,40,Female,<=50K
56,9,40,Male,<=50K
52,13,50,Male,>50K
34,10,40,Female,<=50K
30,16,15,Female,<=50K
52,6,45,Male,<=50K
49,10,50,Male,<=50K
31,10,40,Male,<=50K
31,10,50,Male,>50K
45,10,40,Female,<=50K
44,9,40,Female,<=50K
46,15,35,Male,>50K
44,13,40,Male,>50K
43,16,70,Female,>50K
52,9,40,Male,>50K
27,9,40,Male,<=50K
22,9,38,Female,<=50K
59,9,40,Male,<=50K
25,9,48,Male,<=50K
35,10,50,Male,>50K
40,3,8,Male,<=50K
37,9,38,Female,<=50K
65,10,20,Male,<=50K
18,7,20,Female,<=50K
42,15,50,Male,>50K
34,12,40,Female,>50K
35,13,38,Male,<=50K
37,9,40,Female,<=50K
36,16,60,Male,>50K
53,5,50,Male,<=50K
41,9,40,Male,<=50K
29,10,40,Female,<=50K
42,13,40,Male,<=50K
69,9,40,Male,<=50K
48,11,40,Male,>50K
46,13,8,Female,<=50K
34,15,50,Male,>50K
28,13,40,Male,<=50K
39,10,50,Male,>50K
42,13,40,Male,>50K
18,9,30,Male,<=50K
24,9,30,Female,<=50K
20,9,60,Male,<=50K
25,9,50,Female,<=50K
27,13,40,Female,<=50K
25,14,60,Female,<=50K
32,9,40,Male,<=50K
33,9,40,Female,<=50K
42,9,40,Male,<=50K
54,9,45,Male,<=50K
34,9,40,Female,<=50K
46,10,40,Male,<=50K
18,9,11,Male,<=50K
71,10,2,Male,<=50K
34,10,60,Male,<=50K
29,9,18,Female,<=50K
22,10,15,Female,<=50K
18,7,30,Male,<=50K
18,10,40,Female,<=50K
44,9,40,Female,>50K
40,8,40,Male,>50K
32,5,40,Male,<=50K
24,9,50,Male,<=50K
22,13,10,Male,<=50K
66,10,50,Male,<=50K
34,9,40,Male,<=50K
65,15,48,Male,>50K
68,4,15,Female,<=50K
54,9,40,Male,<=50K
36,13,50,Male,>50K
48,9,25,Female,<=50K
22,8,60,Male,<=50K
30,13,50,Male,<=50K
43,10,40,Male,>50K
21,9,40,Female,<=50K
33,13,40,Male,<=50K
34,14,40,Female,<=50K
36,13,40,Male,>50K
24,9,45,Female,>50K
22,10,40,Female,<=50K
31,11,48,Male,<=50K
47,10,40,Male,>50K
51,12,45,Male,>50K
51,9,50,Male,>50K
19,10,25,Male,<=50K
19,10,30,Female,<=50K
32,10,50,Male,<=50K
62,9,40,Male,<=50K
34,9,50,Male,<=50K
23,9,40,Female,<=50K
26,13,45,Female,<=50K
29,10,35,Female,<=50K
34,11,50,Male,<=50K
66,10,20,Male,<=50K
17,8,40,Male,<=50K
44,9,48,Female,<=50K
31,13,40,Male,<=50K
53,13,45,Male,>50K
29,5,40,Male,<=50K
28,6,36,Male,<=50K
28,6,40,Male,<=50K
31,9,40,Female,<=50K
31,13,50,Male,<=50K
21,10,40,Female,<=50K
51,10,36,Female,<=50K
18,4,40,Female,<=50K
53,9,50,Male,>50K
41,9,40,Female,<=50K
42,14,55,Male,>50K
66,12,30,Male,<=50K
29,9,40,Male,<=50K
41,9,40,Female,<=50K
23,9,50,Male,<=50K
20,9,40,Female,<=50K
36,9,40,Male,<=50K
22,9,55,Male,<=50K
36,6,34,Female,<=50K
17,6,20,Male,<=50K
33,9,44,Male,<=50K
50,9,40,Male,<=50K
20,10,40,Female,<=50K
22,12,20,Male,<=50K
62,9,99,Female,<=50K
29,9,32,Female,<=50K
34,9,40,Male,>50K
38,13,40,Male,>50K
46,11,40,Female,<=50K
23,13,40,Female,<=50K
35,11,40,Female,<=50K
19,10,20,Female,<=50K
29,10,36,Female,<=50K
28,13,20,Male,<=50K
24,13,40,Male,<=50K
37,9,40,Male,<=50K
53,10,45,Male,>50K
25,9,40,Male,<=50K
33,9,40,Male,<=50K
45,13,48,Female,>50K
39,14,40,Male,>50K
46,15,90,Male,<=50K
43,10,35,Male,<=50K
41,13,50,Male,>50K
26,5,40,Male,<=50K
31,10,40,Male,<=50K
58,9,45,Male,>50K
48,10,42,Male,>50K
26,9,50,Male,>50K
20,9,15,Male,<=50K
40,13,40,Male,<=50K
48,6,40,Male,<=50K
46,13,38,Male,<=50K
33,9,40,Male,<=50K
44,13,65,Male,<=50K
23,11,50,Male,<=50K
59,6,40,Male,<=50K
23,9,25,Male,<=50K
21,10,25,Female,<=50K
46,12,40,Male,<=50K
40,11,40,Male,<=50K
26,4,48,Male,<=50K
36,13,55,Male,<=50K
49,6,70,Male,<=50K
20,10,16,Male,<=50K
52,9,36,Female,<=50K
41,9,40,Male,<=50K
22,13,45,Male,<=50K
54,9,44,Male,<=50K
43,13,60,Male,>50K
48,3,40,Male,<=50K
53,15,40,Male,>50K
57,5,55,Male,>50K
20,9,40,Female,<=50K
20,8,40,Male,<=50K
20,10,6,Male,<=50K
35,12,40,Male,>50K
47,9,35,Female,<=50K
23,13,6,Male,<=50K
55,10,70,Male,>50K
18,7,6,Male,<=50K
47,6,20,Female,<=50K
37,13,40,Male,>50K
53,13,40,Male,<=50K
38,13,60,Male,<=50K
30,13,40,Male,>50K
29,10,50,Female,<=50K
25,10,40,Female,<=50K
53,9,40,Male,<=50K
61,15,50,Male,<=50K
39,14,45,Male,>50K
38,11,42,Male,<=50K
47,9,48,Male,>50K
53,14,40,Female,>50K
61,10,40,Female,<=50K
24,10,45,Male,<=50K
40,10,60,Male,<=50K
39,9,40,Female,>50K
47,15,40,Male,>50K
54,14,40,Male,<=50K
20,10,25,Male,<=50K
39,10,50,Male,>50K
36,7,40,Male,<=50K
33,10,40,Female,<=50K
34,10,50,Male,>50K
55,9,40,Male,>50K
38,13,45,Male,<=50K
59,6,40,Male,<=50K
40,9,40,Male,<=50K
26,3,40,Male,<=50K
53,9,40,Female,<=50K
52,10,40,Male,<=50K
64,14,50,Female,>50K
41,9,50,Male,<=50K
23,9,30,Male,<=50K
38,13,50,Male,>50K
42,9,45,Male,<=50K
23,9,40,Male,<=50K
27,13,40,Female,>50K
22,9,40,Male,<=50K
34,5,40,Male,<=50K
80,9,32,Female,<=50K
53,9,40,Male,<=50K
40,13,40,Male,<=50K
42,10,40,Male,>50K
17,8,12,Male,<=50K
34,13,50,Male,>50K
57,4,20,Female,<=50K
50,4,40,Male,<=50K
61,13,40,Male,<=50K
44,15,45,Male,<=50K
44,9,35,Male,>50K
47,14,50,Female,<=50K
37,14,48,Male,<=50K
30,4,40,Male,<=50K
63,9,20,Male,<=50K
17,7,10,Male,<=50K
42,11,37,Male,<=50K
53,13,21,Female,>50K
44,14,40,Female,<=50K
53,14,65,Male,>50K
35,10,40,Male,<=50K
27,10,35,Male,<=50K
22,11,35,Male,<=50K
41,10,40,Male,<=50K
26,9,50,Male,<=50K
23,10,30,Female,<=50K
30,8,40,Male,<=50K
40,9,40,Male,<=50K
24,10,40,Male,<=50K
22,10,24,Female,<=50K
56,16,56,Male,<=50K
62,13,40,Male,<=50K
42,9,75,Male,>50K
33,9,40,Male,>50K
31,9,40,Female,<=50K
52,14,40,Female,<=50K
43,14,40,Male,>50K
31,11,40,Male,<=50K
20,10,35,Male,<=50K
44,9,70,Male,<=50K
60,7,30,Female,<=50K
36,9,46,Male,>50K
28,13,40,Female,<=50K
24,13,45,Male,<=50K
28,9,40,Male,>50K
35,9,40,Male,<=50K
20,10,30,Female,<=50K
56,9,50,Male,>50K
40,13,40,Female,<=50K
40,4,40,Male,<=50K
35,9,40,Male,<=50K
32,9,36,Male,<=50K
17,7,40,Male,<=50K
50,9,48,Male,>50K
41,9,42,Male,>50K
51,9,40,Male,>50K
44,10,55,Male,<=50K
49,9,40,Male,<=50K
58,9,40,Male,>50K
27,13,50,Male,<=50K
17,6,15,Male,<=50K
62,13,40,Male,<=50K
23,10,50,Male,<=50K
33,9,55,Male,<=50K
23,9,40,Male,<=50K
20,9,38,Female,<=50K
45,13,50,Male,<=50K
54,13,40,Male,>50K
65,15,40,Male,<=50K
70,9,40,Male,<=50K
26,9,40,Male,<=50K
31,10,30,Male,<=50K
30,9,45,Male,<=50K
19,10,16,Female,<=50K
61,9,60,Male,<=50K
28,14,40,Female,<=50K
21,9,35,Female,<=50K
31,10,40,Male,<=50K
31,15,80,Female,<=50K
32,9,40,Male,<=50K
68,9,65,Male,<=50K
32,10,38,Female,<=50K
66,4,20,Male,<=50K
48,13,70,Male,>50K
36,9,40,Male,>50K
22,10,40,Male,<=50K
31,9,45,Male,<=50K
26,13,40,Male,<=50K
19,9,20,Male,<=50K
23,13,40,Female,<=50K
18,7,20,Male,<=50K
37,10,40,Female,<=50K
18,10,35,Female,<=50K
47,9,40,Male,<=50K
54,9,40,Male,<=50K
47,9,50,Male,>50K
44,7,46,Female,<=50K
20,10,35,Male,<=50K
38,13,40,Male,<=50K
17,7,24,Female,<=50K
44,14,60,Male,>50K
33,9,40,Female,<=50K
42,13,40,Male,>50K
29,10,56,Male,<=50K
40,10,25,Female,<=50K
60,4,20,Female,<=50K
25,13,50,Male,>50K
32,15,40,Male,<=50K
19,10,25,Female,<=50K
50,14,40,Male,<=50K
18,8,18,Male,<=50K
39,13,50,Male,<=50K
42,11,50,Male,<=50K
51,13,40,Male,>50K
62,9,40,Male,<=50K
30,13,35,Female,>50K
29,7,60,Male,<=50K
44,9,45,Female,<=50K
27,6,60,Male,<=50K
38,15,40,Female,<=50K
25,10,60,Male,>50K
25,9,40,Male,<=50K
41,10,45,Male,>50K
50,1,40,Male,<=50K
21,10,25,Female,<=50K
49,9,40,Female,<=50K
41,9,40,Female,<=50K
32,13,55,Female,>50K
52,15,40,Male,>50K
29,14,50,Male,<=50K
19,7,30,Male,<=50K
31,13,45,Male,<=50K
75,11,20,Female,<=50K
55,10,45,Female,<=50K
18,9,20,Female,<=50K
50,9,40,Female,<=50K
55,6,40,Male,>50K
53,13,40,Male,<=50K
34,9,70,Male,<=50K
34,10,40,Female,<=50K
30,9,40,Male,<=50K
31,9,40,Male,<=50K
60,13,42,Female,<=50K
34,9,45,Male,<=50K
29,9,50,Male,<=50K
66,7,40,Male,>50K
34,10,40,Male,>50K
27,9,40,Male,<=50K
49,10,40,Male,>50K
27,10,20,Male,<=50K
72,10,30,Male,>50K
39,9,42,Male,<=50K
51,9,40,Male,<=50K
28,8,40,Male,<=50K
76,9,40,Female,<=50K
31,12,45,Male,<=50K
47,13,35,Female,>50K
23,9,40,Female,<=50K
20,9,40,Male,<=50K
39,9,50,Male,>50K
57,9,40,Male,>50K
41,13,50,Male,<=50K
45,10,72,Male,<=50K
27,2,40,Male,<=50K
24,13,41,Male,<=50K
36,13,45,Male,>50K
39,9,40,Female,<=50K
38,10,40,Male,<=50K
22,10,30,Female,<=50K
29,9,40,Female,<=50K
26,14,40,Female,<=50K
39,14,40,Female,>50K
52,9,40,Male,<=50K
45,12,40,Male,<=50K
26,9,40,Male,<=50K
36,14,50,Male,>50K
37,9,50,Male,<=50K
24,9,45,Male,<=50K
21,9,40,Male,<=50K
35,9,40,Male,<=50K
36,11,3,Female,<=50K
26,13,42,Female,>50K
37,13,30,Male,<=50K
52,11,40,Male,<=50K
25,13,60,Female,<=50K
70,14,50,Female,>50K
56,10,40,Male,>50K
57,13,50,Male,>50K
31,5,48,Male,<=50K
46,9,52,Female,>50K
30,9,41,Male,<=50K
34,7,43,Male,<=50K
28,10,45,Female,<=50K
25,13,38,Female,<=50K
53,10,40,Male,<=50K
28,8,40,Male,<=50K
54,15,30,Male,>50K
37,13,40,Female,<=50K
23,7,40,Male,<=50K
57,2,35,Male,<=50K
23,10,50,Male,<=50K
47,9,55,Male,>50K
24,13,50,Male,<=50K
42,10,40,Male,<=50K
25,10,75,Male,<=50K
32,9,40,Male,>50K
42,13,35,Male,<=50K
33,9,35,Male,<=50K
27,13,40,Female,<=50K
53,15,50,Female,<=50K
48,10,44,Female,<=50K
23,5,55,Male,<=50K
34,15,55,Male,>50K
40,9,60,Male,>50K
19,9,40,Female,<=50K
46,10,40,Female,<=50K
43,9,40,Female,<=50K
66,4,40,Female,<=50K
41,10,40,Female,<=50K
68,4,40,Female,<=50K
41,9,45,Male,<=50K
54,10,40,Female,<=50K
35,9,45,Male,<=50K
47,9,40,Male,<=50K
35,8,50,Female,<=50K
40,10,60,Male,<=50K
50,11,55,Male,<=50K
38,10,40,Female,>50K
23,5,35,Female,<=50K
46,13,40,Male,>50K
48,10,35,Female,<=50K
17,7,17,Male,<=50K
49,11,50,Male,<=50K
50,14,36,Male,>50K
52,11,40,Male,<=50K
31,9,48,Male,>50K
38,10,40,Male,<=50K
28,9,40,Female,<=50K
37,13,50,Female,<=50K
35,13,40,Male,<=50K
33,9,40,Male,<=50K
27,13,50,Male,<=50K
39,12,40,Male,>50K
27,9,50,Male,>50K
37,3,32,Male,<=50K
61,14,50,Male,>50K
54,9,40,Male,<=50K
38,13,50,Male,>50K
51,12,40,Female,<=50K
43,9,50,Female,<=50K
47,9,43,Female,<=50K
24,10,20,Female,<=50K
42,10,38,Female,<=50K
31,16,48,Female,<=50K
65,6,40,Male,<=50K
21,11,40,Male,<=50K
17,9,20,Female,<=50K
61,15,40,Male,>50K
39,11,40,Male,>50K
39,13,45,Male,>50K
50,9,40,Male,<=50K
50,9,40,Male,<=50K
28,10,60,Male,<=50K
31,5,42,Female,<=50K
67,15,48,Male,>50K
22,9,40,Male,<=50K
54,9,80,Female,<=50K
34,9,40,Male,<=50K
35,9,35,Male,<=50K
20,10,40,Male,<=50K
27,9,40,Male,<=50K
39,14,40,Male,>50K
35,9,40,Male,<=50K
22,9,20,Female,<=50K
23,13,40,Male,<=50K
25,11,38,Female,<=50K
26,9,40,Male,<=50K
28,5,40,Male,<=50K
28,14,40,Male,<=50K
65,11,15,Male,<=50K
46,10,40,Male,<=50K
55,13,40,Male,>50K
32,3,40,Male,<=50K
33,16,45,Male,>50K
29,15,40,Female,>50K
35,9,75,Female,<=50K
45,9,40,Male,<=50K
48,14,50,Female,>50K
38,15,50,Male,>50K
22,10,72,Male,<=50K
90,9,99,Male,<=50K
50,16,50,Male,>50K
60,4,48,Male,>50K
37,9,45,Male,<=50K
24,9,48,Female,<=50K
18,10,20,Male,<=50K
35,13,50,Male,<=50K
29,9,50,Male,<=50K
22,9,40,Male,<=50K
34,9,40,Male,<=50K
25,11,30,Female,<=50K
30,9,40,Male,<=50K
35,10,50,Male,<=50K
36,9,40,Male,<=50K
38,11,48,Male,<=50K
56,9,16,Female,<=50K
60,14,35,Female,<=50K
46,13,40,Male,>50K
24,13,20,Male,<=50K
40,1,40,Male,<=50K
25,9,40,Female,<=50K
40,7,16,Female,<=50K
28,9,40,Male,>50K
25,9,35,Male,<=50K
51,6,30,Female,<=50K
44,10,50,Male,<=50K
44,9,40,Male,<=50K
48,9,40,Male,<=50K
39,10,43,Female,>50K
56,10,60,Male,<=50K
30,9,60,Male,<=50K
42,10,40,Male,>50K
40,9,40,Female,<=50K
33,11,40,Male,<=50K
38,11,50,Male,<=50K
25,5,40,Male,<=50K
43,9,40,Male,<=50K
20,10,40,Male,<=50K
31,6,40,Male,<=50K
49,16,60,Male,>50K
41,10,40,Male,<=50K
71,10,40,Male,>50K
22,11,10,Female,<=50K
24,9,30,Female,<=50K
20,9,40,Male,<=50K
34,9,40,Male,>50K
30,12,40,Male,<=50K
40,10,45,Male,<=50K
37,11,40,Male,<=50K
30,10,48,Male,>50K
45,13,40,Female,<=50K
38,9,40,Female,<=50K
24,9,40,Female,<=50K
54,2,40,Male,>50K
74,9,30,Male,>50K
19,7,15,Female,<=50K
28,9,38,Female,>50K
42,9,40,Male,<=50K
21,10,40,Male,<=50K
26,9,40,Male,<=50K
48,7,31,Female,<=50K
55,6,40,Female,<=50K
58,15,50,Male,>50K
21,9,40,Male,<=50K
19,7,30,Male,<=50K
51,9,32,Female,<=50K
43,14,45,Male,>50K
47,16,40,Male,>50K
33,8,36,Male,<=50K
57,2,40,Male,<=50K
35,9,40,Male,<=50K
39,8,45,Male,<=50K
44,14,40,Male,>50K
25,9,65,Male,<=50K
22,9,40,Female,<=50K
48,12,40,Female,<=50K
55,9,40,Male,<=50K
48,13,70,Female,>50K
20,9,45,Female,<=50K
35,9,40,Male,<=50K
32,12,42,Male,<=50K
63,13,35,Female,<=50K
34,11,40,Female,<=50K
29,14,40,Female,>50K
34,10,60,Male,>50K
29,9,40,Female,>50K
40,13,40,Male,>50K
45,13,30,Male,<=50K
58,13,40,Female,<=50K
37,11,48,Female,>50K
60,9,40,Male,<=50K
71,9,17,Male,<=50K
45,13,48,Male,>50K
26,9,30,Female,<=50K
59,10,40,Male,>50K
25,13,40,Female,<=50K
60,9,40,Male,>50K
21,10,15,Female,<=50K
52,10,40,Male,>50K
40,5,40,Male,>50K
40,13,45,Female,>50K
23,10,20,Female,<=50K
20,9,40,Male,<=50K
21,9,40,Male,<=50K
27,9,40,Male,<=50K
56,6,40,Male,<=50K
51,15,50,Male,>50K
34,9,40,Male,<=50K
32,10,45,Male,<=50K
41,10,40,Male,<=50K
56,9,40,Female,<=50K
32,9,45,Female,<=50K
35,10,60,Male,<=50K
48,9,44,Male,<=50K
34,15,40,Female,<=50K
55,5,37,Female,>50K
24,13,50,Male,<=50K
45,14,40,Male,<=50K
43,6,40,Male,<=50K
39,3,40,Male,<=50K
27,7,40,Male,<=50K
21,10,10,Male,<=50K
32,13,50,Female,<=50K
61,9,40,Female,<=50K
19,9,40,Female,<=50K
46,10,40,Male,<=50K
27,13,45,Male,<=50K
49,11,40,Female,<=50K
28,9,50,Male,>50K
28,9,70,Male,<=50K
37,11,40,Male,>50K
23,6,40,Female,<=50K
41,11,38,Female,>50K
24,9,45,Male,<=50K
19,6,40,Male,<=50K
66,14,6,Male,<=50K
23,10,60,Male,<=50K
20,10,25,Female,<=50K
44,9,15,Female,<=50K
19,10,60,Male,<=50K
22,10,32,Male,<=50K
61,13,40,Male,>50K
22,9,40,Female,<=50K
41,9,40,Male,<=50K
28,13,50,Male,>50K
23,10,40,Female,<=50K
35,9,65,Male,<=50K
25,13,40,Male,<=50K
38,7,36,Male,<=50K
57,13,60,Male,>50K
21,9,35,Male,<=50K
67,14,41,Male,<=50K
23,10,40,Male,<=50K
42,14,25,Female,<=50K
25,6,40,Male,<=50K
27,16,70,Female,<=50K
27,3,75,Male,<=50K
56,9,40,Female,<=50K
45,9,15,Female,<=50K
74,9,28,Female,<=50K
36,5,50,Male,>50K
60,13,12,Male,<=50K
56,9,50,Female,<=50K
43,4,40,Male,<=50K
20,10,40,Female,<=50K
44,10,55,Male,>50K
32,13,35,Male,<=50K
56,10,60,Male,>50K
53,13,40,Male,<=50K
37,12,45,Male,<=50K
61,13,40,Female,<=50K
34,13,60,Male,<=50K
38,9,40,Male,<=50K
18,9,20,Female,<=50K
57,5,40,Male,>50K
18,10,20,Female,<=50K
25,9,40,Male,<=50K
41,13,35,Male,<=50K
38,10,40,Male,<=50K
21,9,25,Female,<=50K
25,10,80,Male,<=50K
38,10,43,Male,<=50K
22,9,35,Male,<=50K
49,9,40,Male,<=50K
48,9,40,Male,<=50K
21,9,40,Female,<=50K
20,12,40,Male,<=50K
62,9,60,Male,<=50K
44,13,50,Male,>50K
58,9,40,Male,>50K
30,9,40,Male,<=50K
40,10,40,Female,<=50K
37,9,40,Female,>50K
30,13,45,Male,>50K
31,10,40,Male,<=50K
22,9,60,Male,<=50K
63,10,40,Male,<=50K
44,9,40,Male,>50K
28,3,40,Male,<=50K
22,10,40,Male,<=50K
35,9,40,Male,<=50K
60,9,30,Male,<=50K
38,15,40,Male,>50K
40,9,40,Male,>50K
81,13,3,Female,<=50K
21,9,20,Female,<=50K
48,10,50,Female,<=50K
67,9,65,Male,<=50K
35,10,40,Female,<=50K
23,13,30,Female,<=50K
53,9,40,Male,<=50K
36,11,60,Male,<=50K
40,13,53,Male,<=50K
62,10,40,Male,>50K
19,9,40,Male,<=50K
24,13,30,Male,<=50K
55,9,45,Male,<=50K
60,9,40,Male,<=50K
56,10,40,Female,<=50K
53,4,99,Male,<=50K
41,9,40,Male,>50K
60,9,40,Female,<=50K
49,13,52,Male,>50K
52,9,40,Male,<=50K
45,9,40,Male,>50K
59,14,40,Female,<=50K
35,7,40,Male,<=50K
73,9,20,Female,<=50K
19,10,25,Male,<=50K
31,5,60,Male,<=50K
41,10,40,Male,<=50K
36,5,56,Male,<=50K
37,9,40,Male,<=50K
43,8,40,Male,<=50K
25,13,40,Female,<=50K
29,12,40,Female,<=50K
26,10,40,Male,<=50K
43,13,40,Male,>50K
30,13,40,Male,>50K
37,9,40,Female,<=50K
29,6,40,Female,<=50K
28,10,24,Male,<=50K
51,9,40,Male,>50K
33,13,40,Male,>50K
46,3,25,Male,<=50K
60,9,8,Female,>50K
23,13,35,Female,<=50K
40,13,40,Male,>50K
26,11,50,Male,<=50K
48,10,40,Female,<=50K
39,9,40,Male,<=50K
46,13,40,Male,<=50K
59,13,50,Male,>50K
27,9,39,Male,<=50K
24,14,40,Female,<=50K
25,10,40,Female,<=50K
29,9,38,Female,<=50K
36,13,40,Female,<=50K
40,9,52,Female,<=50K
39,14,45,Male,>50K
19,10,20,Female,<=50K
40,9,40,Male,<=50K
33,9,50,Male,<=50K
28,13,40,Female,<=50K
26,9,37,Female,<=50K
19,9,28,Female,<=50K
21,9,20,Female,<=50K
65,13,60,Male,>50K
35,9,40,Male,<=50K
26,7,40,Male,>50K
42,9,44,Male,<=50K
33,5,35,Male,<=50K
65,13,40,Male,>50K
20,9,40,Male,<=50K
46,15,50,Male,>50K
33,10,40,Male,>50K
45,13,55,Male,>50K
33,9,40,Male,<=50K
61,9,40,Male,<=50K
38,14,50,Male,>50K
17,7,30,Female,<=50K
22,4,40,Male,<=50K
30,10,35,Male,<=50K
31,13,45,Male,>50K
20,10,40,Female,<=50K
50,9,55,Male,>50K
41,10,60,Male,>50K
38,12,40,Male,<=50K
61,9,40,Female,<=50K
27,10,20,Male,<=50K
58,12,40,Male,<=50K
59,15,40,Male,>50K
46,9,36,Female,<=50K
39,8,70,Male,>50K
41,10,40,Female,<=50K
69,6,10,Male,<=50K
17,6,40,Male,<=50K
36,10,40,Male,<=50K
18,9,12,Female,<=50K
40,12,40,Female,>50K
28,14,48,Male,<=50K
29,10,45,Male,<=50K
41,10,40,Female,>50K
33,10,34,Male,<=50K
31,6,40,Male,<=50K
60,5,40,Male,<=50K
53,10,40,Male,<=50K
36,9,48,Male,<=50K
29,8,35,Male,<=50K
21,10,40,Female,<=50K
19,9,40,Male,<=50K
33,9,40,Male,<=50K
65,10,27,Male,<=50K
26,10,40,Female,<=50K
37,10,45,Female,<=50K
17,5,40,Female,<=50K
39,9,50,Female,<=50K
29,10,65,Male,<=50K
27,9,40,Male,>50K
32,10,50,Female,<=50K
23,10,12,Female,<=50K
50,9,30,Female,<=50K
52,11,20,Female,>50K
27,9,40,Male,<=50K
36,10,50,Female,<=50K
38,9,40,Female,<=50K
37,13,40,Male,<=50K
20,10,24,Male,<=50K
30,10,40,Male,>50K
25,13,40,Female,<=50K
50,9,32,Male,<=50K
55,10,6,Male,>50K
56,4,20,Male,<=50K
26,9,40,Female,<=50K
39,13,45,Male,>50K
44,13,42,Male,<=50K
33,9,40,Male,<=50K
21,10,40,Female,<=50K
71,13,6,Female,<=50K
24,10,35,Female,<=50K
35,10,40,Male,<=50K
21,10,40,Female,<=50K
34,9,35,Female,<=50K
42,10,40,Male,>50K
33,9,45,Male,<=50K
34,10,40,Male,<=50K
46,11,40,Male,<=50K
23,13,50,Female,<=50K
22,10,45,Male,<=50K
51,10,40,Male,<=50K
54,13,40,Male,>50K
26,9,50,Male,<=50K
50,13,60,Male,<=50K
28,9,35,Female,<=50K
69,9,40,Male,<=50K
43,10,50,Male,<=50K
50,9,40,Female,<=50K
24,13,10,Male,<=50K
51,5,45,Male,<=50K
26,9,20,Female,<=50K
41,14,70,Male,>50K
45,10,40,Male,<=50K
52,9,40,Female,<=50K
27,10,40,Male,<=50K
26,9,35,Female,<=50K
41,13,35,Female,>50K
46,10,40,Male,>50K
41,11,40,Male,>50K
25,9,40,Female,<=50K
26,9,45,Male,<=50K
19,9,28,Male,<=50K
57,9,50,Male,>50K
23,9,40,Male,<=50K
49,13,60,Male,<=50K
42,10,40,Female,<=50K
22,10,25,Male,<=50K
45,9,48,Male,<=50K
40,14,30,Female,>50K
20,9,30,Female,<=50K
19,10,10,Female,<=50K
32,5,50,Male,<=50K
45,16,45,Male,>50K
28,11,35,Female,<=50K
41,13,40,Female,<=50K
47,9,50,Male,<=50K
40,14,50,Male,>50K
25,13,40,Male,<=50K
38,9,40,Male,<=50K
27,9,32,Female,<=50K
67,7,40,Female,<=50K
42,13,35,Female,<=50K
18,10,25,Female,<=50K
24,6,40,Female,<=50K
41,11,42,Male,<=50K
53,9,40,Male,>50K
59,5,40,Male,<=50K
36,9,35,Male,<=50K
18,8,32,Female,<=50K
53,14,46,Female,>50K
27,13,55,Female,<=50K
29,10,36,Female,<=50K
54,10,40,Male,<=50K
51,16,40,Female,<=50K
68,10,12,Female,>50K
37,9,40,Female,<=50K
26,10,40,Female,<=50K
62,9,40,Male,<=50K
21,9,40,Female,<=50K
38,9,40,Female,<=50K
26,9,40,Male,<=50K
90,2,40,Female,<=50K
33,7,70,Male,<=50K
27,13,45,Male,<=50K
32,10,38,Male,>50K
38,10,52,Female,<=50K
34,11,40,Male,<=50K
33,10,40,Male,<=50K
36,13,50,Male,>50K
50,13,60,Male,>50K
54,9,40,Female,<=50K
18,10,16,Female,<=50K
41,10,40,Male,<=50K
26,10,50,Male,<=50K
28,9,35,Male,<=50K
25,9,60,Male,>50K
49,15,40,Male,>50K
37,10,40,Female,<=50K
47,10,50,Male,<=50K
23,10,40,Male,<=50K
22,10,40,Female,<=50K
30,4,30,Female,<=50K
20,10,54,Male,<=50K
50,10,40,Male,>50K
23,10,20,Male,<=50K
59,4,20,Male,<=50K
61,13,40,Male,>50K
62,10,60,Female,<=50K
43,14,60,Male,>50K
37,9,70,Male,>50K
23,9,40,Male,>50K
39,8,32,Male,<=50K
20,10,20,Female,<=50K
19,10,24,Male,<=50K
48,10,38,Male,>50K
29,13,55,Male,>50K
37,7,45,Male,<=50K
27,9,40,Male,<=50K
40,9,40,Female,<=50K
41,15,45,Male,>50K
29,9,45,Female,<=50K
32,9,90,Male,<=50K
44,13,40,Male,<=50K
41,10,40,Male,<=50K
26,9,40,Female,<=50K
48,9,48,Female,<=50K
60,9,50,Male,<=50K
42,9,40,Male,<=50K
26,13,45,Male,>50K
46,13,40,Male,>50K
34,9,70,Male,<=50K
48,13,60,Male,>50K
71,9,70,Male,<=50K
57,13,40,Male,>50K
30,9,40,Female,<=50K
17,7,30,Female,<=50K
34,7,40,Male,<=50K
27,12,70,Male,>50K
56,13,40,Male,>50K
25,12,40,Female,<=50K
27,13,40,Male,>50K
44,14,50,Male,>50K
51,9,40,Female,<=50K
26,13,50,Male,>50K
51,13,50,Male,>50K
31,9,40,Female,>50K
35,5,35,Female,<=50K
37,7,37,Male,<=50K
40,10,30,Male,>50K
58,9,60,Male,<=50K
57,9,50,Female,<=50K
33,13,40,Male,<=50K
90,14,99,Male,<=50K
73,9,30,Male,<=50K
67,9,24,Male,<=50K
37,10,17,Male,<=50K
52,13,30,Male,>50K
47,10,33,Female,<=50K
75,9,9,Female,<=50K
37,9,40,Male,>50K
45,13,20,Male,<=50K
50,14,40,Female,<=50K
40,14,55,Male,<=50K
36,14,40,Female,>50K
29,9,40,Female,>50K
19,10,20,Female,<=50K
46,15,60,Male,>50K
30,10,40,Male,<=50K
54,11,40,Male,<=50K
22,3,40,Male,<=50K
41,13,45,Female,<=50K
26,13,10,Male,<=50K
46,10,40,Male,>50K
34,10,50,Male,>50K
28,5,35,Male,<=50K
27,3,40,Male,<=50K
47,13,60,Male,<=50K
49,10,40,Female,<=50K
26,10,45,Male,<=50K
51,13,40,Female,<=50K
29,11,40,Male,<=50K
39,13,42,Female,<=50K
32,6,55,Male,<=50K
42,10,40,Female,<=50K
30,13,40,Male,>50K
29,12,50,Male,>50K
40,5,5,Female,<=50K
40,9,40,Male,<=50K
17,5,15,Female,<=50K
51,10,60,Female,<=50K
30,9,40,Male,<=50K
22,9,40,Female,<=50K
48,9,60,Male,<=50K
55,9,40,Male,>50K
33,10,30,Female,<=50K
48,9,44,Male,<=50K
35,13,52,Male,>50K
34,10,40,Male,<=50K
56,6,40,Male,<=50K
21,10,16,Male,<=50K
19,9,40,Male,<=50K
49,16,60,Male,<=50K
23,13,40,Female,<=50K
31,13,40,Male,<=50K
52,9,40,Female,<=50K
50,16,65,Male,>50K
17,5,6,Male,<=50K
37,14,55,Male,>50K
36,10,40,Female,<=50K
28,14,55,Male,<=50K
19,9,40,Female,<=50K
21,10,64,Male,<=50K
28,10,40,Female,<=50K
72,13,28,Female,<=50K
22,9,40,Male,<=50K
36,15,40,Female,<=50K
22,10,40,Male,<=50K
45,14,55,Female,<=50K
51,13,20,Male,>50K
42,9,40,Female,<=50K
18,7,35,Male,<=50K
28,12,40,Female,<=50K
60,9,40,Male,>50K
20,10,20,Male,<=50K
25,12,45,Male,<=50K
32,10,15,Female,<=50K
28,9,40,Male,<=50K
40,9,40,Male,<=50K
38,10,40,Male,<=50K
40,15,70,Male,>50K
20,10,40,Male,<=50K
32,12,40,Female,<=50K
45,9,40,Male,>50K
21,10,60,Female,<=50K
36,9,50,Male,<=50K
27,13,6,Female,<=50K
51,14,50,Male,>50K
29,10,42,Male,<=50K
32,13,40,Female,<=50K
22,10,40,Female,<=50K
22,13,55,Male,>50K
40,10,30,Female,<=50K
41,7,40,Male,<=50K
50,15,50,Male,>50K
73,9,22,Female,>50K
33,9,40,Female,<=50K
37,9,40,Male,<=50K
53,5,44,Male,<=50K
90,9,40,Male,<=50K
45,9,31,Male,<=50K
26,11,40,Female,<=50K
22,9,20,Female,<=50K
26,9,40,Male,<=50K
36,10,60,Male,>50K
33,10,60,Female,<=50K
20,9,40,Female,<=50K
38,14,40,Male,>50K
24,13,40,Female,<=50K
41,9,40,Male,<=50K
38,6,40,Female,<=50K
39,16,40,Male,>50K
34,10,40,Male,<=50K
33,12,50,Male,>50K
51,9,40,Male,<=50K
23,9,40,Male,<=50K
25,13,50,Female,<=50K
34,10,40,Male,>50K
54,5,24,Male,<=50K
35,9,40,Male,<=50K
18,6,30,Male,<=50K
25,12,38,Female,<=50K
20,10,40,Male,<=50K
27,10,65,Female,<=50K
25,9,40,Male,<=50K
22,10,40,Male,<=50K
35,9,40,Male,<=50K
57,13,40,Male,>50K
19,10,40,Female,<=50K
20,10,40,Female,<=50K
55,9,8,Male,<=50K
45,10,65,Male,<=50K
39,13,40,Male,<=50K
52,3,40,Male,<=50K
45,7,40,Male,<=50K
48,10,40,Female,<=50K
31,6,50,Male,<=50K
56,6,70,Male,<=50K
52,9,60,Male,>50K
57,9,40,Female,<=50K
63,9,40,Female,<=50K
23,9,40,Male,<=50K
27,13,40,Male,<=50K
24,13,44,Male,<=50K
45,5,40,Male,<=50K
30,4,40,Male,<=50K
44,14,20,Male,<=50K
58,9,40,Female,<=50K
52,9,40,Male,<=50K
32,7,40,Female,<=50K
31,10,40,Male,<=50K
37,9,60,Male,<=50K
28,14,50,Female,<=50K
48,15,35,Male,>50K
62,4,53,Male,<=50K
30,9,48,Male,>50K
37,10,40,Male,<=50K
20,10,40,Female,<=50K
58,5,40,Female,<=50K
47,9,56,Male,>50K
18,3,40,Male,<=50K
43,10,40,Male,<=50K
45,10,38,Female,<=50K
30,13,35,Male,>50K
41,10,35,Male,<=50K
29,9,32,Female,<=50K
23,8,60,Male,<=50K
50,9,40,Male,<=50K
25,13,10,Female,<=50K
42,10,18,Female,<=50K
33,9,65,Female,<=50K
79,4,5,Male,<=50K
32,10,40,Male,<=50K
48,10,55,Female,<=50K
53,9,40,Male,<=50K
28,14,80,Female,<=50K
29,13,40,Male,<=50K
32,9,40,Male,>50K
33,15,35,Male,<=50K
81,10,35,Male,>50K
53,14,60,Male,>50K
54,10,20,Female,<=50K
57,6,40,Male,<=50K
34,14,50,Male,<=50K
24,5,40,Male,<=50K
34,9,40,Female,>50K
44,11,40,Male,<=50K
52,10,45,Male,>50K
38,11,40,Female,<=50K
43,9,60,Male,<=50K
36,13,40,Male,<=50K
24,13,32,Female,<=50K
34,9,20,Female,<=50K
25,9,37,Male,<=50K
35,10,40,Male,<=50K
24,9,40,Male,<=50K
39,9,50,Male,<=50K
53,14,60,Male,>50K
39,13,55,Male,<=50K
38,13,50,Male,>50K
27,13,45,Male,>50K
62,9,40,Female,<=50K
33,13,55,Male,>50K
64,12,45,Male,>50K
52,12,40,Male,>50K
38,12,40,Male,>50K
20,9,40,Male,<=50K
46,9,28,Female,<=50K
20,10,35,Male,<=50K
60,10,48,Female,<=50K
50,9,40,Female,<=50K
25,13,30,Female,>50K
47,14,40,Male,>50K
29,13,40,Male,>50K
35,10,40,Male,<=50K
66,9,20,Female,<=50K
40,13,40,Male,>50K
26,13,40,Female,<=50K
28,9,40,Female,<=50K
52,16,40,Male,>50K
19,10,15,Female,<=50K
54,12,40,Female,<=50K
44,13,45,Male,<=50K
45,9,55,Female,<=50K
38,10,40,Male,<=50K
27,9,50,Male,<=50K
44,4,40,Male,<=50K
61,9,63,Male,<=50K
41,13,50,Male,<=50K
28,10,35,Female,<=50K
47,12,40,Female,>50K
40,11,20,Female,<=50K
58,9,40,Male,<=50K
43,10,44,Male,>50K
56,9,40,Male,<=50K
33,16,40,Male,<=50K
34,9,40,Female,<=50K
17,6,30,Male,<=50K
39,9,38,Female,<=50K
31,13,40,Female,<=50K
45,12,40,Female,<=50K
47,11,45,Male,<=50K
37,10,37,Male,<=50K
38,14,65,Male,>50K
26,9,48,Male,<=50K
31,11,40,Female,<=50K
46,12,56,Female,<=50K
25,10,40,Male,<=50K
29,9,40,Female,<=50K
50,9,65,Male,>50K
38,9,50,Male,<=50K
44,6,40,Male,<=50K
26,10,24,Female,<=50K
56,13,30,Male,<=50K
35,13,40,Female,<=50K
64,9,40,Female,<=50K
21,10,8,Female,<=50K
32,12,40,Male,>50K
32,2,50,Male,<=50K
48,9,35,Female,<=50K
54,11,50,Male,<=50K
37,10,38,Female,<=50K
43,10,30,Female,<=50K
26,9,40,Male,<=50K
48,13,45,Male,<=50K
64,9,40,Male,<=50K
61,13,35,Female,<=50K
19,10,35,Female,<=50K
25,13,50,Female,<=50K
36,9,48,Male,<=50K
18,9,40,Male,<=50K
19,10,20,Female,<=50K
42,14,45,Male,<=50K
49,10,50,Male,>50K
42,16,45,Female,<=50K
22,9,50,Male,<=50K
21,9,30,Female,<=50K
57,9,50,Male,>50K
46,9,40,Male,>50K
32,9,40,Male,<=50K
19,10,40,Male,<=50K
29,10,40,Male,<=50K
46,9,45,Male,<=50K
41,9,50,Male,>50K
22,9,40,Male,<=50K
36,7,40,Male,<=50K
27,9,37,Female,<=50K
20,10,24,Female,<=50K
22,13,40,Male,<=50K
27,11,40,Male,<=50K
25,13,40,Male,<=50K
32,10,40,Male,<=50K
51,14,55,Male,>50K
61,10,35,Male,>50K
47,7,45,Female,<=50K
28,9,35,Female,<=50K
42,13,55,Male,>50K
22,9,40,Male,<=50K
41,9,50,Male,<=50K
34,6,40,Male,<=50K
38,13,55,Male,>50K
75,6,40,Male,<=50K
39,13,40,Male,<=50K
40,9,40,Male,<=50K
49,9,50,Male,>50K
57,9,40,Male,<=50K
24,12,37,Female,<=50K
33,9,35,Female,<=50K
42,9,40,Female,<=50K
43,10,20,Female,>50K
47,11,40,Male,>50K
28,11,60,Male,>50K
40,10,40,Female,<=50K
47,13,45,Female,<=50K
35,9,36,Female,<=50K
47,14,35,Male,>50K
44,13,44,Male,>50K
35,13,40,Male,>50K
18,7,30,Male,<=50K
19,9,40,Female,<=50K
20,9,40,Male,<=50K
48,13,60,Male,>50K
52,14,40,Female,<=50K
66,11,45,Male,<=50K
25,9,55,Male,<=50K
24,11,45,Male,<=50K
40,9,40,Male,<=50K
28,13,20,Male,<=50K
56,7,40,Female,<=50K
22,9,36,Female,<=50K
65,8,10,Male,<=50K
31,13,50,Male,>50K
51,8,45,Male,<=50K
21,10,20,Female,<=50K
56,14,25,Male,<=50K
54,9,40,Female,<=50K
49,13,40,Male,>50K
38,10,40,Female,<=50K
30,9,40,Female,<=50K
36,10,45,Male,>50K
33,9,40,Male,<=50K
38,10,45,Female,<=50K
27,9,40,Female,<=50K
28,10,40,Female,<=50K
45,13,40,Male,>50K
35,10,40,Male,>50K
40,14,35,Male,>50K
39,13,40,Female,<=50K
68,9,24,Female,<=50K
47,13,35,Female,>50K
26,10,40,Male,<=50K
44,15,40,Female,<=50K
45,10,40,Male,>50K
45,16,45,Male,>50K
74,11,40,Female,<=50K
53,9,40,Male,<=50K
52,12,40,Male,>50K
46,7,40,Male,>50K
49,9,40,Female,<=50K
32,14,55,Male,>50K
34,10,20,Male,<=50K
43,13,40,Male,<=50K
31,9,40,Male,<=50K
62,9,40,Male,<=50K
39,14,55,Female,<=50K
45,9,40,Male,<=50K
37,9,38,Male,<=50K
36,9,40,Male,<=50K
33,9,40,Male,<=50K
45,9,40,Male,<=50K
23,13,42,Male,<=50K
40,9,40,Male,<=50K
58,7,40,Female,>50K
38,10,40,Male,>50K
27,6,40,Female,<=50K
25,9,50,Male,<=50K
39,14,40,Male,<=50K
28,6,40,Female,<=50K
77,4,8,Male,<=50K
52,7,18,Female,<=50K
65,10,15,Female,<=50K
33,10,40,Female,<=50K
52,13,48,Male,>50K
36,10,60,Male,>50K
53,13,35,Male,<=50K
30,6,40,Female,<=50K
30,10,40,Female,<=50K
61,9,20,Male,<=50K
39,13,30,Female,<=50K
33,13,40,Male,>50K
23,12,20,Female,<=50K
36,12,40,Female,<=50K
20,8,40,Female,<=50K
52,11,40,Male,<=50K
31,9,40,Female,>50K
34,9,45,Male,>50K
51,13,25,Male,<=50K
34,9,40,Male,<=50K
44,12,35,Male,<=50K
29,11,60,Male,>50K
37,10,55,Male,<=50K
31,4,40,Male,<=50K
57,14,65,Male,>50K
33,9,50,Male,>50K
70,10,80,Male,<=50K
34,9,45,Male,<=50K
38,9,24,Female,<=50K
54,11,40,Male,>50K
63,13,20,Female,<=50K
49,10,35,Female,<=50K
23,10,40,Male,<=50K
42,9,40,Female,<=50K
45,7,40,Male,>50K
32,13,40,Male,>50K
23,9,50,Female,<=50K
44,12,50,Male,<=50K
42,13,70,Male,<=50K
35,13,40,Male,>50K
61,12,42,Male,<=50K
32,9,44,Male,<=50K
19,7,20,Male,<=50K
42,12,40,Male,<=50K
52,13,55,Male,>50K
64,11,30,Male,<=50K
44,13,40,Male,>50K
43,9,30,Male,<=50K
27,13,55,Male,<=50K
59,9,60,Male,<=50K
39,9,40,Male,<=50K
28,9,40,Male,>50K
46,10,38,Female,<=50K
30,13,45,Male,>50K
19,2,40,Male,<=50K
34,9,40,Male,>50K
25,9,8,Female,<=50K
21,10,40,Female,<=50K
42,9,36,Female,>50K
34,9,40,Male,>50K
22,9,53,Female,<=50K
42,9,40,Male,<=50K
30,13,50,Male,>50K
36,9,45,Male,<=50K
21,9,25,Male,<=50K
47,14,50,Male,<=50K
47,9,50,Male,<=50K
28,10,40,Male,<=50K
42,13,40,Male,<=50K
20,10,10,Female,<=50K
43,14,50,Female,<=50K
23,9,40,Male,<=50K
25,9,50,Male,<=50K
33,10,35,Female,<=50K
27,13,50,Male,<=50K
68,10,48,Male,<=50K
27,10,40,Male,<=50K
17,7,40,Female,<=50K
33,13,80,Male,>50K
21,10,40,Female,<=50K
42,9,40,Male,<=50K
62,14,33,Female,>50K
44,14,40,Female,<=50K
35,16,60,Male,<=50K
39,9,40,Male,>50K
29,9,40,Male,<=50K
20,10,20,Female,<=50K
23,13,30,Male,<=50K
29,10,40,Male,<=50K
40,9,40,Male,<=50K
38,14,40,Male,<=50K
42,10,40,Female,<=50K
20,8,40,Male,<=50K
44,13,50,Male,>50K
30,9,20,Female,<=50K
53,13,80,Male,<=50K
43,9,46,Female,<=50K
26,9,40,Male,<=50K
30,10,10,Female,<=50K
32,9,40,Male,<=50K
34,9,24,Female,<=50K
41,11,60,Female,<=50K
46,16,60,Male,>50K
45,14,40,Male,<=50K
44,10,99,Male,<=50K
17,7,16,Female,<=50K
24,10,60,Female,<=50K
37,12,40,Male,>50K
35,10,20,Female,<=50K
34,9,50,Male,<=50K
37,14,45,Male,>50K
46,5,40,Male,<=50K
47,4,30,Female,<=50K
52,9,40,Male,<=50K
34,13,45,Male,<=50K
34,14,50,Female,>50K
41,9,30,Male,<=50K
17,6,20,Male,<=50K
31,10,40,Male,<=50K
58,9,40,Male,<=50K
49,4,45,Male,<=50K
34,9,60,Male,>50K
28,9,40,Female,<=50K
47,4,40,Male,<=50K
27,10,40,Female,<=50K
33,10,40,Female,<=50K
63,14,46,Male,<=50K
30,14,40,Male,<=50K
64,16,80,Male,>50K
24,9,50,Male,<=50K
35,10,65,Female,<=50K
17,7,20,Male,<=50K
28,9,30,Male,<=50K
61,12,40,Male,>50K
23,12,36,Female,<=50K
30,10,40,Male,<=50K
26,8,40,Male,<=50K
31,14,50,Male,<=50K
30,13,40,Male,>50K
65,13,40,Male,>50K
22,9,40,Male,<=50K
22,12,40,Female,<=50K
48,6,45,Male,>50K
48,9,40,Female,<=50K
55,9,40,Female,<=50K
42,13,40,Female,<=50K
18,7,10,Male,<=50K
31,9,40,Male,<=50K
39,9,60,Male,>50K
34,9,75,Male,>50K
28,13,40,Male,<=50K
29,10,40,Male,<=50K
31,10,40,Male,<=50K
43,10,84,Male,<=50K
33,10,40,Female,<=50K
29,11,40,Female,<=50K
33,9,40,Male,<=50K
34,13,45,Male,>50K
42,4,48,Female,<=50K
28,13,55,Male,>50K
23,9,50,Female,<=50K
46,9,40,Male,<=50K
21,9,40,Male,<=50K
55,9,80,Male,<=50K
30,10,50,Male,<=50K
50,12,40,Male,>50K
49,8,39,Male,<=50K
81,10,20,Female,<=50K
47,10,40,Male,<=50K
53,9,34,Male,<=50K
34,16,50,Female,>50K
47,13,60,Male,<=50K
61,9,6,Male,<=50K
28,6,80,Male,<=50K
31,9,45,Male,<=50K
45,4,10,Male,<=50K
79,13,40,Female,<=50K
39,13,60,Female,<=50K
32,9,40,Male,>50K
32,10,40,Male,<=50K
49,14,40,Male,>50K
22,9,40,Female,<=50K
51,13,26,Male,<=50K
39,4,40,Male,<=50K
38,10,43,Male,>50K
46,11,40,Male,>50K
35,9,62,Male,<=50K
27,14,40,Female,<=50K
33,9,40,Male,<=50K
32,13,50,Female,<=50K
60,13,40,Male,>50K
29,11,40,Female,<=50K
62,10,20,Male,<=50K
64,9,20,Male,<=50K
22,10,24,Female,<=50K
36,12,43,Male,>50K
31,6,40,Female,<=50K
33,11,50,Male,<=50K
47,10,40,Male,>50K
41,15,60,Male,>50K
52,9,66,Male,>50K
18,10,15,Female,<=50K
42,14,70,Female,<=50K
66,9,40,Male,<=50K
43,13,40,Male,<=50K
34,6,40,Male,<=50K
58,13,40,Male,<=50K
54,9,40,Male,>50K
29,9,40,Female,<=50K
29,9,40,Male,<=50K
28,10,26,Female,<=50K
32,10,32,Female,>50K
57,9,50,Male,<=50K
25,9,40,Male,<=50K
57,6,55,Male,<=50K
25,11,40,Male,<=50K
56,13,40,Female,<=50K
36,9,35,Female,<=50K
58,9,40,Male,<=50K
28,13,40,Male,<=50K
27,13,40,Female,<=50K
76,6,40,Male,<=50K
18,9,48,Male,<=50K
37,14,45,Male,>50K
29,9,40,Male,>50K
32,10,55,Male,>50K
56,9,35,Female,<=50K
34,9,40,Male,<=50K
34,13,45,Male,<=50K
53,15,60,Male,>50K
30,10,40,Female,<=50K
24,10,20,Female,<=50K
44,10,40,Male,<=50K
44,9,50,Male,>50K
45,9,40,Female,<=50K
56,9,60,Male,<=50K
39,12,35,Male,>50K
42,14,40,Male,>50K
64,10,40,Female,<=50K
36,9,47,Male,<=50K
25,12,45,Female,<=50K
28,10,38,Female,<=50K
35,10,50,Female,<=50K
32,13,60,Male,<=50K
56,10,40,Male,>50K
29,13,70,Male,>50K
30,5,40,Male,<=50K
37,13,40,Male,<=50K
39,15,50,Male,>50K
75,10,8,Male,<=50K
59,15,84,Male,>50K
48,9,50,Male,<=50K
46,13,40,Male,<=50K
33,9,40,Female,<=50K
21,9,35,Male,<=50K
54,9,20,Female,<=50K
71,9,15,Male,<=50K
43,13,40,Male,>50K
31,13,40,Male,>50K
51,9,40,Female,<=50K
22,10,40,Male,<=50K
35,14,40,Male,<=50K
57,9,40,Male,<=50K
45,13,52,Male,>50K
26,7,40,Male,<=50K
22,3,30,Male,<=50K
37,10,40,Male,<=50K
17,7,18,Female,<=50K
28,14,50,Female,<=50K
27,9,75,Male,<=50K
55,13,35,Female,<=50K
57,6,70,Female,<=50K
58,9,37,Female,<=50K
44,9,30,Male,<=50K
30,10,30,Female,<=50K
34,9,39,Male,<=50K
45,11,50,Male,<=50K
26,10,40,Male,<=50K
20,9,20,Male,<=50K
25,9,40,Male,<=50K
61,13,40,Male,>50K
51,12,30,Male,>50K
31,12,35,Female,<=50K
47,9,40,Male,<=50K
22,10,40,Male,<=50K
56,13,40,Male,<=50K
44,12,30,Male,<=50K
26,9,40,Female,<=50K
73,2,40,Male,<=50K
64,9,16,Male,<=50K
25,13,40,Male,<=50K
54,12,32,Male,<=50K
49,13,45,Female,<=50K
44,13,45,Male,<=50K
46,13,40,Male,>50K
37,9,40,Male,>50K
57,13,40,Male,>50K
36,6,48,Male,<=50K
23,13,32,Female,<=50K
63,9,40,Male,<=50K
54,2,40,Female,<=50K
18,10,16,Male,<=50K
24,10,40,Male,<=50K
18,8,12,Female,<=50K
28,12,40,Male,<=50K
33,11,45,Male,<=50K
36,14,50,Male,>50K
30,10,36,Male,>50K
44,13,40,Male,<=50K
25,10,40,Female,>50K
20,10,40,Female,<=50K
64,10,40,Male,<=50K
34,10,40,Female,<=50K
19,10,40,Female,<=50K
46,9,40,Male,<=50K
32,6,40,Male,>50K
77,10,1,Female,<=50K
36,10,25,Female,<=50K
46,14,60,Male,<=50K
28,7,40,Female,<=50K
50,13,40,Male,<=50K
24,13,20,Male,<=50K
20,9,40,Male,<=50K
51,9,40,Male,>50K
41,14,40,Female,<=50K
57,10,40,Male,>50K
51,11,50,Male,>50K
48,9,40,Male,<=50K
32,12,50,Male,<=50K
35,13,60,Male,>50K
49,9,40,Male,<=50K
34,9,48,Male,>50K
42,13,50,Male,<=50K
27,15,50,Female,>50K
42,10,40,Female,<=50K
38,10,80,Male,>50K
40,10,55,Male,>50K
38,9,35,Male,<=50K
27,9,40,Female,<=50K
66,9,20,Male,<=50K
63,9,40,Female,<=50K
51,9,40,Male,<=50K
48,13,40,Male,>50K
52,13,40,Male,<=50K
41,12,40,Male,<=50K
46,9,40,Male,>50K
21,10,15,Female,<=50K
41,10,43,Male,<=50K
45,13,40,Male,>50K
47,6,45,Female,<=50K
61,14,30,Male,<=50K
61,2,40,Female,<=50K
54,15,50,Male,>50K
50,10,40,Female,<=50K
46,9,50,Male,>50K
29,9,40,Female,<=50K
39,10,40,Male,<=50K
62,13,4,Male,<=50K
42,14,40,Male,>50K
46,10,50,Male,>50K
23,10,40,Female,<=50K
23,10,38,Female,<=50K
66,9,10,Female,<=50K
39,9,45,Female,<=50K
31,10,40,Male,>50K
17,7,30,Female,<=50K
51,9,57,Male,>50K
38,13,40,Female,>50K
45,9,46,Male,<=50K
39,10,40,Male,<=50K
33,10,40,Male,<=50K
51,7,40,Male,<=50K
28,13,48,Female,>50K
27,10,40,Female,<=50K
50,13,50,Male,>50K
75,10,35,Male,>50K
23,10,35,Female,<=50K
18,10,20,Male,<=50K
64,9,50,Male,<=50K
47,10,40,Female,<=50K
48,10,49,Male,<=50K
52,9,40,Male,>50K
64,2,53,Male,<=50K
52,14,40,Female,>50K
23,10,24,Female,<=50K
62,9,40,Male,<=50K
39,14,55,Male,>50K
55,10,40,Male,<=50K
48,9,70,Male,<=50K
58,9,40,Male,>50K
50,9,40,Female,<=50K
21,7,60,Male,<=50K
29,9,40,Male,>50K
59,9,40,Male,<=50K
43,5,40,Female,<=50K
50,13,40,Female,<=50K
43,7,40,Male,<=50K
45,9,50,Male,<=50K
61,13,40,Male,<=50K
31,13,50,Male,>50K
44,9,40,Male,>50K
20,9,45,Female,<=50K
20,9,20,Female,<=50K
23,9,25,Female,<=50K
53,10,40,Male,>50K
46,10,60,Male,>50K
34,9,40,Male,<=50K
62,9,40,Male,<=50K
32,8,40,Female,<=50K
35,13,48,Male,>50K
37,10,40,Male,<=50K
67,16,5,Male,>50K
60,5,37,Male,<=50K
18,9,30,Female,<=50K
38,9,48,Female,<=50K
30,10,40,Female,<=50K
44,13,40,Male,>50K
39,12,40,Female,<=50K
24,9,20,Female,<=50K
19,10,25,Female,<=50K
43,10,40,Male,<=50K
36,9,40,Male,>50K
53,11,40,Female,<=50K
68,10,20,Male,<=50K
61,6,45,Male,>50K
31,11,40,Male,<=50K
33,10,26,Male,<=50K
29,9,40,Female,<=50K
51,14,40,Male,>50K
37,13,30,Male,<=50K
36,9,60,Male,>50K
31,10,40,Male,<=50K
31,12,35,Female,<=50K
27,10,40,Female,<=50K
24,13,32,Male,<=50K
55,16,56,Male,>50K
22,10,10,Male,<=50K
40,13,40,Male,<=50K
18,7,16,Female,<=50K
32,9,45,Female,<=50K
65,7,35,Male,<=50K
51,9,40,Male,<=50K
52,9,20,Male,<=50K
38,9,40,Female,<=50K
26,9,40,Male,<=50K
45,14,50,Male,<=50K
28,13,40,Male,<=50K
23,10,22,Male,<=50K
43,9,40,Male,<=50K
61,13,63,Female,>50K
23,9,40,Male,<=50K
45,10,40,Male,>50K
67,5,40,Male,<=50K
32,9,40,Male,<=50K
40,10,40,Female,<=50K
38,14,50,Male,<=50K
63,13,40,Male,>50K
56,13,40,Male,>50K
23,11,36,Female,<=50K
61,9,37,Male,<=50K
27,9,30,Male,<=50K
29,10,40,Female,<=50K
48,11,56,Male,>50K
53,13,55,Male,>50K
25,11,20,Male,<=50K
23,9,48,Male,<=50K
27,11,35,Male,<=50K
26,12,40,Female,<=50K
61,9,40,Male,>50K
73,4,25,Male,<=50K
35,13,60,Male,>50K
18,7,16,Male,<=50K
21,9,22,Male,<=50K
34,14,50,Male,>50K
17,7,8,Female,<=50K
31,13,65,Male,<=50K
32,9,40,Female,<=50K
21,10,70,Male,<=50K
25,4,40,Female,<=50K
18,9,20,Female,<=50K
48,6,32,Female,<=50K
24,10,40,Female,<=50K
41,14,40,Female,<=50K
26,10,40,Male,<=50K
64,9,38,Female,<=50K
51,10,45,Female,<=50K
27,9,40,Male,<=50K
25,13,40,Male,<=50K
47,11,40,Male,<=50K
29,11,35,Female,<=50K
22,7,20,Female,<=50K
23,13,40,Male,<=50K
62,7,21,Female,<=50K
55,10,58,Male,<=50K
32,6,40,Male,<=50K
38,13,60,Male,<=50K
57,10,40,Male,<=50K
37,14,40,Female,<=50K
60,9,45,Male,>50K
38,13,50,Male,>50K
29,10,37,Male,<=50K
27,13,40,Female,<=50K
58,9,52,Male,<=50K
30,9,40,Male,<=50K
25,13,44,Male,<=50K
24,9,40,Male,<=50K
21,9,40,Male,<=50K
66,13,15,Male,>50K
21,12,35,Female,<=50K
42,16,36,Male,>50K
39,13,40,Male,>50K
36,13,35,Female,<=50K
66,16,25,Male,>50K
19,9,35,Male,<=50K
73,13,7,Female,<=50K
61,14,30,Male,<=50K
55,9,30,Male,<=50K
27,9,40,Female,<=50K
20,9,35,Male,<=50K
42,13,38,Male,<=50K
32,10,40,Male,<=50K
34,9,40,Male,<=50K
38,10,40,Male,<=50K
65,9,8,Male,<=50K
31,7,38,Male,<=50K
30,13,50,Male,>50K
41,11,40,Female,<=50K
30,9,40,Male,<=50K
29,13,55,Female,<=50K
41,13,40,Male,>50K
44,13,45,Male,>50K
46,9,40,Male,<=50K
20,10,30,Female,<=50K
43,11,99,Male,<=50K
58,10,42,Male,<=50K
23,10,20,Female,<=50K
35,9,40,Female,<=50K
18,9,20,Female,<=50K
44,14,48,Female,<=50K
42,11,40,Female,<=50K
44,14,40,Male,>50K
33,4,14,Female,<=50K
27,9,30,Female,<=50K
49,9,40,Female,<=50K
29,10,60,Male,<=50K
22,6,40,Female,<=50K
35,9,56,Male,<=50K
44,9,40,Female,<=50K
45,14,40,Female,<=50K
33,9,50,Male,<=50K
50,9,20,Female,>50K
57,13,40,Male,>50K
22,10,32,Male,>50K
67,4,35,Male,<=50K
66,9,40,Female,>50K
51,13,50,Male,>50K
60,9,40,Male,<=50K
62,9,45,Male,>50K
46,14,40,Male,>50K
33,11,62,Male,<=50K
48,9,50,Male,>50K
43,9,50,Male,<=50K
58,13,40,Male,<=50K
22,9,40,Male,<=50K
51,9,40,Female,<=50K
40,10,40,Female,<=50K
27,10,30,Male,<=50K
24,10,40,Female,<=50K
52,9,45,Male,<=50K
48,6,40,Male,<=50K
46,9,40,Male,<=50K
31,9,40,Male,<=50K
44,13,50,Male,>50K
64,2,40,Male,<=50K
37,13,45,Male,>50K
71,9,16,Female,<=50K
40,9,4,Female,<=50K
30,13,40,Male,>50K
33,9,40,Male,<=50K
63,4,45,Male,<=50K
25,10,40,Male,<=50K
26,13,15,Male,<=50K
30,6,40,Male,<=50K
52,9,56,Male,>50K
67,9,60,Male,<=50K
19,9,40,Female,<=50K
56,10,40,Male,<=50K
36,9,40,Male,<=50K
27,13,30,Female,<=50K
18,9,40,Female,<=50K
67,13,45,Male,<=50K
17,6,40,Female,<=50K
24,9,40,Male,<=50K
46,10,15,Female,<=50K
40,10,40,Male,>50K
19,7,40,Female,<=50K
54,13,45,Female,<=50K
35,14,45,Male,>50K
52,6,40,Male,<=50K
25,9,40,Male,<=50K
52,13,42,Female,<=50K
22,10,20,Female,<=50K
51,13,20,Female,>50K
40,9,45,Female,<=50K
28,9,40,Male,>50K
30,13,50,Male,>50K
49,10,40,Female,<=50K
35,11,40,Female,>50K
22,10,25,Male,<=50K
23,10,5,Male,<=50K
24,10,40,Female,<=50K
39,14,40,Male,>50K
28,11,40,Female,<=50K
53,9,48,Male,<=50K
30,9,40,Male,>50K
37,13,73,Male,>50K
72,14,12,Male,<=50K
59,9,40,Male,<=50K
72,11,40,Female,<=50K
19,9,45,Male,<=50K
23,9,40,Male,<=50K
43,15,55,Male,>50K
25,13,40,Female,<=50K
35,9,30,Female,<=50K
37,9,40,Male,<=50K
23,9,40,Male,<=50K
59,9,50,Male,>50K
22,7,35,Male,<=50K
65,13,40,Female,<=50K
43,11,25,Male,<=50K
50,14,60,Male,<=50K
43,14,50,Male,<=50K
21,10,40,Male,<=50K
54,10,40,Female,<=50K
18,10,20,Male,<=50K
36,9,40,Male,<=50K
45,16,60,Male,<=50K
69,9,30,Female,<=50K
46,10,50,Male,<=50K
52,13,60,Male,>50K
39,12,20,Female,>50K
39,13,48,Female,<=50K
34,13,53,Male,>50K
52,12,40,Male,>50K
67,14,30,Male,>50K
55,13,40,Female,<=50K
61,14,99,Female,<=50K
32,13,45,Female,<=50K
24,13,40,Male,<=50K
51,9,40,Male,>50K
29,10,25,Female,<=50K
30,7,50,Male,<=50K
51,16,60,Male,>50K
43,14,50,Male,>50K
51,9,40,Male,>50K
48,14,16,Female,>50K
34,6,45,Male,>50K
65,10,28,Female,<=50K
35,9,40,Male,<=50K
56,5,40,Female,>50K
30,9,40,Female,<=50K
39,11,40,Male,<=50K
39,9,40,Male,>50K
36,16,45,Male,>50K
45,9,40,Male,>50K
24,11,38,Female,<=50K
20,6,50,Male,<=50K
53,11,45,Male,<=50K
40,7,40,Female,<=50K
18,8,55,Male,<=50K
41,13,40,Female,>50K
17,6,30,Male,<=50K
49,13,35,Female,<=50K
63,9,40,Male,>50K
43,9,20,Female,<=50K
36,14,40,Female,<=50K
24,13,40,Male,<=50K
47,14,20,Female,>50K
24,13,40,Female,<=50K
44,9,52,Female,<=50K
46,3,40,Male,<=50K
17,7,15,Male,<=50K
51,10,40,Male,>50K
29,9,52,Female,<=50K
31,12,20,Male,<=50K
41,5,55,Male,<=50K
56,11,40,Male,>50K
31,10,50,Female,<=50K
39,10,45,Male,<=50K
45,9,40,Male,>50K
58,13,50,Male,>50K
18,10,40,Male,<=50K
59,9,38,Female,<=50K
46,13,48,Male,<=50K
44,11,45,Male,>50K
36,9,40,Male,<=50K
42,12,31,Female,<=50K
30,13,40,Male,<=50K
57,9,40,Male,<=50K
37,9,30,Female,<=50K
45,9,60,Male,>50K
61,10,35,Male,<=50K
17,7,20,Male,<=50K
39,10,65,Male,<=50K
24,10,40,Male,<=50K
51,14,39,Male,>50K
49,13,35,Female,<=50K
47,13,40,Male,<=50K
30,10,36,Female,<=50K
35,9,40,Male,<=50K
47,13,72,Male,<=50K
24,7,40,Female,<=50K
43,10,50,Male,<=50K
49,13,40,Male,>50K
45,10,35,Female,<=50K
47,15,55,Male,>50K
37,10,40,Female,>50K
37,14,40,Male,>50K
62,6,40,Female,<=50K
55,9,40,Male,>50K
35,9,42,Male,<=50K
20,9,40,Male,<=50K
44,10,99,Male,<=50K
25,9,40,Male,<=50K
50,13,40,Female,<=50K
31,11,50,Male,<=50K
59,9,60,Female,>50K
71,10,4,Male,<=50K
46,13,40,Male,>50K
53,10,40,Male,>50K
27,13,60,Female,<=50K
25,9,40,Male,<=50K
56,7,40,Female,<=50K
18,9,20,Male,<=50K
35,9,21,Female,<=50K
42,13,40,Male,>50K
17,7,25,Female,<=50K
32,10,50,Male,>50K
44,3,40,Male,<=50K
17,6,40,Female,<=50K
58,14,40,Male,>50K
90,12,20,Male,<=50K
28,10,40,Male,<=50K
51,9,45,Female,<=50K
25,10,20,Male,<=50K
24,3,40,Female,<=50K
25,13,50,Female,<=50K
30,10,40,Male,<=50K
20,10,25,Female,<=50K
45,9,40,Female,<=50K
42,9,40,Male,<=50K
31,9,35,Male,<=50K
51,14,70,Male,>50K
43,10,50,Female,<=50K
45,14,50,Male,>50K
42,9,40,Female,<=50K
30,9,60,Male,<=50K
51,9,84,Male,>50K
54,9,40,Male,>50K
43,13,35,Female,<=50K
35,7,4,Male,<=50K
26,10,36,Female,<=50K
33,10,50,Male,>50K
20,9,28,Male,<=50K
23,9,75,Male,<=50K
31,9,40,Female,<=50K
34,10,47,Male,<=50K
30,10,40,Male,<=50K
49,14,40,Female,<=50K
66,4,50,Male,<=50K
33,7,65,Male,<=50K
31,13,40,Male,>50K
34,9,40,Male,<=50K
28,2,40,Female,<=50K
36,9,32,Female,<=50K
63,10,40,Male,<=50K
47,13,60,Male,>50K
25,10,40,Male,<=50K
32,9,60,Male,>50K
37,10,40,Male,<=50K
34,10,40,Male,<=50K
42,13,55,Female,<=50K
49,7,75,Male,<=50K
17,6,25,Female,<=50K
52,9,40,Female,>50K
55,9,38,Female,<=50K
24,9,40,Male,<=50K
60,3,44,Male,<=50K
24,9,40,Male,<=50K
30,9,45,Male,<=50K
39,10,25,Female,<=50K
19,10,20,Female,<=50K
21,10,30,Female,<=50K
38,11,40,Male,<=50K
34,9,35,Female,<=50K
24,4,40,Male,<=50K
59,13,22,Female,>50K
36,9,50,Male,>50K
40,13,60,Male,<=50K
52,10,40,Male,<=50K
38,10,40,Female,<=50K
56,10,50,Female,<=50K
22,9,40,Male,<=50K
33,10,40,Male,<=50K
49,13,40,Female,<=50K
59,14,35,Male,>50K
19,9,40,Male,<=50K
48,10,40,Female,<=50K
21,10,40,Female,<=50K
20,10,35,Female,<=50K
50,9,45,Male,>50K
74,9,40,Female,>50K
27,10,44,Male,<=50K
19,10,25,Male,<=50K
58,5,50,Male,>50K
46,12,40,Male,>50K
18,9,12,Female,<=50K
21,10,24,Female,<=50K
46,4,47,Male,<=50K
25,6,40,Male,<=50K
43,15,60,Male,>50K
26,14,55,Male,>50K
39,13,50,Male,>50K
20,10,47,Male,<=50K
22,11,40,Female,<=50K
63,9,40,Male,<=50K
25,9,50,Male,<=50K
45,13,50,Male,>50K
17,8,16,Male,<=50K
19,10,12,Female,<=50K
57,9,40,Female,<=50K
46,10,40,Female,<=50K
30,9,22,Male,<=50K
59,10,35,Male,>50K
31,10,45,Female,<=50K
23,8,50,Male,<=50K
32,14,40,Female,<=50K
26,10,64,Male,<=50K
31,9,40,Female,<=50K
23,13,40,Male,<=50K
23,10,40,Male,<=50K
32,9,40,Male,<=50K
61,6,40,Female,<=50K
41,10,40,Male,<=50K
21,7,40,Female,<=50K
35,10,25,Female,<=50K
34,9,40,Male,<=50K
22,10,24,Male,<=50K
39,13,40,Female,<=50K
54,4,25,Female,<=50K
46,9,40,Female,<=50K
20,10,20,Female,<=50K
42,12,45,Female,>50K
20,10,40,Female,<=50K
32,9,45,Female,<=50K
26,9,48,Male,<=50K
25,9,44,Male,>50K
50,13,50,Male,<=50K
45,10,40,Female,<=50K
24,13,25,Male,<=50K
36,14,40,Female,<=50K
55,13,50,Male,>50K
20,9,40,Female,<=50K
42,9,40,Male,>50K
33,9,40,Female,<=50K
65,9,14,Female,<=50K
23,9,20,Male,<=50K
28,12,40,Male,<=50K
29,12,20,Male,<=50K
67,4,35,Female,<=50K
26,15,40,Male,>50K
36,13,40,Female,>50K
47,14,40,Female,>50K
50,11,40,Female,<=50K
51,9,40,Male,<=50K
66,7,40,Male,<=50K
37,7,40,Female,<=50K
23,13,25,Male,<=50K
37,13,60,Male,>50K
27,6,55,Male,<=50K
65,7,40,Male,<=50K
44,9,40,Male,<=50K
19,1,50,Male,<=50K
26,9,40,Male,<=50K
57,10,42,Male,<=50K
37,16,45,Male,<=50K
23,10,30,Male,<=50K
29,9,40,Male,>50K
34,13,40,Male,<=50K
28,10,40,Male,>50K
54,12,45,Male,<=50K
24,1,40,Male,<=50K
37,11,43,Female,<=50K
27,14,40,Female,<=50K
35,3,36,Male,<=50K
38,10,45,Male,<=50K
35,13,40,Male,>50K
38,9,42,Male,<=50K
35,14,40,Male,>50K
44,13,40,Male,>50K
53,15,60,Male,>50K
50,11,40,Male,>50K
77,6,30,Male,<=50K
21,10,10,Female,<=50K
55,7,48,Male,<=50K
20,10,20,Male,<=50K
38,10,50,Male,<=50K
48,10,30,Male,<=50K
42,13,40,Male,>50K
45,14,40,Male,>50K
26,10,40,Male,<=50K
40,9,23,Male,<=50K
20,10,25,Female,<=50K
55,6,45,Male,<=50K
66,14,20,Female,<=50K
45,14,40,Male,>50K
52,3,40,Female,<=50K
22,10,22,Female,<=50K
29,11,90,Male,<=50K
36,4,40,Male,<=50K
36,15,60,Male,>50K
43,6,40,Female,<=50K
67,9,40,Female,<=50K
27,7,40,Male,>50K
25,13,40,Female,<=50K
77,10,40,Male,<=50K
41,10,50,Male,<=50K
30,14,45,Male,>50K
73,9,8,Female,<=50K
47,10,40,Male,>50K
32,16,70,Female,<=50K
37,9,55,Female,<=50K
46,11,40,Male,<=50K
24,9,40,Male,<=50K
41,14,45,Male,>50K
23,9,38,Male,<=50K
55,14,40,Female,<=50K
55,13,60,Male,>50K
45,10,40,Female,>50K
29,14,35,Female,<=50K
17,7,16,Male,<=50K
26,10,40,Male,<=50K
73,13,30,Male,<=50K
22,9,50,Male,>50K
75,9,40,Female,<=50K
44,9,58,Male,<=50K
36,10,55,Male,<=50K
28,10,40,Female,<=50K
29,9,40,Male,<=50K
36,13,40,Male,<=50K
28,13,48,Female,<=50K
38,9,48,Male,<=50K
24,13,60,Male,<=50K
44,12,25,Male,<=50K
33,1,40,Male,<=50K
36,10,40,Female,<=50K
22,13,50,Male,<=50K
18,6,11,Male,<=50K
62,9,40,Male,>50K
47,9,20,Male,>50K
43,9,60,Male,<=50K
36,10,40,Male,<=50K
55,14,40,Male,>50K
31,13,40,Male,>50K
42,9,40,Male,<=50K
67,13,50,Male,>50K
36,9,70,Male,<=50K
29,5,40,Male,<=50K
43,14,53,Male,>50K
31,9,40,Female,<=50K
24,10,40,Female,<=50K
25,13,35,Male,<=50K
71,15,12,Male,>50K
54,4,40,Male,<=50K
33,10,40,Male,>50K
40,9,30,Female,<=50K
48,13,40,Male,<=50K
25,9,40,Male,<=50K
35,10,45,Female,<=50K
46,10,55,Female,<=50K
43,13,40,Male,>50K
68,13,45,Male,>50K
50,10,40,Female,<=50K
25,10,40,Female,<=50K
23,10,35,Male,<=50K
22,9,20,Male,<=50K
36,4,55,Male,<=50K
31,12,45,Male,<=50K
30,9,40,Male,>50K
35,9,50,Male,<=50K
58,9,40,Male,<=50K
19,10,30,Male,<=50K
42,9,40,Female,<=50K
26,9,52,Male,<=50K
62,9,40,Male,<=50K
42,10,40,Male,>50K
47,9,50,Male,<=50K
26,9,36,Male,<=50K
20,9,25,Male,<=50K
31,13,40,Female,<=50K
27,13,50,Female,<=50K
64,9,32,Male,<=50K
46,9,50,Male,<=50K
34,10,30,Male,<=50K
78,4,25,Male,<=50K
47,9,45,Male,<=50K
54,11,10,Female,<=50K
52,4,7,Female,<=50K
38,9,55,Male,>50K
50,14,40,Male,>50K
24,13,40,Female,<=50K
52,10,50,Female,<=50K
41,11,40,Female,<=50K
65,4,31,Female,<=50K
27,12,50,Male,<=50K
29,12,38,Female,<=50K
56,10,50,Male,>50K
33,5,50,Male,<=50K
20,7,40,Female,<=50K
27,13,40,Male,<=50K
49,10,40,Female,<=50K
41,13,45,Male,<=50K
28,13,60,Female,<=50K
50,9,15,Male,<=50K
47,13,45,Male,>50K
43,11,45,Male,>50K
44,13,50,Female,>50K
34,10,40,Male,<=50K
41,14,20,Female,<=50K
43,3,40,Female,>50K
22,13,40,Female,<=50K
34,9,32,Female,<=50K
18,7,40,Male,<=50K
53,9,35,Female,>50K
58,13,40,Male,<=50K
37,5,50,Male,<=50K
41,9,40,Male,<=50K
48,4,55,Male,<=50K
23,7,40,Male,<=50K
42,10,55,Male,>50K
47,10,40,Male,>50K
36,10,40,Female,<=50K
29,11,43,Male,<=50K
34,13,38,Female,<=50K
36,9,25,Female,<=50K
36,9,50,Male,<=50K
25,13,20,Female,<=50K
51,10,40,Male,<=50K
35,11,38,Male,<=50K
27,9,40,Male,<=50K
35,11,20,Female,>50K
26,13,40,Male,<=50K
25,3,40,Male,<=50K
60,10,40,Male,<=50K
21,10,25,Female,<=50K
36,11,40,Female,<=50K
36,9,48,Male,<=50K
26,9,60,Male,<=50K
35,13,50,Male,<=50K
41,12,50,Male,>50K
42,14,40,Male,<=50K
51,9,32,Male,<=50K
23,6,40,Male,<=50K
51,9,40,Male,<=50K
55,9,40,Male,>50K
44,13,38,Female,<=50K
28,9,45,Male,<=50K
32,9,32,Male,<=50K
31,10,40,Male,<=50K
44,9,40,Male,<=50K
40,12,40,Male,>50K
46,14,50,Male,>50K
42,9,60,Male,<=50K
24,13,8,Female,<=50K
18,6,40,Male,<=50K
54,9,45,Female,<=50K
80,14,10,Female,<=50K
19,9,40,Male,<=50K
43,5,40,Female,<=50K
59,16,40,Male,>50K
52,13,60,Male,<=50K
36,9,40,Male,>50K
68,10,30,Male,<=50K
35,7,40,Male,<=50K
28,10,70,Male,>50K
35,12,15,Male,<=50K
20,10,20,Female,<=50K
40,11,50,Male,>50K
20,12,20,Male,<=50K
20,9,40,Male,<=50K
49,13,43,Female,<=50K
39,9,45,Male,>50K
35,11,44,Female,<=50K
33,9,40,Male,<=50K
17,6,16,Female,<=50K
27,13,40,Male,<=50K
46,9,96,Male,>50K
24,10,45,Female,<=50K
23,10,24,Male,<=50K
25,9,25,Female,<=50K
29,9,40,Male,<=50K
44,9,40,Male,>50K
44,10,60,Male,<=50K
53,13,45,Female,<=50K
42,14,40,Female,<=50K
41,10,40,Male,>50K
55,10,36,Female,<=50K
26,13,24,Male,<=50K
24,13,40,Female,<=50K
28,13,40,Male,<=50K
41,10,50,Male,<=50K
70,9,6,Male,<=50K
44,9,45,Female,<=50K
44,10,40,Male,<=50K
62,13,40,Male,>50K
33,9,40,Male,>50K
48,13,50,Male,>50K
17,6,12,Female,<=50K
90,10,37,Female,<=50K
49,10,40,Male,>50K
39,9,40,Male,>50K
33,9,40,Male,<=50K
42,13,45,Male,<=50K
21,10,20,Male,<=50K
37,9,40,Male,<=50K
19,10,14,Male,<=50K
19,10,35,Female,<=50K
23,11,40,Female,<=50K
24,13,40,Male,<=50K
17,9,5,Female,<=50K
26,13,40,Female,<=50K
47,9,40,Female,<=50K
44,15,55,Male,>50K
40,7,50,Male,<=50K
50,10,40,Female,<=50K
35,11,35,Female,<=50K
38,13,50,Male,>50K
38,11,50,Male,<=50K
20,9,80,Male,<=50K
35,9,50,Male,<=50K
29,10,18,Female,<=50K
38,10,44,Male,<=50K
37,9,45,Male,<=50K
22,10,40,Female,<=50K
59,13,40,Male,<=50K
48,13,40,Male,>50K
37,9,55,Male,<=50K
54,10,40,Female,<=50K
53,3,40,Male,>50K
38,13,50,Male,>50K
39,10,45,Female,>50K
34,9,37,Female,>50K
19,10,25,Male,<=50K
68,6,35,Male,<=50K
40,14,50,Male,<=50K
45,13,40,Female,<=50K
40,9,46,Female,>50K
55,9,45,Male,<=50K
42,10,52,Male,<=50K
22,11,10,Male,<=50K
37,12,50,Male,>50K
21,13,30,Female,<=50K
27,10,32,Male,<=50K
64,10,65,Female,<=50K
44,10,40,Female,<=50K
57,13,40,Male,<=50K
56,9,40,Female,<=50K
48,10,40,Male,<=50K
46,9,40,Male,<=50K
43,9,60,Male,<=50K
61,15,50,Male,>50K
52,14,50,Male,>50K
29,13,72,Female,<=50K
52,3,40,Male,<=50K
29,10,25,Female,<=50K
55,14,50,Female,<=50K
28,9,70,Female,<=50K
35,13,40,Female,>50K
38,7,40,Female,<=50K
56,13,40,Male,<=50K
24,13,40,Male,<=50K
18,10,38,Female,<=50K
23,12,20,Male,<=50K
36,10,45,Female,<=50K
32,13,35,Male,<=50K
47,9,40,Male,<=50K
63,9,40,Female,<=50K
61,9,5,Female,<=50K
42,13,40,Female,<=50K
30,9,40,Male,<=50K
31,10,40,Female,<=50K
39,7,40,Male,<=50K
18,9,35,Male,<=50K
41,10,50,Male,<=50K
40,9,40,Male,<=50K
52,10,40,Female,<=50K
32,4,35,Female,<=50K
27,13,40,Male,<=50K
28,9,40,Male,<=50K
59,10,43,Male,>50K
36,2,40,Male,<=50K
44,9,40,Female,>50K
40,9,40,Male,<=50K
34,11,27,Female,>50K
20,10,35,Female,<=50K
29,9,48,Male,<=50K
51,13,47,Male,>50K
33,10,40,Male,<=50K
18,7,20,Female,<=50K
35,9,40,Male,<=50K
29,13,40,Female,<=50K
42,13,70,Male,>50K
27,9,40,Male,<=50K
36,9,40,Female,>50K
30,10,40,Male,<=50K
54,10,40,Female,<=50K
26,9,40,Male,<=50K
54,13,60,Male,<=50K
62,4,40,Male,>50K
25,13,60,Male,<=50K
20,10,60,Male,<=50K
45,13,40,Male,>50K
64,9,37,Female,<=50K
50,6,45,Male,<=50K
19,9,38,Male,<=50K
62,9,40,Male,>50K
37,2,66,Male,<=50K
44,10,60,Male,>50K
22,10,40,Female,<=50K
30,5,40,Male,<=50K
36,13,40,Female,<=50K
57,10,35,Female,<=50K
47,10,65,Male,>50K
44,13,40,Female,<=50K
46,13,20,Male,<=50K
34,6,36,Female,<=50K
39,9,40,Male,<=50K
50,13,40,Male,>50K
33,10,20,Male,<=50K
32,7,40,Male,<=50K
28,13,40,Male,<=50K
31,3,40,Male,<=50K
30,9,40,Female,<=50K
61,13,30,Male,<=50K
47,9,38,Male,<=50K
25,12,45,Female,<=50K
54,9,40,Male,>50K
33,9,40,Female,<=50K
50,9,40,Male,>50K
49,9,20,Female,<=50K
32,10,60,Female,<=50K
48,14,40,Female,<=50K
36,15,55,Male,>50K
61,9,12,Male,<=50K
64,10,40,Female,<=50K
35,13,40,Female,<=50K
51,9,40,Male,<=50K
22,12,30,Male,<=50K
26,9,40,Female,<=50K
25,9,40,Male,<=50K
55,9,45,Male,>50K
57,14,38,Male,>50K
44,13,40,Male,>50K
45,9,32,Male,>50K
28,6,45,Male,<=50K
56,10,40,Male,>50K
57,13,45,Female,<=50K
35,9,55,Male,<=50K
35,14,55,Male,>50K
57,13,40,Male,>50K
44,10,40,Male,<=50K
25,9,40,Male,<=50K
27,16,40,Male,>50K
43,10,15,Female,<=50K
47,4,55,Male,>50K
40,13,50,Male,>50K
38,10,40,Male,>50K
46,13,40,Male,<=50K
21,10,35,Male,<=50K
50,9,55,Female,<=50K
42,7,40,Male,<=50K
27,9,50,Male,<=50K
30,9,50,Male,<=50K
60,11,46,Male,>50K
44,13,45,Male,>50K
40,9,40,Male,<=50K
28,9,48,Male,<=50K
21,10,40,Female,<=50K
48,13,50,Female,<=50K
31,12,40,Female,<=50K
47,10,42,Female,<=50K
18,10,15,Female,<=50K
25,9,45,Male,<=50K
33,16,60,Male,>50K
26,13,40,Female,<=50K
53,13,40,Male,>50K
27,5,50,Female,<=50K
32,11,40,Male,<=50K
27,13,42,Male,<=50K
19,10,40,Male,<=50K
34,14,30,Female,<=50K
23,13,40,Female,<=50K
68,10,45,Female,<=50K
72,6,15,Male,<=50K
38,6,40,Male,<=50K
77,10,20,Female,<=50K
52,10,45,Male,>50K
33,10,40,Female,<=50K
62,13,35,Male,<=50K
37,3,40,Male,<=50K
21,10,25,Female,<=50K
28,13,50,Male,<=50K
33,10,40,Male,>50K
21,12,15,Male,<=50K
27,13,40,Female,<=50K
24,10,45,Male,<=50K
54,9,15,Male,<=50K
35,14,44,Male,>50K
42,9,42,Female,<=50K
39,11,40,Male,<=50K
17,7,5,Male,<=50K
38,13,38,Female,<=50K
42,9,40,Male,<=50K
46,10,40,Male,>50K
26,13,40,Male,<=50K
33,16,50,Male,>50K
23,11,30,Female,<=50K
48,10,40,Male,>50K
41,15,52,Female,>50K
38,10,38,Female,<=50K
58,10,32,Female,<=50K
20,9,25,Female,<=50K
26,13,40,Male,<=50K
71,9,20,Male,<=50K
31,10,20,Female,<=50K
23,13,40,Male,<=50K
68,14,45,Male,<=50K
22,10,20,Male,<=50K
47,12,40,Female,<=50K
27,10,60,Female,<=50K
21,9,35,Male,<=50K
50,13,40,Male,>50K
22,10,20,Female,<=50K
32,9,38,Female,<=50K
58,9,40,Female,<=50K
56,12,40,Female,<=50K
51,10,35,Female,<=50K
36,15,24,Female,<=50K
23,9,40,Female,<=50K
32,9,40,Male,<=50K
44,16,60,Male,<=50K
45,9,40,Female,<=50K
38,13,40,Male,>50K
47,3,20,Male,<=50K
54,9,40,Male,<=50K
47,10,40,Male,<=50K
20,5,40,Female,<=50K
27,13,40,Male,<=50K
30,11,60,Male,<=50K
20,10,30,Male,<=50K
57,13,50,Male,>50K
57,10,55,Male,<=50K
34,8,40,Female,<=50K
35,13,55,Male,<=50K
17,6,40,Male,<=50K
18,7,20,Female,<=50K
31,7,20,Female,<=50K
25,3,40,Male,<=50K
32,9,40,Male,<=50K
68,9,12,Male,<=50K
48,7,42,Female,<=50K
50,9,40,Female,<=50K
57,11,40,Male,<=50K
30,13,40,Female,<=50K
66,9,24,Male,<=50K
48,9,40,Female,>50K
31,2,45,Male,<=50K
33,9,40,Male,<=50K
43,10,40,Male,>50K
52,9,40,Male,>50K
29,10,40,Female,<=50K
33,9,42,Female,<=50K
31,9,38,Female,<=50K
29,9,35,Female,<=50K
27,10,40,Male,<=50K
29,11,40,Male,<=50K
17,8,30,Female,<=50K
64,9,60,Male,>50K
42,13,45,Male,>50K
34,10,40,Male,<=50K
52,6,25,Female,<=50K
43,10,40,Female,<=50K
34,5,40,Female,<=50K
38,9,50,Male,>50K
23,9,46,Male,<=50K
29,13,35,Female,<=50K
49,15,48,Male,<=50K
44,9,43,Female,<=50K
26,13,40,Male,<=50K
22,10,40,Male,<=50K
40,9,40,Male,<=50K
21,10,27,Female,<=50K
36,9,40,Male,<=50K
64,9,22,Female,<=50K
53,2,32,Male,<=50K
53,14,50,Female,<=50K
37,13,45,Female,>50K
55,9,25,Female,<=50K
30,9,40,Male,<=50K
41,13,40,Male,>50K
26,6,40,Female,<=50K
28,9,50,Male,<=50K
22,10,39,Female,<=50K
33,13,40,Male,<=50K
55,9,35,Male,<=50K
48,16,40,Male,>50K
24,9,40,Female,<=50K
34,9,40,Male,>50K
50,14,40,Male,>50K
31,10,40,Male,<=50K
24,11,30,Male,<=50K
28,9,40,Male,<=50K
29,10,40,Male,<=50K
44,12,40,Male,<=50K
59,9,40,Male,<=50K
25,9,40,Female,<=50K
44,9,45,Female,<=50K
70,13,50,Male,>50K
24,10,40,Female,<=50K
29,9,40,Female,<=50K
53,12,40,Male,>50K
31,12,60,Male,<=50K
47,9,60,Male,<=50K
34,9,40,Female,<=50K
33,11,70,Male,<=50K
31,9,40,Female,<=50K
50,9,40,Female,>50K
20,6,40,Male,<=50K
29,9,50,Male,<=50K
30,9,40,Male,<=50K
32,10,50,Male,>50K
49,10,40,Male,>50K
31,13,40,Male,>50K
28,13,50,Male,>50K
20,9,40,Female,<=50K
26,14,40,Female,>50K
54,10,40,Female,>50K
17,6,40,Male,<=50K
57,6,20,Female,<=50K
37,9,40,Male,>50K
34,13,48,Female,>50K
32,9,40,Male,<=50K
42,10,50,Male,<=50K
61,10,40,Male,<=50K
49,4,50,Male,<=50K
36,9,40,Male,>50K
54,9,40,Female,<=50K
51,7,40,Female,<=50K
63,9,7,Female,<=50K
38,13,21,Female,>50K
51,9,40,Male,<=50K
52,9,40,Male,<=50K
20,9,48,Male,<=50K
42,9,60,Female,<=50K
31,13,40,Female,<=50K
48,12,40,Female,<=50K
32,9,40,Female,<=50K
57,5,52,Male,<=50K
32,13,38,Male,<=50K
20,10,30,Male,<=50K
26,13,50,Male,>50K
64,10,40,Female,<=50K
62,11,50,Male,<=50K
41,9,40,Male,<=50K
42,11,50,Male,<=50K
47,9,38,Male,<=50K
50,4,35,Female,<=50K
20,9,20,Male,<=50K
60,12,30,Male,<=50K
41,9,40,Male,>50K
24,9,45,Female,<=50K
51,12,55,Male,>50K
50,7,40,Female,<=50K
70,9,28,Male,<=50K
44,9,35,Male,<=50K
49,13,50,Male,>50K
39,9,48,Male,<=50K
56,9,50,Male,>50K
38,10,60,Male,<=50K
34,9,40,Male,<=50K
20,10,40,Female,<=50K
33,9,40,Female,>50K
26,10,24,Male,<=50K
28,10,50,Male,<=50K
51,10,40,Male,<=50K
18,9,25,Female,<=50K
28,9,40,Male,<=50K
41,16,60,Male,>50K
48,11,40,Male,>50K
26,9,52,Male,>50K
57,10,38,Male,>50K
33,9,20,Male,<=50K
43,13,40,Male,<=50K
29,9,40,Male,<=50K
47,9,40,Female,<=50K
29,7,40,Female,<=50K
38,6,40,Male,>50K
37,12,40,Male,>50K
34,9,40,Female,<=50K
31,9,28,Female,<=50K
37,11,38,Female,<=50K
36,10,70,Male,<=50K
56,10,45,Male,>50K
18,8,40,Male,<=50K
28,10,50,Male,<=50K
46,13,40,Male,>50K
33,11,50,Female,>50K
37,14,60,Male,>50K
51,12,40,Male,<=50K
58,6,50,Male,>50K
32,10,55,Male,<=50K
23,10,24,Female,<=50K
61,13,40,Female,<=50K
19,9,30,Male,<=50K
43,13,40,Male,>50K
37,11,6,Female,<=50K
47,10,65,Female,<=50K
42,15,99,Male,>50K
19,9,20,Female,<=50K
28,9,40,Male,<=50K
21,10,40,Female,<=50K
56,14,44,Male,>50K
32,11,40,Male,>50K
38,10,40,Female,<=50K
20,10,60,Male,<=50K
28,9,60,Male,<=50K
50,9,40,Female,<=50K
55,9,40,Male,<=50K
18,10,30,Male,<=50K
19,10,25,Female,<=50K
34,10,52,Male,<=50K
79,13,40,Male,<=50K
27,7,40,Male,<=50K
40,10,45,Male,<=50K
33,5,45,Male,<=50K
43,9,40,Female,<=50K
36,9,60,Male,<=50K
36,9,40,Female,<=50K
33,7,40,Male,<=50K
24,9,48,Male,<=50K
58,13,50,Male,>50K
25,11,40,Female,>50K
40,13,40,Male,>50K
21,9,40,Male,<=50K
57,9,35,Female,<=50K
42,10,40,Male,>50K
22,10,35,Male,<=50K
31,13,60,Male,<=50K
23,9,40,Female,<=50K
27,11,40,Female,>50K
30,9,30,Female,<=50K
58,9,40,Male,>50K
53,16,40,Male,<=50K
32,6,40,Female,<=50K
50,9,37,Female,>50K
26,9,40,Female,<=50K
57,13,40,Male,<=50K
33,9,40,Male,<=50K
45,9,50,Female,<=50K
29,9,42,Female,<=50K
20,10,24,Male,<=50K
33,9,40,Male,<=50K
22,11,30,Female,<=50K
54,13,40,Male,>50K
44,14,40,Male,>50K
39,14,52,Male,>50K
23,10,35,Female,<=50K
19,9,24,Female,<=50K
47,13,70,Male,<=50K
32,9,40,Female,<=50K
69,15,40,Male,>50K
24,9,25,Male,<=50K
37,11,40,Male,>50K
26,11,35,Female,<=50K
44,9,60,Female,<=50K
21,10,40,Male,<=50K
70,9,40,Male,<=50K
41,9,20,Female,<=50K
49,10,40,Male,<=50K
57,12,20,Male,<=50K
65,10,40,Female,<=50K
30,13,40,Male,<=50K
24,10,40,Male,<=50K
56,9,38,Male,<=50K
56,13,40,Male,<=50K
30,11,40,Male,<=50K
26,9,55,Female,<=50K
59,13,40,Male,>50K
40,11,65,Female,>50K
36,10,40,Female,<=50K
59,10,40,Male,<=50K
46,12,38,Male,>50K
51,9,40,Female,<=50K
22,10,30,Female,<=50K
25,10,20,Female,<=50K
17,7,16,Male,<=50K
25,9,40,Male,<=50K
47,9,35,Female,<=50K
55,9,30,Female,<=50K
58,9,20,Male,<=50K
46,10,55,Male,<=50K
47,3,40,Female,<=50K
29,13,50,Male,<=50K
51,9,60,Male,<=50K
30,9,40,Male,<=50K
43,9,50,Male,<=50K
47,14,45,Male,>50K
26,10,60,Male,<=50K
20,10,35,Male,<=50K
41,10,46,Male,>50K
57,9,40,Male,<=50K
32,9,40,Female,<=50K
42,5,40,Male,<=50K
42,9,40,Male,<=50K
20,9,40,Male,<=50K
50,14,40,Male,<=50K
46,9,40,Male,<=50K
32,9,48,Male,<=50K
70,4,35,Female,<=50K
59,9,40,Male,<=50K
42,12,50,Male,<=50K
57,4,50,Male,<=50K
36,6,40,Male,<=50K
25,9,4,Female,<=50K
23,4,30,Female,<=50K
26,13,30,Male,<=50K
50,9,40,Male,>50K
17,7,20,Female,<=50K
28,13,40,Male,<=50K
31,10,40,Male,<=50K
23,10,30,Female,<=50K
52,5,30,Female,<=50K
25,13,40,Male,<=50K
48,9,25,Female,<=50K
55,10,40,Male,<=50K
48,9,45,Male,<=50K
23,10,40,Male,<=50K
37,11,40,Female,<=50K
24,10,40,Male,>50K
31,10,40,Male,<=50K
20,7,40,Male,<=50K
17,5,16,Female,<=50K
49,9,45,Female,<=50K
43,10,40,Male,>50K
25,14,37,Female,<=50K
20,10,5,Female,<=50K
49,9,45,Male,>50K
30,10,55,Female,>50K
39,9,40,Female,<=50K
44,8,40,Male,<=50K
47,9,55,Male,>50K
48,9,37,Female,<=50K
25,10,25,Female,<=50K
60,13,40,Male,>50K
26,13,45,Female,<=50K
59,7,40,Male,<=50K
26,9,40,Male,<=50K
20,10,30,Female,<=50K
29,14,45,Male,<=50K
19,9,3,Male,<=50K
43,13,35,Male,<=50K
52,9,45,Male,>50K
21,10,10,Male,<=50K
47,10,35,Female,<=50K
62,13,30,Female,>50K
29,6,32,Female,<=50K
24,11,40,Female,<=50K
20,8,40,Female,<=50K
28,13,45,Female,<=50K
43,10,50,Female,>50K
42,9,50,Male,>50K
56,10,45,Male,>50K
21,10,40,Male,<=50K
65,9,25,Female,<=50K
35,9,40,Male,<=50K
66,10,20,Female,<=50K
22,13,40,Female,<=50K
21,6,38,Female,<=50K
42,13,40,Female,>50K
22,12,45,Male,<=50K
19,7,35,Female,<=50K
26,9,45,Male,<=50K
76,9,8,Female,<=50K
37,10,40,Male,>50K
52,13,60,Male,>50K
57,5,38,Female,<=50K
59,9,40,Female,<=50K
32,12,56,Male,>50K
26,10,40,Male,<=50K
57,9,40,Male,<=50K
36,9,45,Male,>50K
18,8,20,Male,<=50K
57,9,42,Female,<=50K
54,2,50,Male,<=50K
50,16,23,Male,<=50K
66,10,15,Female,<=50K
39,12,40,Female,<=50K
47,9,40,Male,<=50K
37,9,35,Female,<=50K
26,10,18,Male,<=50K
48,10,40,Female,<=50K
53,14,40,Male,>50K
51,15,40,Male,<=50K
41,10,40,Male,<=50K
44,10,40,Female,<=50K
34,9,40,Male,<=50K
31,13,48,Male,<=50K
30,13,40,Male,<=50K
42,13,48,Male,<=50K
32,9,44,Male,<=50K
73,9,8,Male,<=50K
42,13,40,Male,>50K
37,14,40,Female,<=50K
38,10,40,Female,<=50K
29,13,40,Male,<=50K
36,9,40,Male,>50K
20,4,52,Female,<=50K
21,10,40,Male,<=50K
27,9,45,Male,<=50K
57,10,40,Male,>50K
39,15,70,Male,>50K
50,9,40,Male,<=50K
25,13,40,Male,<=50K
32,9,50,Male,>50K
19,9,40,Male,<=50K
43,9,40,Male,>50K
25,9,43,Female,<=50K
36,13,40,Male,<=50K
24,9,40,Female,<=50K
48,10,40,Female,<=50K
35,14,35,Female,<=50K
52,7,40,Male,<=50K
34,10,40,Female,<=50K
26,12,45,Female,<=50K
59,10,80,Female,>50K
35,10,50,Male,>50K
58,10,36,Male,<=50K
27,12,30,Male,<=50K
55,9,40,Male,<=50K
45,10,50,Male,<=50K
24,9,50,Female,<=50K
37,10,48,Male,<=50K
67,13,30,Male,<=50K
55,13,35,Male,<=50K
59,9,24,Male,>50K
39,9,40,Male,<=50K
23,10,40,Male,<=50K
41,14,50,Male,>50K
38,10,40,Female,<=50K
19,10,20,Male,<=50K
32,13,55,Male,>50K
17,6,15,Male,<=50K
42,10,50,Male,<=50K
29,13,40,Male,>50K
30,15,50,Male,>50K
44,10,40,Male,>50K
28,3,40,Female,<=50K
50,7,40,Female,<=50K
57,9,35,Female,<=50K
59,11,50,Male,>50K
41,12,40,Male,>50K
43,4,40,Male,<=50K
19,10,23,Female,<=50K
32,11,40,Male,<=50K
61,13,50,Male,>50K
39,6,40,Male,<=50K
49,9,40,Male,<=50K
52,9,45,Female,<=50K
35,9,40,Male,<=50K
53,9,60,Male,<=50K
40,9,55,Male,>50K
23,7,35,Female,<=50K
39,14,32,Female,<=50K
40,9,40,Male,<=50K
28,12,40,Female,<=50K
34,10,25,Male,<=50K
33,10,50,Male,>50K
60,14,40,Male,<=50K
38,12,20,Female,<=50K
18,9,40,Female,<=50K
18,7,20,Male,<=50K
27,9,50,Female,<=50K
51,3,40,Female,<=50K
27,11,40,Male,<=50K
63,10,40,Female,<=50K
17,7,12,Female,<=50K
49,10,50,Male,>50K
18,8,15,Female,<=50K
57,10,40,Male,>50K
40,13,45,Male,>50K
56,4,40,Male,<=50K
45,11,60,Male,>50K
33,12,40,Male,<=50K
63,6,20,Male,<=50K
48,9,15,Male,<=50K
20,9,40,Male,<=50K
34,6,60,Male,<=50K
34,13,40,Male,<=50K
50,10,40,Male,>50K
19,9,30,Male,<=50K
17,7,9,Female,<=50K
37,11,35,Female,<=50K
67,13,40,Male,<=50K
26,9,42,Male,>50K
35,13,50,Male,<=50K
26,9,48,Female,<=50K
47,10,40,Male,<=50K
55,9,40,Female,<=50K
36,9,40,Female,<=50K
46,10,50,Male,>50K
58,9,45,Male,<=50K
19,10,20,Male,<=50K
20,10,35,Male,<=50K
26,13,40,Female,<=50K
23,9,35,Male,<=50K
42,15,60,Male,>50K
67,9,35,Male,<=50K
33,9,40,Male,<=50K
48,13,60,Male,<=50K
59,10,34,Female,<=50K
61,10,25,Male,<=50K
47,15,55,Male,>50K
56,9,48,Male,>50K
41,10,52,Male,<=50K
33,10,45,Male,<=50K
41,9,27,Male,<=50K
39,11,40,Male,<=50K
27,13,40,Female,<=50K
36,13,40,Female,<=50K
43,9,40,Female,<=50K
20,10,40,Male,<=50K
44,9,48,Male,<=50K
38,13,40,Male,>50K
51,9,40,Male,<=50K
62,8,40,Male,>50K
64,10,35,Male,<=50K
33,13,40,Male,<=50K
40,9,40,Male,>50K
22,10,30,Female,<=50K
25,13,44,Male,<=50K
46,12,40,Female,<=50K
31,13,55,Male,>50K
43,8,25,Female,<=50K
25,10,60,Female,<=50K
29,9,40,Female,<=50K
46,11,40,Male,<=50K
38,13,60,Female,>50K
37,9,42,Female,<=50K
39,13,60,Male,<=50K
30,9,40,Male,<=50K
27,6,38,Female,<=50K
58,9,35,Male,>50K
32,13,50,Male,<=50K
32,9,40,Female,<=50K
30,11,40,Male,<=50K
45,10,40,Male,>50K
24,9,40,Female,<=50K
29,14,40,Male,<=50K
64,13,40,Female,<=50K
30,9,60,Male,>50K
24,13,30,Female,<=50K
23,13,40,Male,<=50K
42,12,40,Female,<=50K
33,9,40,Male,<=50K
30,9,46,Male,<=50K
19,10,25,Female,<=50K
32,9,40,Male,<=50K
45,9,14,Female,<=50K
54,9,20,Male,<=50K
38,15,40,Male,>50K
72,2,36,Male,<=50K
23,12,20,Male,<=50K
41,9,40,Male,<=50K
21,9,25,Male,<=50K
68,9,40,Male,<=50K
29,10,40,Male,<=50K
29,13,15,Male,<=50K
44,13,36,Female,<=50K
34,9,20,Female,<=50K
25,9,40,Female,<=50K
64,10,60,Female,<=50K
20,10,30,Female,<=50K
70,13,15,Male,<=50K
30,9,55,Male,<=50K
24,10,30,Female,<=50K
47,13,35,Female,>50K
32,9,40,Male,>50K
44,3,32,Male,<=50K
30,15,45,Female,>50K
46,8,40,Male,<=50K
27,9,28,Male,<=50K
25,9,45,Male,<=50K
23,10,25,Female,<=50K
56,8,40,Male,<=50K
31,10,40,Female,<=50K
61,9,45,Male,>50K
58,9,36,Female,<=50K
44,9,40,Female,<=50K
36,9,45,Male,>50K
59,9,40,Female,<=50K
34,14,40,Male,<=50K
28,9,45,Male,<=50K
60,9,40,Male,>50K
44,9,40,Female,<=50K
43,10,40,Male,<=50K
59,13,38,Male,>50K
44,15,60,Male,>50K
42,10,44,Male,>50K
44,11,20,Male,<=50K
17,6,15,Male,<=50K
26,13,40,Female,<=50K
49,14,40,Male,<=50K
23,9,35,Male,<=50K
27,10,38,Female,<=50K
27,13,33,Female,<=50K
53,9,60,Male,<=50K
55,10,40,Male,<=50K
66,6,30,Male,<=50K
19,7,25,Male,<=50K
42,8,30,Male,<=50K
19,9,30,Male,<=50K
35,10,40,Male,<=50K
19,9,32,Male,<=50K
32,13,50,Male,>50K
21,12,8,Female,<=50K
43,11,40,Male,>50K
35,2,15,Male,<=50K
58,9,40,Male,>50K
26,9,40,Female,<=50K
29,12,40,Female,>50K
53,9,40,Male,<=50K
37,7,40,Male,<=50K
53,9,40,Male,>50K
31,9,27,Male,<=50K
32,3,48,Male,<=50K
30,10,32,Male,<=50K
23,13,32,Female,<=50K
17,7,12,Female,<=50K
19,10,20,Female,<=50K
33,11,40,Female,<=50K
65,10,40,Female,<=50K
45,14,60,Male,<=50K
36,10,50,Male,<=50K
35,9,60,Male,>50K
44,9,40,Male,>50K
49,13,50,Male,<=50K
27,13,28,Male,<=50K
56,13,40,Male,>50K
24,9,36,Female,<=50K
22,9,40,Male,<=50K
50,4,63,Male,>50K
27,9,60,Male,>50K
51,14,50,Male,>50K
27,10,25,Female,<=50K
68,15,16,Female,<=50K
38,4,50,Female,>50K
32,10,65,Female,<=50K
36,13,40,Female,>50K
37,13,40,Male,<=50K
30,12,40,Female,<=50K
34,6,30,Female,<=50K
29,9,50,Male,<=50K
35,9,40,Male,<=50K
46,12,60,Male,>50K
38,9,38,Female,<=50K
27,7,40,Male,<=50K
53,10,47,Male,>50K
50,10,40,Male,>50K
51,10,40,Male,>50K
20,10,36,Male,<=50K
54,14,55,Female,>50K
37,12,40,Female,<=50K
62,13,50,Male,>50K
50,9,30,Male,<=50K
47,9,40,Male,<=50K
54,9,70,Male,<=50K
42,9,40,Male,>50K
36,9,40,Female,<=50K
37,13,45,Male,>50K
18,10,40,Female,<=50K
58,9,40,Female,>50K
59,9,40,Female,<=50K
30,13,60,Male,<=50K
46,7,32,Male,<=50K
24,13,40,Male,<=50K
25,13,32,Female,<=50K
30,13,40,Female,<=50K
22,11,30,Female,<=50K
33,9,45,Male,<=50K
66,9,40,Male,<=50K
63,9,40,Male,<=50K
65,9,40,Male,>50K
54,9,32,Male,<=50K
23,9,40,Male,<=50K
40,14,35,Male,>50K
19,9,20,Male,<=50K
39,13,40,Male,>50K
28,8,40,Female,<=50K
29,9,42,Male,<=50K
19,9,25,Male,<=50K
43,7,80,Male,<=50K
57,9,40,Male,>50K
65,10,14,Female,<=50K
40,12,40,Female,<=50K
64,6,40,Male,<=50K
57,6,8,Male,<=50K
49,15,60,Male,>50K
21,6,40,Male,<=50K
54,4,40,Male,<=50K
38,9,40,Male,<=50K
30,10,45,Male,<=50K
28,13,65,Male,>50K
49,4,40,Male,<=50K
22,10,50,Male,<=50K
34,9,40,Male,<=50K
27,13,60,Female,<=50K
33,9,40,Male,<=50K
37,14,50,Male,>50K
31,9,40,Male,>50K
47,10,40,Male,<=50K
38,10,48,Male,<=50K
58,15,45,Male,>50K
25,13,43,Male,<=50K
77,13,10,Female,<=50K
22,13,40,Female,<=50K
39,9,35,Female,<=50K
35,13,40,Female,>50K
55,13,55,Female,<=50K
39,12,55,Male,<=50K
41,13,40,Male,<=50K
21,9,30,Female,<=50K
30,9,50,Male,<=50K
21,9,40,Male,<=50K
38,13,40,Male,<=50K
27,9,40,Male,<=50K
38,13,50,Female,<=50K
37,9,40,Male,<=50K
47,9,40,Female,<=50K
56,9,37,Female,<=50K
47,10,40,Male,<=50K
46,9,40,Male,<=50K
38,15,50,Male,<=50K
69,9,40,Female,<=50K
63,4,60,Male,>50K
60,10,16,Male,>50K
31,12,45,Male,>50K
23,9,40,Male,<=50K
57,9,45,Male,>50K
55,9,50,Male,<=50K
52,13,40,Male,<=50K
34,9,40,Male,<=50K
22,10,40,Female,<=50K
28,13,55,Male,<=50K
20,5,32,Female,<=50K
40,11,40,Male,<=50K
32,9,40,Male,<=50K
20,9,26,Female,<=50K
48,14,40,Male,>50K
39,10,40,Female,<=50K
26,10,60,Male,<=50K
38,13,50,Male,<=50K
24,12,2,Female,<=50K
38,5,24,Female,<=50K
42,13,30,Female,<=50K
40,10,35,Male,<=50K
24,14,15,Male,<=50K
52,15,40,Male,>50K
27,13,40,Female,<=50K
35,13,40,Female,>50K
44,9,40,Male,<=50K
59,10,40,Male,<=50K
46,9,40,Female,<=50K
50,10,40,Male,>50K
54,9,50,Male,<=50K
19,10,40,Male,<=50K
25,13,40,Male,<=50K
25,6,40,Male,<=50K
66,9,40,Male,<=50K
47,4,40,Male,<=50K
32,9,40,Male,<=50K
39,10,60,Male,<=50K
40,10,50,Male,>50K
27,9,35,Male,<=50K
32,9,40,Female,<=50K
35,13,40,Male,<=50K
26,14,40,Female,<=50K
32,10,30,Male,<=50K
28,9,40,Male,<=50K
23,10,30,Male,<=50K
56,13,50,Male,>50K
19,9,40,Male,<=50K
35,9,45,Male,<=50K
35,12,35,Male,<=50K
58,16,1,Male,>50K
44,10,40,Female,<=50K
56,9,40,Male,<=50K
37,10,35,Female,<=50K
34,10,25,Female,<=50K
44,13,40,Male,<=50K
42,9,40,Male,<=50K
36,14,45,Male,<=50K
25,13,35,Female,<=50K
26,10,40,Male,<=50K
31,15,50,Male,>50K
28,9,40,Male,>50K
26,9,48,Male,<=50K
28,9,40,Male,<=50K
42,13,50,Male,>50K
24,13,40,Female,<=50K
36,13,35,Female,>50K
45,11,20,Male,<=50K
22,9,40,Female,<=50K
59,9,40,Male,>50K
40,9,50,Male,<=50K
56,10,45,Male,<=50K
49,9,50,Male,<=50K
22,13,40,Female,<=50K
19,10,15,Female,<=50K
38,9,40,Male,<=50K
29,9,40,Female,<=50K
27,13,40,Female,<=50K
22,10,40,Female,<=50K
41,13,40,Male,<=50K
69,10,38,Female,<=50K
55,9,50,Male,>50K
28,9,40,Male,<=50K
49,9,40,Male,<=50K
39,13,45,Male,<=50K
40,9,40,Male,<=50K
46,10,60,Male,<=50K
29,9,40,Male,<=50K
49,10,40,Male,>50K
30,9,40,Male,>50K
51,16,52,Male,>50K
50,5,50,Male,<=50K
33,9,40,Male,<=50K
26,12,75,Male,<=50K
54,3,40,Male,<=50K
17,9,35,Female,<=50K
17,6,24,Female,<=50K
36,3,40,Male,>50K
55,9,20,Male,<=50K
41,9,48,Male,<=50K
56,10,40,Male,<=50K
34,9,45,Male,<=50K
45,10,40,Male,>50K
37,9,50,Male,<=50K
47,9,32,Female,<=50K
53,4,35,Male,<=50K
49,13,65,Male,<=50K
56,4,26,Male,<=50K
20,9,40,Female,<=50K
32,13,40,Male,>50K
42,10,40,Female,<=50K
45,10,48,Female,<=50K
19,10,15,Female,<=50K
25,10,40,Male,<=50K
36,9,40,Male,>50K
23,5,40,Male,<=50K
54,9,35,Female,<=50K
46,4,75,Male,<=50K
57,7,15,Male,<=50K
44,13,48,Male,>50K
38,6,40,Male,<=50K
31,10,50,Male,>50K
39,5,40,Male,<=50K
31,9,40,Male,<=50K
20,7,40,Female,<=50K
38,9,40,Male,<=50K
45,13,40,Female,>50K
24,10,20,Female,<=50K
60,14,8,Female,<=50K
18,9,40,Male,<=50K
39,15,48,Female,>50K
20,10,35,Male,<=50K
45,9,37,Female,<=50K
49,10,28,Female,<=50K
37,13,40,Male,>50K
23,10,25,Male,<=50K
53,14,40,Male,>50K
20,7,40,Male,<=50K
52,11,40,Male,<=50K
29,13,40,Female,<=50K
56,9,50,Male,<=50K
53,16,55,Female,>50K
34,9,45,Male,<=50K
28,13,50,Male,>50K
26,9,40,Male,<=50K
28,13,48,Female,<=50K
18,7,25,Female,<=50K
29,10,40,Female,>50K
59,10,50,Male,>50K
35,9,45,Male,<=50K
38,13,40,Female,<=50K
28,11,50,Male,<=50K
31,9,40,Male,<=50K
36,10,40,Female,<=50K
46,10,50,Female,<=50K
58,7,40,Female,<=50K
37,9,40,Male,>50K
42,7,30,Female,<=50K
44,14,55,Female,<=50K
35,9,40,Female,<=50K
52,9,40,Male,>50K
35,3,50,Male,<=50K
19,10,15,Female,<=50K
50,14,46,Male,>50K
32,9,45,Male,<=50K
33,13,50,Male,>50K
40,12,55,Female,<=50K
31,6,38,Male,<=50K
30,9,40,Male,>50K
43,14,65,Female,<=50K
47,9,40,Male,<=50K
50,9,30,Male,<=50K
32,9,48,Male,<=50K
58,10,40,Male,<=50K
55,5,48,Male,<=50K
40,14,40,Male,>50K
42,12,55,Male,>50K
30,13,40,Female,<=50K
26,13,80,Female,<=50K
45,10,80,Female,<=50K
61,3,40,Male,<=50K
39,9,40,Male,>50K
65,10,15,Female,<=50K
35,9,40,Male,<=50K
52,14,32,Male,>50K
27,13,40,Female,<=50K
24,9,40,Male,<=50K
27,9,40,Male,>50K
30,9,35,Female,<=50K
55,8,30,Male,<=50K
53,9,40,Male,<=50K
47,9,12,Male,<=50K
29,10,60,Male,>50K
77,15,40,Male,<=50K
60,4,50,Male,>50K
28,12,40,Male,<=50K
79,9,40,Male,<=50K
58,10,40,Male,>50K
56,4,40,Male,<=50K
38,10,40,Male,<=50K
29,9,44,Female,<=50K
34,12,36,Female,<=50K
36,10,50,Male,>50K
54,11,40,Female,<=50K
73,9,20,Female,<=50K
48,15,60,Male,>50K
20,10,40,Female,<=50K
23,11,36,Female,<=50K
52,6,41,Male,<=50K
45,10,50,Male,<=50K
63,13,45,Male,>50K
23,13,40,Male,<=50K
36,8,40,Female,<=50K
47,9,40,Male,<=50K
25,7,40,Male,<=50K
24,9,50,Male,<=50K
35,13,40,Male,<=50K
59,9,45,Male,<=50K
39,9,40,Male,<=50K
38,10,36,Male,>50K
29,14,42,Female,<=50K
24,10,40,Male,<=50K
52,9,40,Male,<=50K
48,14,10,Female,>50K
50,14,65,Male,>50K
29,9,40,Male,<=50K
38,10,48,Male,>50K
54,3,40,Male,<=50K
53,9,40,Male,<=50K
25,10,40,Male,<=50K
55,6,45,Male,<=50K
37,9,25,Male,<=50K
34,14,41,Male,>50K
43,10,20,Female,<=50K
35,9,50,Male,<=50K
61,10,30,Female,<=50K
36,10,40,Male,>50K
45,10,45,Female,<=50K
65,9,24,Male,<=50K
22,6,30,Male,<=50K
34,9,40,Male,<=50K
23,14,40,Male,<=50K
30,4,38,Male,<=50K
17,6,25,Male,<=50K
84,10,6,Female,<=50K
64,16,50,Male,>50K
20,10,30,Female,<=50K
37,13,40,Male,<=50K
46,11,60,Male,<=50K
24,11,40,Female,<=50K
61,7,40,Male,<=50K
54,10,40,Female,<=50K
42,14,40,Female,<=50K
36,6,40,Female,<=50K
37,7,40,Female,<=50K
43,13,50,Male,>50K
22,9,35,Female,<=50K
50,9,40,Female,>50K
31,9,40,Male,<=50K
30,9,40,Male,>50K
30,10,40,Male,<=50K
17,8,15,Female,<=50K
31,12,40,Male,<=50K
26,9,40,Male,<=50K
30,9,40,Female,<=50K
57,10,40,Female,<=50K
32,9,40,Male,<=50K
31,9,40,Female,<=50K
41,13,50,Male,<=50K
27,11,40,Male,>50K
47,9,40,Male,<=50K
19,10,35,Male,<=50K
33,9,50,Male,<=50K
50,9,33,Female,<=50K
61,14,40,Male,>50K
36,9,69,Male,>50K
38,10,25,Female,<=50K
54,1,40,Male,<=50K
54,9,40,Male,<=50K
21,10,40,Male,<=50K
36,13,50,Male,>50K
26,13,40,Male,<=50K
31,9,40,Female,<=50K
29,13,10,Female,<=50K
62,13,60,Male,>50K
28,9,35,Female,<=50K
35,11,50,Male,<=50K
35,10,40,Female,<=50K
32,3,40,Male,<=50K
23,14,20,Female,<=50K
30,9,40,Male,<=50K
65,13,40,Male,>50K
65,9,40,Female,<=50K
32,4,19,Male,<=50K
57,14,50,Male,>50K
47,16,45,Male,<=50K
35,9,50,Female,<=50K
31,9,50,Male,<=50K
48,10,40,Male,>50K
28,11,42,Female,<=50K
22,7,40,Male,<=50K
69,13,40,Male,<=50K
23,10,32,Male,<=50K
44,11,40,Male,>50K
19,9,25,Male,<=50K
51,10,45,Male,<=50K
17,9,15,Female,<=50K
61,9,40,Male,>50K
66,9,35,Female,<=50K
34,10,64,Male,>50K
43,7,40,Female,<=50K
38,8,50,Female,<=50K
43,9,35,Female,<=50K
57,9,50,Female,<=50K
27,9,60,Male,<=50K
32,15,25,Male,>50K
44,9,45,Male,<=50K
49,10,45,Male,<=50K
24,9,30,Male,<=50K
34,13,40,Male,<=50K
29,10,35,Male,<=50K
38,10,55,Male,>50K
48,10,38,Female,<=50K
64,9,45,Male,>50K
57,9,40,Female,<=50K
34,11,50,Male,<=50K
49,9,44,Female,<=50K
55,16,80,Male,>50K
50,10,40,Male,<=50K
53,6,40,Male,>50K
45,14,40,Male,>50K
45,9,40,Male,<=50K
43,13,50,Female,>50K
25,9,25,Female,<=50K
59,14,60,Male,<=50K
18,7,35,Male,<=50K
35,10,40,Male,<=50K
26,2,55,Male,<=50K
21,10,17,Male,<=50K
26,14,32,Male,<=50K
24,10,40,Male,<=50K
34,14,28,Female,<=50K
27,13,40,Male,<=50K
18,10,50,Female,<=50K
32,9,37,Female,<=50K
54,13,36,Female,<=50K
63,9,20,Male,<=50K
49,13,60,Male,<=50K
32,9,50,Female,<=50K
22,10,40,Female,<=50K
36,13,45,Male,>50K
33,14,50,Male,<=50K
38,9,45,Female,<=50K
61,10,50,Male,>50K
47,15,60,Male,>50K
46,10,40,Male,<=50K
58,12,36,Male,<=50K
31,6,40,Male,<=50K
32,10,40,Female,<=50K
36,10,40,Female,<=50K
26,13,50,Male,<=50K
54,13,40,Male,<=50K
46,14,40,Female,<=50K
20,9,40,Male,<=50K
23,13,50,Male,<=50K
42,9,40,Male,<=50K
18,7,30,Female,<=50K
20,10,30,Female,<=50K
30,9,40,Male,<=50K
29,10,45,Male,<=50K
22,10,40,Female,<=50K
24,7,39,Male,<=50K
33,11,40,Male,<=50K
43,10,70,Male,>50K
33,12,40,Male,<=50K
39,9,40,Female,<=50K
35,10,40,Female,<=50K
49,9,44,Male,<=50K
60,9,40,Male,<=50K
36,13,45,Male,>50K
45,13,60,Male,>50K
36,11,50,Male,<=50K
29,2,40,Male,<=50K
58,4,40,Female,<=50K
23,10,40,Male,<=50K
37,11,40,Female,<=50K
53,9,40,Male,<=50K
51,9,40,Male,<=50K
45,16,55,Male,>50K
28,14,40,Male,<=50K
41,16,70,Male,>50K
59,9,18,Female,<=50K
34,9,35,Female,<=50K
42,13,60,Male,<=50K
43,10,40,Male,>50K
43,6,60,Male,<=50K
41,9,40,Female,<=50K
45,10,40,Male,>50K
44,10,50,Male,>50K
51,13,35,Male,<=50K
41,10,40,Male,<=50K
81,15,45,Male,>50K
35,9,40,Male,>50K
38,9,45,Male,<=50K
62,9,40,Male,<=50K
29,9,10,Female,>50K
29,9,40,Male,<=50K
49,13,40,Female,<=50K
46,13,40,Male,>50K
36,7,40,Male,<=50K
34,13,55,Male,<=50K
19,10,15,Female,<=50K
43,13,45,Male,<=50K
24,10,40,Male,<=50K
53,16,40,Female,<=50K
37,10,55,Male,>50K
28,9,40,Male,<=50K
19,10,26,Female,<=50K
61,9,40,Female,<=50K
59,6,45,Male,>50K
27,10,40,Female,<=50K
50,13,50,Female,>50K
22,9,40,Male,<=50K
45,9,40,Female,<=50K
54,12,50,Male,>50K
48,16,65,Male,>50K
18,6,27,Male,<=50K
48,9,40,Female,<=50K
50,13,60,Male,>50K
43,9,40,Female,<=50K
45,10,46,Male,<=50K
50,13,50,Male,<=50K
47,10,48,Female,>50K
18,6,40,Female,<=50K
45,13,40,Male,<=50K
32,13,40,Male,>50K
41,9,45,Male,<=50K
22,9,40,Male,<=50K
27,10,55,Female,<=50K
23,9,40,Female,<=50K
45,16,40,Female,>50K
40,9,30,Male,<=50K
22,10,35,Male,<=50K
29,8,35,Female,<=50K
45,10,24,Female,<=50K
18,10,40,Female,<=50K
62,10,40,Female,<=50K
43,13,70,Male,>50K
54,9,60,Male,>50K
21,9,40,Male,<=50K
44,8,40,Male,>50K
73,10,38,Male,<=50K
37,13,50,Male,<=50K
43,9,60,Male,<=50K
17,6,20,Female,<=50K
25,13,38,Female,<=50K
36,13,35,Female,>50K
27,10,40,Female,<=50K
63,4,40,Female,<=50K
57,13,40,Male,>50K
55,10,48,Male,>50K
35,10,32,Female,<=50K
38,13,60,Male,<=50K
59,13,50,Female,>50K
17,7,12,Male,<=50K
50,14,50,Male,>50K
37,9,40,Male,>50K
62,14,70,Male,<=50K
75,14,16,Male,<=50K
31,9,40,Male,<=50K
58,9,25,Female,<=50K
22,10,40,Female,<=50K
47,9,24,Male,<=50K
31,10,32,Female,<=50K
58,9,40,Male,>50K
54,10,55,Male,>50K
26,9,40,Female,<=50K
29,10,30,Male,<=50K
55,14,40,Male,>50K
47,15,48,Male,>50K
51,12,50,Female,<=50K
21,9,40,Male,<=50K
53,15,45,Male,>50K
51,7,40,Male,<=50K
45,11,40,Male,>50K
42,10,32,Female,<=50K
29,13,50,Male,>50K
48,5,45,Female,<=50K
42,9,40,Male,>50K
28,10,50,Male,<=50K
26,12,40,Male,<=50K
45,9,40,Male,>50K
36,10,92,Male,<=50K
41,13,45,Female,<=50K
24,10,45,Female,<=50K
74,3,56,Male,<=50K
36,11,40,Male,>50K
26,13,40,Male,<=50K
34,9,40,Male,<=50K
23,10,35,Male,<=50K
50,13,30,Male,<=50K
20,5,50,Male,<=50K
52,13,8,Female,<=50K
25,7,40,Female,<=50K
17,8,40,Male,<=50K
26,9,30,Female,<=50K
40,12,50,Male,>50K
56,9,50,Male,<=50K
56,13,20,Male,<=50K
44,9,45,Male,>50K
52,13,45,Male,>50K
39,14,45,Male,>50K
35,9,40,Male,<=50K
37,13,45,Male,>50K
53,10,40,Female,<=50K
30,10,48,Male,>50K
45,11,60,Male,<=50K
21,9,40,Male,<=50K
42,13,60,Male,>50K
31,9,27,Female,<=50K
35,9,55,Male,<=50K
37,9,40,Male,<=50K
19,9,24,Male,<=50K
29,9,30,Male,<=50K
43,11,60,Male,<=50K
44,12,45,Male,>50K
46,16,40,Male,>50K
51,10,40,Female,>50K
20,10,45,Male,<=50K
27,9,40,Male,<=50K
37,10,20,Female,<=50K
17,6,15,Female,<=50K
40,6,40,Male,<=50K
36,9,60,Male,<=50K
57,13,60,Male,>50K
50,13,40,Male,>50K
48,13,40,Male,<=50K
43,10,60,Male,<=50K
18,8,24,Female,<=50K
50,3,37,Male,<=50K
36,13,40,Female,<=50K
41,6,48,Male,<=50K
22,13,45,Male,<=50K
30,14,45,Male,>50K
49,10,40,Female,<=50K
26,10,40,Female,<=50K
76,10,20,Female,<=50K
24,13,35,Female,<=50K
32,9,40,Male,>50K
48,16,45,Male,>50K
34,9,50,Male,<=50K
44,10,40,Male,<=50K
44,14,45,Male,>50K
56,9,40,Female,<=50K
24,13,20,Female,<=50K
24,13,20,Female,<=50K
48,12,50,Male,<=50K
41,9,40,Male,<=50K
28,12,45,Male,<=50K
59,9,40,Male,>50K
27,13,45,Male,<=50K
52,13,55,Male,<=50K
58,10,40,Female,<=50K
45,9,40,Male,>50K
60,11,40,Male,>50K
45,13,40,Female,<=50K
27,9,45,Female,<=50K
34,13,60,Male,>50K
38,16,55,Male,>50K
26,10,40,Male,<=50K
38,13,48,Male,<=50K
34,13,40,Male,>50K
24,11,35,Female,<=50K
71,4,15,Male,<=50K
60,15,70,Male,>50K
19,8,20,Male,<=50K
36,11,38,Male,<=50K
29,13,45,Male,>50K
55,9,38,Male,<=50K
30,9,40,Male,<=50K
31,10,57,Male,<=50K
68,5,2,Male,<=50K
18,10,25,Female,<=50K
37,10,40,Male,>50K
36,15,50,Male,<=50K
38,13,70,Male,>50K
34,13,55,Male,>50K
49,11,30,Male,<=50K
64,9,40,Male,<=50K
44,9,40,Male,<=50K
57,13,40,Male,>50K
39,9,38,Female,<=50K
67,16,50,Female,>50K
39,14,40,Male,<=50K
35,10,38,Male,<=50K
58,9,40,Female,<=50K
48,13,40,Male,>50K
27,9,40,Male,<=50K
22,7,40,Male,<=50K
51,13,40,Male,<=50K
19,10,16,Male,<=50K
46,15,40,Male,>50K
43,15,40,Male,<=50K
44,15,80,Male,>50K
21,10,40,Female,<=50K
42,10,40,Female,>50K
44,14,24,Male,<=50K
18,9,25,Female,<=50K
35,9,40,Male,<=50K
37,9,50,Male,>50K
55,9,40,Female,<=50K
51,9,40,Male,>50K
63,4,30,Male,<=50K
49,4,40,Female,<=50K
23,9,32,Male,<=50K
38,14,40,Male,<=50K
54,9,50,Male,<=50K
63,4,45,Male,<=50K
39,9,50,Male,>50K
27,10,30,Female,<=50K
46,7,40,Male,<=50K
60,13,50,Male,<=50K
31,10,40,Female,<=50K
46,15,40,Male,>50K
37,14,40,Male,>50K
51,14,54,Male,>50K
17,7,20,Male,<=50K
41,10,40,Male,<=50K
27,13,50,Female,<=50K
45,10,40,Male,>50K
32,9,40,Male,<=50K
52,6,40,Female,<=50K
33,13,50,Male,>50K
45,15,60,Male,>50K
44,10,38,Female,>50K
26,9,40,Female,<=50K
45,3,40,Male,<=50K
50,13,60,Female,<=50K
39,11,40,Male,<=50K
29,5,40,Male,<=50K
33,7,30,Female,<=50K
34,9,40,Male,<=50K
40,12,70,Female,<=50K
53,9,40,Male,<=50K
57,9,45,Male,>50K
35,12,12,Female,>50K
19,10,28,Male,<=50K
57,14,40,Female,>50K
17,6,6,Female,<=50K
62,14,40,Male,<=50K
69,9,18,Female,<=50K
35,13,40,Male,<=50K
40,10,60,Male,<=50K
35,9,80,Male,<=50K
20,10,40,Male,<=50K
53,10,40,Male,<=50K
40,9,40,Male,<=50K
48,9,40,Male,<=50K
44,10,40,Male,>50K
18,7,16,Male,<=50K
39,9,50,Male,>50K
29,9,38,Male,<=50K
33,9,16,Male,<=50K
50,10,40,Male,<=50K
52,9,40,Male,<=50K
28,6,40,Male,<=50K
19,10,25,Male,<=50K
32,9,40,Male,<=50K
19,9,12,Female,<=50K
40,10,40,Male,<=50K
51,13,40,Male,>50K
29,14,60,Male,<=50K
47,14,40,Male,<=50K
42,10,37,Female,>50K
42,10,50,Male,>50K
26,11,60,Female,<=50K
52,12,40,Male,>50K
20,9,40,Male,<=50K
30,10,40,Male,<=50K
23,10,35,Female,<=50K
56,9,48,Male,<=50K
36,9,40,Female,<=50K
57,10,50,Male,<=50K
23,10,60,Male,<=50K
25,10,40,Female,<=50K
53,15,40,Male,>50K
27,10,40,Male,>50K
30,13,65,Female,<=50K
53,9,60,Male,<=50K
42,9,60,Male,<=50K
30,14,40,Female,<=50K
19,9,40,Female,<=50K
30,13,40,Male,<=50K
54,3,51,Male,<=50K
40,12,40,Female,<=50K
61,13,40,Male,<=50K
46,10,38,Male,>50K
53,9,60,Male,>50K
53,10,60,Male,>50K
35,9,40,Male,>50K
30,13,60,Male,<=50K
18,5,40,Male,<=50K
33,2,40,Male,<=50K
37,9,45,Male,<=50K
32,3,10,Female,<=50K
20,9,40,Male,<=50K
38,13,55,Male,>50K
20,10,35,Female,<=50K
31,9,40,Male,<=50K
77,4,30,Male,<=50K
28,13,40,Female,<=50K
53,9,50,Male,<=50K
35,12,40,Male,>50K
28,10,25,Female,<=50K
56,10,50,Male,>50K
26,9,45,Male,<=50K
31,9,55,Male,>50K
30,9,40,Female,<=50K
28,11,36,Female,>50K
46,15,45,Male,>50K
21,10,16,Male,<=50K
71,13,30,Male,>50K
44,11,40,Male,<=50K
46,12,25,Female,<=50K
23,9,50,Male,<=50K
30,9,40,Male,>50K
21,11,40,Male,<=50K
27,13,99,Female,<=50K
73,9,40,Male,<=50K
41,10,55,Female,<=50K
58,10,40,Male,<=50K
51,7,40,Male,<=50K
59,7,40,Male,<=50K
24,4,38,Male,<=50K
59,13,60,Male,<=50K
38,7,35,Male,<=50K
26,14,40,Female,<=50K
21,8,48,Male,<=50K
32,10,37,Female,<=50K
36,9,52,Male,>50K
31,6,40,Female,<=50K
51,16,50,Male,>50K
31,10,40,Male,<=50K
62,9,38,Male,<=50K
46,9,40,Male,>50K
32,13,50,Male,>50K
63,9,12,Male,<=50K
49,14,50,Male,>50K
39,12,40,Female,<=50K
45,10,40,Female,<=50K
31,9,40,Male,<=50K
47,10,40,Male,>50K
59,9,45,Male,>50K
23,10,40,Female,<=50K
31,13,40,Female,<=50K
38,14,60,Male,>50K
21,10,20,Male,<=50K
63,2,40,Male,<=50K
20,9,40,Female,<=50K
37,2,85,Male,<=50K
65,9,20,Female,<=50K
50,9,40,Female,<=50K
50,9,40,Male,<=50K
31,9,30,Male,<=50K
36,9,40,Male,<=50K
25,7,40,Female,<=50K
46,13,40,Male,>50K
35,12,45,Male,<=50K
30,9,40,Female,<=50K
38,14,60,Male,>50K
51,9,6,Male,<=50K
64,10,40,Female,<=50K
49,13,50,Male,>50K
39,10,30,Female,>50K
36,9,40,Male,<=50K
40,15,35,Female,<=50K
21,10,35,Female,<=50K
43,9,40,Male,<=50K
61,7,36,Female,<=50K
47,15,55,Male,>50K
27,10,50,Male,<=50K
20,13,30,Female,<=50K
19,9,30,Male,<=50K
36,9,40,Male,<=50K
55,3,40,Female,<=50K
39,14,40,Female,<=50K
46,11,36,Female,<=50K
52,16,40,Male,>50K
65,10,50,Male,<=50K
63,7,22,Male,<=50K
27,13,40,Female,<=50K
35,12,52,Male,<=50K
20,2,30,Male,<=50K
61,13,50,Male,<=50K
31,10,40,Male,<=50K
40,12,60,Male,>50K
18,6,20,Male,<=50K
48,5,40,Male,>50K
60,14,50,Female,<=50K
46,11,70,Female,>50K
35,13,50,Male,<=50K
47,10,45,Female,>50K
22,10,36,Male,<=50K
20,9,30,Male,<=50K
51,9,40,Male,>50K
41,4,40,Male,<=50K
37,9,35,Male,<=50K
54,10,50,Male,<=50K
59,4,40,Male,<=50K
32,11,40,Male,<=50K
37,9,45,Male,<=50K
50,9,30,Female,<=50K
32,1,40,Male,<=50K
39,9,40,Male,>50K
21,10,65,Male,<=50K
41,9,55,Male,>50K
43,12,40,Male,>50K
50,14,40,Male,>50K
32,9,40,Male,>50K
24,10,40,Male,<=50K
22,10,40,Female,<=50K
43,13,45,Male,>50K
31,9,50,Male,>50K
58,11,40,Male,>50K
57,10,50,Male,<=50K
53,9,40,Male,>50K
62,4,35,Female,<=50K
36,13,45,Female,<=50K
22,11,25,Female,<=50K
37,9,40,Female,<=50K
35,12,40,Male,>50K
58,13,40,Male,>50K
39,13,45,Male,<=50K
24,11,45,Male,<=50K
19,9,30,Male,<=50K
48,9,32,Female,<=50K
35,13,55,Male,>50K
23,6,40,Male,<=50K
19,10,15,Female,<=50K
64,10,40,Male,<=50K
50,9,40,Male,<=50K
47,9,49,Male,>50K
39,8,50,Male,<=50K
46,13,40,Female,<=50K
30,11,40,Male,<=50K
54,10,55,Male,<=50K
24,9,40,Female,<=50K
19,10,2,Male,<=50K
30,9,62,Male,<=50K
55,9,40,Female,<=50K
51,5,45,Male,<=50K
30,13,40,Male,<=50K
27,10,30,Male,<=50K
42,9,60,Male,<=50K
17,9,14,Male,<=50K
40,9,40,Male,<=50K
23,9,8,Male,<=50K
46,10,40,Male,<=50K
56,9,40,Female,<=50K
37,9,42,Male,<=50K
37,13,38,Male,<=50K
27,9,38,Male,<=50K
34,9,40,Male,<=50K
27,9,50,Male,<=50K
19,10,40,Female,<=50K
28,1,38,Male,<=50K
54,14,52,Male,>50K
30,10,56,Male,>50K
30,13,40,Female,>50K
46,9,48,Female,<=50K
37,10,40,Male,<=50K
30,14,16,Female,<=50K
23,10,40,Male,>50K
34,13,43,Female,<=50K
49,9,40,Female,<=50K
43,14,40,Female,>50K
60,9,40,Male,<=50K
20,10,40,Male,<=50K
40,9,45,Male,<=50K
30,10,20,Male,<=50K
18,7,24,Female,<=50K
73,9,32,Female,<=50K
57,9,60,Male,<=50K
42,9,40,Female,<=50K
34,9,50,Female,<=50K
20,10,18,Female,<=50K
18,7,16,Female,<=50K
46,10,40,Female,<=50K
42,14,50,Male,>50K
49,10,40,Male,<=50K
48,13,40,Male,>50K
56,10,70,Male,<=50K
37,11,40,Female,<=50K
31,10,40,Male,<=50K
31,12,50,Male,>50K
63,14,70,Male,>50K
37,13,40,Male,<=50K
29,9,40,Female,<=50K
28,14,55,Female,<=50K
27,9,40,Male,<=50K
30,13,40,Female,>50K
48,13,48,Male,>50K
35,9,40,Male,<=50K
42,9,55,Male,<=50K
25,10,40,Female,<=50K
55,6,40,Male,<=50K
22,10,18,Female,<=50K
60,9,70,Male,>50K
36,12,52,Male,>50K
63,13,27,Male,<=50K
35,12,65,Male,<=50K
18,10,40,Female,<=50K
26,10,40,Male,<=50K
56,9,40,Male,<=50K
25,13,40,Female,<=50K
46,9,40,Male,<=50K
51,9,40,Male,<=50K
62,10,45,Male,<=50K
31,9,60,Male,<=50K
41,10,40,Male,<=50K
21,10,24,Male,<=50K
45,9,40,Male,<=50K
37,10,50,Male,>50K
23,13,25,Female,<=50K
60,7,40,Male,<=50K
17,8,20,Male,<=50K
57,13,35,Male,<=50K
34,13,40,Male,<=50K
18,6,20,Female,<=50K
39,10,24,Female,<=50K
51,14,55,Male,>50K
36,9,40,Male,<=50K
52,9,55,Male,>50K
41,9,40,Female,<=50K
52,13,40,Male,>50K
38,10,40,Male,<=50K
39,13,40,Male,>50K
19,10,20,Male,<=50K
36,10,50,Male,>50K
55,9,40,Male,>50K
36,11,40,Female,<=50K
46,9,40,Male,<=50K
36,9,40,Male,<=50K
45,14,55,Male,>50K
51,14,30,Male,<=50K
24,7,40,Male,<=50K
31,7,20,Female,<=50K
45,9,40,Male,<=50K
63,9,40,Female,<=50K
24,9,45,Male,<=50K
56,9,90,Male,<=50K
44,10,60,Male,>50K
30,7,8,Female,<=50K
46,11,40,Male,>50K
44,9,40,Male,<=50K
58,6,25,Male,<=50K
31,13,40,Male,<=50K
35,9,40,Male,<=50K
26,14,40,Female,<=50K
37,13,40,Male,>50K
34,10,40,Male,>50K
50,9,50,Male,<=50K
28,9,40,Female,<=50K
22,10,50,Male,<=50K
54,9,40,Male,>50K
23,6,30,Male,<=50K
32,13,40,Male,<=50K
30,10,52,Male,<=50K
49,11,45,Male,>50K
39,9,50,Female,<=50K
28,11,40,Male,<=50K
49,5,38,Male,<=50K
42,9,40,Female,<=50K
35,13,40,Female,<=50K
24,11,40,Female,<=50K
32,10,40,Male,<=50K
42,13,70,Male,<=50K
59,10,40,Male,>50K
37,9,40,Female,<=50K
34,10,40,Male,<=50K
27,13,55,Female,<=50K
46,14,35,Male,>50K
30,9,35,Female,<=50K
25,9,40,Female,<=50K
38,13,40,Female,<=50K
19,10,15,Female,<=50K
23,9,40,Male,<=50K
23,9,40,Male,<=50K
23,13,40,Male,<=50K
24,9,60,Male,<=50K
23,10,40,Male,<=50K
68,8,30,Female,<=50K
41,10,35,Female,<=50K
31,12,40,Male,<=50K
21,9,35,Female,<=50K
27,9,60,Male,<=50K
48,13,45,Female,<=50K
56,9,40,Male,<=50K
26,15,30,Female,<=50K
27,7,40,Male,<=50K
45,9,40,Female,<=50K
38,10,35,Male,<=50K
21,7,40,Female,<=50K
49,9,40,Female,<=50K
55,10,12,Female,>50K
54,9,38,Female,<=50K
52,6,40,Male,<=50K
28,9,50,Male,<=50K
17,7,22,Female,<=50K
18,9,30,Female,<=50K
38,13,40,Male,>50K
40,10,30,Female,<=50K
23,10,40,Male,<=50K
33,14,50,Male,>50K
23,9,40,Male,<=50K
55,13,60,Male,>50K
31,15,60,Female,>50K
58,13,40,Male,>50K
21,10,32,Female,<=50K
39,9,40,Male,<=50K
31,6,40,Male,<=50K
22,10,30,Female,<=50K
44,2,40,Female,<=50K
49,9,70,Male,<=50K
36,4,40,Male,<=50K
22,10,25,Female,<=50K
57,9,40,Male,<=50K
49,14,20,Female,<=50K
29,14,40,Male,>50K
36,16,40,Male,<=50K
35,13,48,Male,<=50K
19,7,30,Male,<=50K
28,9,40,Female,<=50K
37,3,40,Female,<=50K
59,1,40,Male,<=50K
25,10,20,Female,<=50K
73,9,20,Male,<=50K
38,9,32,Female,<=50K
30,10,35,Female,<=50K
22,10,40,Male,<=50K
62,16,50,Male,>50K
29,13,40,Male,>50K
32,6,40,Male,<=50K
19,10,20,Female,<=50K
18,8,30,Female,<=50K
28,7,45,Male,<=50K
48,9,36,Female,<=50K
41,10,60,Male,<=50K
51,14,40,Male,<=50K
40,9,40,Female,>50K
39,9,22,Female,<=50K
34,10,50,Female,>50K
48,10,40,Male,<=50K
28,13,50,Female,<=50K
35,13,40,Male,>50K
30,13,40,Male,<=50K
46,9,48,Male,>50K
37,12,47,Male,<=50K
40,10,35,Female,<=50K
56,9,41,Male,<=50K
47,10,38,Female,<=50K
29,9,60,Male,<=50K
49,13,40,Male,<=50K
51,13,40,Male,>50K
77,4,23,Female,<=50K
35,11,40,Male,<=50K
47,14,50,Male,>50K
61,9,16,Female,<=50K
36,14,40,Male,>50K
19,10,35,Female,<=50K
52,14,40,Female,>50K
58,10,39,Female,<=50K
27,9,40,Male,<=50K
19,9,40,Male,<=50K
31,9,65,Male,<=50K
22,9,35,Female,<=50K
28,9,45,Male,<=50K
38,5,54,Male,<=50K
41,14,40,Female,<=50K
42,7,40,Male,<=50K
59,9,20,Female,<=50K
34,14,45,Female,>50K
33,9,40,Male,<=50K
39,16,50,Male,>50K
27,5,40,Male,<=50K
35,10,39,Female,<=50K
62,10,40,Female,<=50K
33,9,50,Male,>50K
31,10,40,Male,>50K
27,9,40,Female,<=50K
28,13,45,Male,<=50K
27,10,45,Male,<=50K
49,7,40,Female,<=50K
29,13,50,Male,<=50K
20,9,10,Male,<=50K
53,13,40,Female,<=50K
30,13,40,Female,<=50K
49,10,40,Female,<=50K
32,9,40,Male,<=50K
67,9,24,Male,<=50K
17,6,10,Male,<=50K
51,16,40,Male,>50K
55,15,40,Male,>50K
41,13,40,Female,<=50K
45,10,40,Male,<=50K
34,13,45,Male,>50K
25,13,40,Male,<=50K
22,10,40,Male,<=50K
40,14,50,Male,<=50K
37,13,40,Male,>50K
39,9,40,Male,>50K
29,10,40,Female,<=50K
46,13,40,Male,>50K
34,10,6,Female,<=50K
21,6,30,Male,<=50K
51,9,40,Female,<=50K
40,6,40,Female,<=50K
20,9,40,Male,<=50K
19,9,20,Male,<=50K
38,14,40,Male,>50K
19,9,45,Male,<=50K
31,5,43,Male,<=50K
38,14,20,Female,>50K
51,13,8,Male,<=50K
46,13,60,Male,>50K
37,14,40,Female,<=50K
43,10,55,Male,<=50K
66,12,40,Female,<=50K
62,10,40,Male,<=50K
52,9,60,Male,>50K
55,13,40,Female,<=50K
53,9,35,Female,<=50K
38,10,60,Male,<=50K
22,10,10,Male,<=50K
29,13,40,Male,<=50K
72,15,48,Male,>50K
22,10,40,Female,<=50K
49,9,40,Male,<=50K
46,15,60,Male,>50K
44,9,40,Male,<=50K
23,5,30,Female,<=50K
63,8,35,Female,<=50K
71,4,50,Male,<=50K
21,9,40,Male,<=50K
36,13,44,Female,<=50K
41,3,40,Male,<=50K
52,4,40,Male,<=50K
28,10,50,Male,<=50K
29,9,35,Female,<=50K
44,13,55,Male,>50K
32,9,50,Male,<=50K
54,9,40,Male,<=50K
26,9,40,Male,<=50K
34,7,37,Female,<=50K
34,13,40,Male,>50K
23,8,20,Male,<=50K
47,3,40,Female,>50K
36,9,40,Female,<=50K
32,9,80,Male,>50K
51,6,40,Male,>50K
34,7,50,Male,<=50K
35,9,20,Female,<=50K
46,12,33,Female,<=50K
24,9,45,Female,<=50K
46,13,40,Female,>50K
29,9,40,Male,<=50K
26,10,20,Male,<=50K
38,9,70,Female,<=50K
19,10,40,Female,<=50K
28,14,45,Male,>50K
34,9,40,Male,<=50K
29,9,45,Male,<=50K
19,10,20,Female,<=50K
19,7,30,Male,<=50K
31,2,40,Male,<=50K
51,9,70,Male,<=50K
62,4,35,Female,<=50K
38,10,40,Male,>50K
23,10,15,Female,<=50K
26,12,20,Female,<=50K
18,10,40,Male,<=50K
49,11,60,Male,>50K
24,10,60,Male,<=50K
23,6,40,Male,<=50K
32,9,80,Female,<=50K
36,13,40,Female,<=50K
34,6,45,Male,<=50K
32,9,10,Female,<=50K
26,7,20,Male,<=50K
59,9,40,Male,>50K
40,9,40,Male,<=50K
27,10,40,Male,<=50K
35,10,40,Male,<=50K
19,9,35,Male,<=50K
37,13,40,Male,<=50K
26,9,45,Female,<=50K
53,10,40,Male,>50K
41,13,20,Male,<=50K
32,11,42,Male,>50K
33,10,58,Male,<=50K
51,10,40,Female,<=50K
39,12,40,Male,<=50K
37,6,65,Male,<=50K
62,4,91,Male,<=50K
21,9,30,Female,<=50K
25,13,45,Female,<=50K
39,10,44,Female,<=50K
23,13,40,Male,<=50K
22,10,40,Female,<=50K
52,9,40,Male,<=50K
40,14,40,Female,<=50K
38,12,21,Male,>50K
63,13,40,Male,>50K
51,13,50,Male,>50K
38,9,64,Male,<=50K
58,2,40,Male,<=50K
35,12,40,Male,<=50K
35,7,36,Male,<=50K
29,9,45,Male,<=50K
49,14,45,Male,<=50K
42,13,45,Male,>50K
21,10,40,Male,<=50K
56,14,40,Male,>50K
38,9,40,Female,<=50K
25,7,40,Male,<=50K
61,9,40,Male,<=50K
20,10,16,Female,<=50K
46,11,40,Female,<=50K
37,9,46,Male,>50K
30,14,40,Male,<=50K
28,10,50,Female,<=50K
42,13,40,Male,<=50K
41,13,30,Female,<=50K
30,9,70,Male,>50K
18,8,20,Female,<=50K
41,10,45,Male,<=50K
27,7,35,Male,<=50K
64,9,24,Male,<=50K
32,13,50,Male,>50K
49,10,45,Male,>50K
50,15,60,Male,>50K
19,10,30,Male,<=50K
28,6,40,Male,<=50K
42,14,38,Female,>50K
49,10,40,Male,>50K
65,14,44,Male,>50K
44,10,58,Male,>50K
49,3,40,Male,<=50K
40,13,40,Male,>50K
23,13,60,Female,<=50K
34,9,65,Male,>50K
23,9,40,Female,<=50K
54,10,60,Male,<=50K
17,7,20,Female,<=50K
32,10,40,Female,<=50K
28,13,60,Male,<=50K
18,7,40,Male,<=50K
29,10,40,Male,<=50K
34,10,45,Male,<=50K
29,11,40,Male,<=50K
35,9,40,Female,<=50K
45,13,40,Male,>50K
43,9,48,Female,<=50K
52,9,30,Male,<=50K
26,10,40,Male,<=50K
19,9,40,Female,<=50K
40,4,8,Female,<=50K
18,7,15,Female,<=50K
28,9,40,Male,<=50K
56,14,50,Male,>50K
65,9,55,Male,<=50K
35,7,40,Male,<=50K
44,14,40,Male,>50K
44,9,40,Female,<=50K
65,9,59,Male,>50K
27,9,50,Male,<=50K
50,13,36,Female,<=50K
55,15,40,Male,>50K
64,9,40,Male,>50K
45,10,35,Female,<=50K
25,10,40,Female,<=50K
26,14,48,Male,<=50K
30,13,40,Male,<=50K
44,7,44,Female,<=50K
36,3,40,Male,<=50K
50,9,40,Male,<=50K
38,14,60,Female,<=50K
20,9,40,Female,<=50K
20,10,40,Male,<=50K
54,9,38,Female,<=50K
38,13,8,Female,<=50K
20,9,28,Male,<=50K
58,9,40,Male,<=50K
39,11,40,Male,<=50K
19,8,30,Female,<=50K
53,11,40,Male,>50K
54,9,45,Male,<=50K
32,10,40,Male,<=50K
52,4,40,Female,<=50K
62,13,7,Female,<=50K
27,13,40,Female,>50K
46,10,50,Female,<=50K
44,14,42,Male,<=50K
63,10,40,Female,<=50K
21,10,50,Female,<=50K
37,9,40,Male,<=50K
66,10,40,Male,>50K
17,7,8,Female,<=50K
43,9,40,Male,<=50K
34,7,55,Male,<=50K
44,13,55,Male,<=50K
40,11,35,Male,<=50K
45,14,50,Male,>50K
31,10,40,Male,<=50K
24,9,40,Male,<=50K
41,10,40,Male,<=50K
20,10,40,Female,<=50K
62,9,30,Male,<=50K
23,9,40,Male,<=50K
42,9,40,Male,>50K
30,9,35,Female,<=50K
43,9,40,Male,>50K
39,14,40,Female,<=50K
46,14,40,Male,>50K
32,11,40,Male,<=50K
19,10,10,Female,<=50K
29,10,45,Male,<=50K
64,13,3,Male,<=50K
20,9,35,Female,<=50K
34,9,70,Female,<=50K
49,9,60,Male,>50K
33,12,40,Male,<=50K
41,13,40,Male,>50K
31,13,60,Female,>50K
17,6,10,Female,<=50K
21,10,55,Female,<=50K
40,13,40,Male,>50K
42,9,35,Male,<=50K
57,9,60,Male,>50K
51,13,40,Male,>50K
47,9,40,Female,<=50K
39,9,16,Female,<=50K
33,13,40,Female,<=50K
24,9,40,Male,<=50K
60,9,40,Male,<=50K
46,13,50,Male,>50K
50,9,51,Male,>50K
26,10,35,Female,<=50K
35,9,40,Male,<=50K
34,9,20,Female,<=50K
60,9,40,Male,<=50K
44,13,45,Male,<=50K
31,9,40,Male,<=50K
53,10,60,Male,<=50K
63,13,50,Male,>50K
30,9,65,Male,>50K
48,10,40,Male,<=50K
36,9,50,Male,>50K
69,9,32,Female,<=50K
48,9,32,Female,<=50K
68,16,70,Male,<=50K
49,10,50,Male,>50K
69,4,40,Female,<=50K
40,9,50,Male,<=50K
60,7,35,Male,<=50K
23,13,23,Female,<=50K
36,13,40,Male,>50K
44,13,70,Male,>50K
20,9,55,Male,<=50K
46,15,60,Male,>50K
63,2,35,Male,<=50K
64,4,80,Male,<=50K
42,14,60,Male,>50K
23,10,30,Male,<=50K
30,9,40,Male,<=50K
42,9,40,Male,<=50K
18,7,72,Male,<=50K
50,10,40,Female,<=50K
23,9,24,Male,<=50K
27,9,40,Male,<=50K
36,9,40,Male,<=50K
33,9,87,Male,<=50K
19,9,40,Male,<=50K
27,9,45,Male,>50K
69,9,35,Female,<=50K
61,9,40,Male,>50K
37,16,40,Male,<=50K
43,9,60,Male,<=50K
35,14,45,Male,>50K
30,7,40,Male,<=50K
30,9,70,Male,<=50K
50,9,25,Female,<=50K
40,15,40,Male,<=50K
51,13,40,Male,<=50K
29,9,40,Male,<=50K
53,5,40,Male,<=50K
36,10,40,Female,<=50K
39,14,40,Male,>50K
40,10,50,Male,<=50K
17,7,20,Male,<=50K
25,7,40,Female,<=50K
41,14,30,Female,<=50K
45,14,45,Male,<=50K
49,16,50,Male,>50K
50,9,48,Male,>50K
63,11,20,Female,<=50K
40,9,40,Male,<=50K
52,9,45,Male,>50K
60,4,40,Male,<=50K
49,9,40,Female,<=50K
49,10,65,Female,>50K
47,10,50,Male,<=50K
33,11,42,Male,>50K
42,9,35,Male,>50K
28,9,50,Female,<=50K
26,14,40,Male,<=50K
54,9,40,Male,>50K
20,10,30,Male,<=50K
54,9,30,Female,<=50K
48,8,40,Female,<=50K
52,12,50,Female,<=50K
34,13,45,Female,<=50K
54,10,30,Male,<=50K
48,7,40,Female,<=50K
22,9,40,Female,<=50K
39,9,48,Male,<=50K
44,12,42,Male,<=50K
23,10,40,Male,<=50K
39,9,40,Female,<=50K
19,9,40,Male,<=50K
30,10,40,Male,>50K
64,4,40,Male,<=50K
58,7,40,Female,<=50K
19,9,45,Male,<=50K
20,10,32,Female,<=50K
47,7,40,Female,<=50K
61,9,40,Female,<=50K
58,4,33,Female,<=50K
32,13,46,Female,>50K
25,9,75,Male,<=50K
40,9,40,Female,<=50K
47,9,40,Male,<=50K
19,9,40,Male,<=50K
38,13,50,Female,>50K
40,9,20,Male,<=50K
25,4,40,Female,<=50K
58,6,8,Female,<=50K
23,13,40,Male,<=50K
51,8,99,Male,<=50K
46,11,40,Male,<=50K
26,13,45,Female,<=50K
42,4,40,Male,<=50K
21,10,30,Male,<=50K
36,9,48,Male,<=50K
46,9,45,Male,<=50K
44,10,40,Male,<=50K
36,10,32,Female,<=50K
22,12,40,Male,>50K
35,13,52,Male,>50K
61,13,45,Female,<=50K
21,8,25,Male,<=50K
28,9,40,Male,>50K
27,9,60,Male,<=50K
43,14,35,Female,>50K
43,9,24,Female,<=50K
31,9,80,Female,<=50K
52,9,43,Female,<=50K
46,13,43,Female,<=50K
31,10,35,Female,<=50K
28,13,40,Male,>50K
46,16,40,Male,>50K
22,9,50,Male,<=50K
29,12,45,Male,<=50K
70,7,40,Male,<=50K
51,10,8,Male,>50K
31,10,40,Female,>50K
32,12,40,Female,<=50K
40,9,25,Female,<=50K
39,10,40,Male,>50K
41,9,15,Female,<=50K
27,9,40,Male,<=50K
37,7,40,Male,<=50K
51,5,38,Female,<=50K
48,9,40,Female,<=50K
29,13,50,Female,>50K
59,10,56,Male,<=50K
29,12,40,Male,<=50K
25,7,40,Male,<=50K
37,9,40,Female,<=50K
48,14,40,Female,>50K
43,15,50,Male,>50K
40,10,50,Male,>50K
55,14,40,Male,>50K
27,10,40,Male,<=50K
41,13,40,Male,>50K
31,3,40,Male,<=50K
28,5,35,Female,<=50K
45,9,40,Female,<=50K
50,10,25,Male,>50K
21,10,70,Female,<=50K
39,13,45,Male,>50K
20,10,20,Female,<=50K
43,14,40,Male,>50K
51,10,40,Female,<=50K
32,13,50,Male,<=50K
45,13,50,Male,>50K
31,9,50,Male,<=50K
60,9,20,Female,<=50K
19,5,35,Male,<=50K
35,5,40,Male,<=50K
28,9,45,Male,<=50K
42,9,40,Male,<=50K
79,14,40,Male,>50K
37,9,45,Male,<=50K
40,9,65,Female,<=50K
26,13,55,Male,<=50K
40,10,35,Female,>50K
21,10,25,Female,<=50K
50,9,40,Male,<=50K
39,11,40,Male,<=50K
42,10,50,Male,>50K
49,9,40,Male,>50K
27,13,41,Male,<=50K
24,10,40,Female,<=50K
53,7,40,Female,<=50K
36,13,40,Female,<=50K
67,14,40,Male,<=50K
57,13,35,Female,<=50K
19,9,40,Male,<=50K
22,10,10,Male,<=50K
28,9,40,Female,<=50K
59,9,40,Male,>50K
42,14,40,Female,<=50K
63,15,50,Male,>50K
21,10,40,Female,<=50K
62,9,40,Female,<=50K
23,10,60,Male,<=50K
36,13,50,Male,<=50K
18,10,26,Male,<=50K
47,10,45,Male,<=50K
18,6,15,Female,<=50K
30,13,40,Female,>50K
31,13,41,Female,<=50K
37,12,40,Male,<=50K
47,16,50,Male,>50K
34,11,40,Male,<=50K
43,10,40,Male,<=50K
80,16,30,Male,<=50K
33,9,40,Female,<=50K
34,14,50,Male,<=50K
25,9,40,Male,<=50K
23,9,40,Female,<=50K
31,9,45,Male,<=50K
41,9,45,Female,<=50K
34,13,50,Female,<=50K
35,10,40,Female,>50K
17,7,15,Male,<=50K
64,9,40,Male,<=50K
63,9,55,Female,<=50K
52,9,40,Female,<=50K
40,10,40,Male,<=50K
19,9,12,Female,<=50K
25,9,40,Male,<=50K
33,9,35,Female,>50K
23,9,40,Male,<=50K
46,13,40,Male,<=50K
40,9,43,Male,<=50K
65,15,40,Male,<=50K
65,10,40,Male,>50K
73,10,40,Female,<=50K
26,11,38,Female,<=50K
40,13,31,Male,<=50K
26,10,20,Female,<=50K
34,15,47,Female,>50K
44,9,40,Female,>50K
28,9,40,Female,<=50K
59,9,45,Male,<=50K
31,9,40,Female,<=50K
22,9,40,Male,<=50K
62,10,40,Male,<=50K
60,9,32,Female,<=50K
18,10,40,Male,<=50K
55,10,99,Male,<=50K
33,9,25,Female,<=50K
58,9,4,Female,<=50K
42,7,40,Male,<=50K
23,10,45,Male,<=50K
46,12,45,Male,>50K
22,9,40,Male,<=50K
23,10,20,Male,<=50K
52,9,40,Male,<=50K
34,11,40,Female,<=50K
25,9,40,Male,<=50K
40,12,55,Male,>50K
33,11,10,Female,<=50K
52,9,50,Female,<=50K
40,12,40,Female,<=50K
67,14,40,Male,<=50K
20,10,40,Male,<=50K
33,12,40,Female,<=50K
33,14,50,Female,<=50K
23,9,40,Male,<=50K
39,9,40,Male,<=50K
25,9,40,Male,<=50K
47,9,84,Male,>50K
29,13,50,Male,>50K
44,9,40,Male,>50K
36,9,40,Female,<=50K
56,9,48,Male,<=50K
32,9,49,Male,>50K
33,9,40,Male,<=50K
27,4,40,Male,<=50K
46,10,60,Male,>50K
28,10,40,Female,<=50K
19,10,12,Male,<=50K
34,14,50,Male,>50K
35,13,40,Female,<=50K
23,13,15,Male,<=50K
31,9,40,Male,<=50K
33,11,40,Male,>50K
34,10,50,Male,<=50K
19,9,40,Male,<=50K
23,12,40,Female,<=50K
35,10,40,Male,<=50K
22,9,40,Female,<=50K
40,13,50,Male,<=50K
53,11,40,Male,>50K
58,16,99,Female,<=50K
77,14,6,Male,>50K
35,13,40,Male,<=50K
20,10,40,Female,<=50K
28,13,37,Female,<=50K
46,9,40,Male,<=50K
32,7,45,Male,<=50K
64,10,20,Male,<=50K
18,9,32,Male,<=50K
52,14,60,Male,>50K
46,11,40,Male,<=50K
29,9,40,Female,<=50K
42,13,60,Male,>50K
24,9,40,Male,<=50K
38,13,60,Male,>50K
24,13,40,Female,<=50K
37,10,45,Female,>50K
36,13,50,Male,>50K
58,10,40,Female,<=50K
63,16,50,Male,>50K
22,6,35,Female,<=50K
22,9,40,Female,<=50K
56,10,15,Female,<=50K
31,12,50,Male,<=50K
31,9,40,Female,>50K
34,8,35,Male,<=50K
45,13,60,Male,>50K
36,13,35,Male,>50K
19,10,24,Female,<=50K
36,10,50,Male,>50K
23,10,15,Male,<=50K
33,3,40,Male,<=50K
31,10,40,Male,<=50K
38,12,40,Male,>50K
65,9,65,Male,<=50K
23,10,40,Male,<=50K
29,13,50,Male,>50K
37,9,40,Female,<=50K
59,10,48,Female,<=50K
39,9,30,Male,<=50K
23,13,25,Female,<=50K
36,9,40,Male,<=50K
43,9,35,Female,>50K
41,9,40,Female,<=50K
59,10,48,Male,>50K
58,9,55,Male,>50K
38,9,40,Male,<=50K
42,9,12,Male,<=50K
24,14,40,Female,<=50K
44,13,50,Male,<=50K
46,13,30,Male,>50K
29,3,40,Male,<=50K
46,5,40,Female,<=50K
59,10,45,Male,>50K
62,9,40,Male,>50K
27,13,40,Male,<=50K
34,13,60,Male,<=50K
25,9,40,Female,<=50K
34,9,40,Male,<=50K
18,10,25,Male,<=50K
43,14,40,Female,>50K
42,10,40,Male,<=50K
44,14,60,Female,<=50K
22,10,25,Female,<=50K
25,9,40,Male,<=50K
46,5,40,Female,<=50K
52,15,50,Male,>50K
24,13,45,Male,>50K
33,10,60,Female,>50K
47,13,43,Male,>50K
40,9,40,Female,<=50K
47,13,40,Male,>50K
23,9,35,Female,<=50K
43,9,40,Male,<=50K
43,9,40,Male,<=50K
23,9,30,Female,<=50K
25,13,40,Female,<=50K
56,9,40,Male,<=50K
56,10,45,Male,>50K
28,9,40,Male,<=50K
23,13,43,Female,<=50K
18,7,27,Male,<=50K
32,11,60,Female,<=50K
43,13,45,Male,<=50K
45,13,40,Male,>50K
32,9,22,Female,<=50K
48,14,40,Male,>50K
19,9,40,Male,<=50K
49,10,40,Male,>50K
22,10,6,Male,<=50K
26,9,40,Male,<=50K
66,9,40,Male,>50K
51,9,40,Male,<=50K
34,9,25,Female,<=50K
43,9,38,Male,<=50K
44,14,30,Male,>50K
66,4,20,Female,<=50K
51,10,38,Female,>50K
42,11,40,Male,<=50K
38,4,40,Male,<=50K
31,10,40,Male,<=50K
23,9,50,Male,<=50K
67,9,21,Male,<=50K
20,10,40,Female,<=50K
49,11,45,Male,<=50K
18,10,16,Female,<=50K
28,13,40,Male,<=50K
35,11,42,Male,>50K
18,7,21,Female,<=50K
47,13,40,Male,<=50K
28,9,40,Male,<=50K
24,9,50,Male,<=50K
25,9,40,Male,<=50K
32,9,46,Male,>50K
21,6,70,Male,<=50K
44,14,40,Male,<=50K
51,9,70,Male,<=50K
19,9,30,Female,<=50K
57,13,50,Male,>50K
40,9,28,Male,<=50K
32,9,42,Male,<=50K
23,13,7,Male,<=50K
30,9,20,Female,<=50K
35,9,48,Male,<=50K
17,7,20,Male,<=50K
52,9,38,Male,<=50K
26,8,51,Male,<=50K
38,14,40,Female,>50K
18,8,20,Male,<=50K
48,10,45,Male,<=50K
17,8,18,Female,<=50K
43,9,40,Male,<=50K
29,13,40,Female,<=50K
28,10,40,Female,<=50K
31,10,40,Male,<=50K
62,9,60,Male,>50K
30,9,50,Male,<=50K
51,9,60,Male,>50K
47,11,44,Female,<=50K
57,5,40,Male,<=50K
27,9,40,Male,>50K
45,13,48,Male,>50K
52,9,38,Male,<=50K
31,13,50,Male,<=50K
66,13,20,Male,<=50K
41,9,48,Male,<=50K
40,10,40,Male,>50K
32,10,40,Male,<=50K
29,10,34,Female,<=50K
70,9,23,Female,<=50K
48,9,40,Male,<=50K
58,13,40,Male,<=50K
37,10,50,Male,<=50K
37,9,40,Male,<=50K
26,9,40,Male,<=50K
34,16,50,Male,>50K
34,9,40,Male,<=50K
62,10,40,Male,<=50K
40,10,40,Female,<=50K
39,15,60,Male,>50K
21,10,15,Female,<=50K
27,14,40,Female,<=50K
35,9,60,Male,<=50K
61,9,34,Female,<=50K
59,6,40,Male,<=50K
43,13,24,Male,>50K
21,9,40,Female,<=50K
39,11,40,Male,<=50K
42,10,55,Female,<=50K
37,14,70,Male,<=50K
27,10,25,Female,<=50K
47,9,34,Male,<=50K
30,11,48,Male,<=50K
25,12,80,Female,<=50K
30,8,44,Male,<=50K
45,13,35,Male,>50K
39,10,50,Male,>50K
36,3,40,Female,<=50K
20,10,33,Male,<=50K
47,10,45,Male,>50K
45,13,40,Male,<=50K
40,12,50,Male,>50K
37,13,40,Male,<=50K
43,9,40,Male,>50K
19,10,35,Female,<=50K
18,7,40,Male,<=50K
27,9,52,Female,<=50K
53,7,40,Male,<=50K
39,9,16,Female,<=50K
62,13,40,Male,<=50K
35,10,46,Male,<=50K
25,13,30,Female,<=50K
45,9,50,Male,<=50K
47,13,60,Male,<=50K
23,8,30,Male,<=50K
41,14,50,Male,>50K
34,13,55,Female,>50K
23,7,40,Female,<=50K
35,14,50,Female,>50K
37,9,40,Male,<=50K
58,8,40,Male,<=50K
42,9,40,Male,<=50K
22,13,40,Female,<=50K
32,10,99,Male,<=50K
44,9,40,Male,>50K
27,9,40,Female,<=50K
47,13,50,Female,<=50K
22,8,50,Male,<=50K
62,6,40,Female,<=50K
39,14,30,Female,>50K
61,10,20,Male,<=50K
37,15,50,Male,>50K
78,4,35,Female,<=50K
46,14,42,Male,>50K
61,7,32,Female,>50K
46,10,60,Male,<=50K
27,9,45,Male,<=50K
49,9,48,Male,>50K
40,9,40,Female,<=50K
24,10,40,Male,<=50K
20,10,20,Female,<=50K
19,9,40,Male,<=50K
35,9,42,Male,<=50K
37,15,40,Male,<=50K
25,12,40,Male,<=50K
26,9,50,Male,<=50K
31,13,40,Male,>50K
48,10,65,Female,<=50K
54,13,60,Male,>50K
52,9,50,Male,>50K
24,10,40,Female,>50K
45,13,30,Female,<=50K
38,10,46,Male,<=50K
61,8,40,Male,<=50K
39,15,38,Male,<=50K
22,10,20,Female,<=50K
70,9,3,Male,<=50K
27,10,40,Male,<=50K
31,13,70,Male,<=50K
44,13,52,Male,>50K
25,13,40,Female,>50K
52,13,40,Male,>50K
30,12,37,Female,>50K
37,10,40,Male,<=50K
49,4,40,Male,<=50K
52,9,40,Female,<=50K
40,12,2,Female,<=50K
52,10,55,Male,>50K
19,9,35,Male,<=50K
28,9,40,Male,<=50K
33,13,60,Male,>50K
39,11,49,Male,<=50K
37,13,30,Female,>50K
53,13,28,Female,<=50K
65,9,40,Female,<=50K
52,9,40,Male,<=50K
43,9,42,Female,>50K
19,9,40,Female,<=50K
35,9,35,Female,<=50K
19,10,18,Male,<=50K
38,10,60,Male,>50K
17,7,7,Female,<=50K
24,9,40,Female,<=50K
22,10,35,Female,<=50K
37,10,40,Male,<=50K
46,13,53,Male,>50K
40,13,40,Male,>50K
36,13,35,Female,<=50K
18,10,20,Female,<=50K
50,7,40,Male,>50K
64,9,38,Female,<=50K
33,9,50,Male,<=50K
61,7,40,Male,<=50K
35,10,40,Female,<=50K
72,10,25,Female,<=50K
37,12,50,Male,>50K
33,13,40,Male,>50K
27,13,35,Male,<=50K
25,9,40,Male,<=50K
47,14,40,Female,<=50K
37,9,40,Female,<=50K
31,12,40,Male,<=50K
31,13,50,Female,<=50K
31,9,50,Male,<=50K
48,13,45,Male,>50K
39,9,40,Male,<=50K
22,5,40,Male,<=50K
34,13,50,Male,>50K
18,9,45,Female,<=50K
51,9,40,Male,>50K
29,9,50,Male,<=50K
29,10,40,Female,<=50K
40,11,42,Male,<=50K
46,13,40,Male,<=50K
42,10,40,Male,<=50K
21,10,48,Male,<=50K
19,10,14,Male,<=50K
27,13,40,Female,<=50K
20,10,25,Female,<=50K
33,13,40,Female,<=50K
55,9,40,Male,<=50K
65,13,20,Male,<=50K
30,10,58,Male,<=50K
22,9,20,Male,<=50K
33,13,40,Male,<=50K
33,9,45,Male,>50K
25,13,40,Male,>50K
66,9,40,Male,<=50K
50,9,40,Male,<=50K
21,4,40,Male,<=50K
72,10,8,Female,<=50K
45,13,50,Male,<=50K
52,10,65,Male,>50K
32,9,68,Female,<=50K
47,13,40,Female,>50K
34,3,40,Male,<=50K
19,9,35,Female,<=50K
42,9,45,Male,<=50K
67,10,18,Male,<=50K
44,13,65,Female,<=50K
30,9,20,Female,<=50K
33,9,40,Male,<=50K
40,9,24,Female,>50K
35,9,40,Male,<=50K
53,9,40,Male,>50K
59,7,40,Female,<=50K
53,13,30,Male,<=50K
57,10,40,Male,<=50K
46,14,60,Male,>50K
53,11,50,Male,>50K
28,10,38,Female,<=50K
21,10,40,Female,<=50K
31,13,40,Female,<=50K
24,11,40,Male,<=50K
27,9,40,Male,<=50K
47,15,40,Male,>50K
33,13,45,Male,<=50K
50,12,50,Male,<=50K
74,13,6,Female,>50K
23,10,40,Male,<=50K
20,10,40,Female,<=50K
42,14,40,Male,>50K
34,13,50,Male,<=50K
43,9,35,Female,<=50K
24,13,40,Female,<=50K
37,9,40,Male,<=50K
29,13,40,Male,>50K
18,10,50,Male,<=50K
52,10,40,Female,<=50K
56,9,40,Male,>50K
35,9,40,Female,<=50K
47,10,35,Female,<=50K
47,13,70,Male,>50K
38,9,65,Male,<=50K
51,7,40,Male,>50K
48,14,40,Male,>50K
60,15,80,Male,>50K
58,9,40,Male,>50K
24,13,40,Male,<=50K
70,13,55,Female,<=50K
60,10,40,Female,<=50K
81,9,35,Female,<=50K
64,5,38,Female,<=50K
46,13,40,Female,<=50K
21,10,35,Male,<=50K
44,10,30,Female,>50K
74,14,10,Female,<=50K
63,9,14,Male,<=50K
37,12,55,Male,<=50K
30,10,25,Male,>50K
22,9,48,Male,<=50K
26,13,40,Female,<=50K
55,6,40,Male,<=50K
32,6,40,Female,<=50K
51,9,45,Male,<=50K
19,8,18,Female,<=50K
18,5,15,Male,<=50K
55,9,8,Male,<=50K
31,15,50,Male,>50K
29,13,42,Female,<=50K
21,10,30,Female,<=50K
45,9,45,Male,<=50K
20,10,24,Female,<=50K
61,14,45,Male,>50K
61,10,40,Female,<=50K
24,7,20,Female,<=50K
60,9,42,Male,>50K
31,15,99,Female,>50K
51,10,48,Male,>50K
36,9,50,Male,<=50K
52,9,48,Male,<=50K
22,10,28,Female,<=50K
39,14,50,Male,>50K
40,13,60,Male,>50K
53,9,40,Male,>50K
34,9,40,Male,<=50K
49,6,50,Male,<=50K
42,10,40,Female,>50K
17,6,24,Female,<=50K
56,8,40,Male,<=50K
33,9,35,Female,<=50K
56,9,40,Male,<=50K
41,14,38,Male,>50K
51,9,55,Male,>50K
29,13,50,Female,<=50K
36,9,40,Male,<=50K
58,15,40,Male,>50K
31,9,40,Male,<=50K
50,10,40,Male,<=50K
17,7,32,Male,<=50K
29,7,5,Female,<=50K
37,15,50,Male,>50K
36,14,50,Male,>50K
24,8,50,Male,<=50K
48,15,50,Male,>50K
22,12,40,Female,<=50K
55,9,40,Male,<=50K
35,13,40,Male,>50K
48,10,40,Male,>50K
24,13,60,Female,<=50K
72,3,20,Male,<=50K
33,13,40,Male,<=50K
46,10,58,Male,<=50K
27,13,40,Male,<=50K
39,9,38,Male,>50K
25,7,30,Male,<=50K
34,10,45,Male,>50K
22,9,48,Female,<=50K
34,9,60,Male,>50K
61,4,56,Male,<=50K
19,6,30,Male,<=50K
68,16,55,Male,>50K
33,10,26,Female,<=50K
43,14,40,Female,<=50K
45,9,50,Male,<=50K
30,9,40,Male,<=50K
26,9,40,Male,>50K
32,13,35,Male,>50K
17,7,20,Male,<=50K
24,9,40,Female,<=50K
23,10,42,Male,<=50K
53,10,54,Female,<=50K
33,13,40,Female,<=50K
46,13,60,Male,>50K
51,10,60,Female,<=50K
62,10,40,Male,<=50K
29,12,40,Female,<=50K
45,13,45,Male,>50K
42,7,15,Male,<=50K
39,9,50,Male,>50K
48,11,40,Male,<=50K
52,9,43,Female,<=50K
40,10,65,Male,>50K
46,10,45,Female,<=50K
66,14,40,Male,<=50K
23,10,50,Male,<=50K
32,13,40,Male,<=50K
18,10,40,Male,<=50K
44,13,40,Male,>50K
32,10,45,Male,<=50K
23,3,40,Female,<=50K
54,9,40,Male,>50K
70,14,30,Male,>50K
50,12,55,Male,>50K
30,10,30,Female,<=50K
36,12,50,Male,<=50K
41,13,40,Male,<=50K
56,9,40,Female,<=50K
26,10,48,Female,<=50K
29,10,46,Male,>50K
20,9,40,Female,<=50K
19,10,40,Male,<=50K
30,13,45,Male,>50K
21,10,50,Male,<=50K
34,9,50,Male,<=50K
22,7,65,Male,<=50K
40,10,30,Female,<=50K
21,10,20,Female,<=50K
62,13,50,Male,>50K
46,9,43,Female,<=50K
43,14,40,Female,>50K
20,7,40,Male,<=50K
37,2,77,Male,<=50K
38,9,25,Male,<=50K
31,7,30,Male,<=50K
36,10,40,Male,<=50K
32,9,38,Male,>50K
32,9,40,Male,<=50K
41,13,40,Male,<=50K
47,14,48,Male,>50K
40,11,40,Male,<=50K
24,10,40,Male,<=50K
51,9,54,Male,<=50K
41,10,40,Male,<=50K
66,9,40,Female,<=50K
37,9,40,Female,<=50K
53,8,40,Female,<=50K
39,13,40,Male,<=50K
20,10,40,Male,<=50K
41,14,60,Male,>50K
68,10,20,Female,<=50K
22,9,40,Female,<=50K
28,9,40,Female,<=50K
56,13,38,Female,<=50K
20,10,20,Female,<=50K
31,10,45,Male,>50K
62,9,48,Male,<=50K
46,10,45,Female,<=50K
28,9,40,Male,<=50K
22,13,40,Female,<=50K
41,9,40,Male,<=50K
52,9,85,Male,>50K
35,9,40,Female,<=50K
28,9,48,Male,<=50K
58,6,40,Female,<=50K
52,14,40,Male,>50K
54,10,40,Male,>50K
46,10,40,Female,>50K
19,10,30,Female,<=50K
25,9,40,Female,<=50K
35,9,35,Male,<=50K
30,13,40,Male,>50K
36,9,40,Male,<=50K
22,9,40,Female,<=50K
40,14,40,Female,<=50K
46,13,35,Female,<=50K
85,13,3,Male,<=50K
30,10,40,Female,>50K
52,11,40,Male,>50K
76,9,30,Male,<=50K
34,9,60,Male,<=50K
28,9,40,Female,<=50K
36,10,45,Male,<=50K
49,14,40,Male,>50K
36,13,35,Female,>50K
28,9,60,Male,<=50K
31,13,60,Male,<=50K
46,10,40,Male,>50K
73,10,10,Male,<=50K
26,7,32,Male,<=50K
43,10,44,Male,>50K
21,6,40,Male,<=50K
43,9,40,Male,<=50K
37,13,60,Male,<=50K
45,9,40,Male,>50K
42,14,50,Female,>50K
37,9,15,Male,<=50K
30,12,40,Male,<=50K
29,10,40,Female,<=50K
37,9,45,Male,<=50K
43,13,40,Female,<=50K
60,9,32,Male,<=50K
25,9,84,Male,<=50K
37,16,99,Male,>50K
32,9,40,Male,<=50K
18,7,15,Male,<=50K
20,10,40,Male,<=50K
41,4,40,Female,<=50K
37,7,30,Female,<=50K
66,11,30,Male,<=50K
45,7,35,Male,<=50K
59,13,40,Male,>50K
44,14,40,Male,>50K
54,10,60,Male,<=50K
20,9,35,Female,<=50K
56,10,48,Male,<=50K
65,9,40,Male,<=50K
55,13,50,Male,>50K
24,11,45,Male,<=50K
22,9,40,Male,<=50K
32,6,80,Male,>50K
84,9,33,Female,<=50K
25,10,30,Male,<=50K
26,13,40,Male,<=50K
18,7,15,Male,<=50K
32,11,50,Male,>50K
33,13,40,Female,>50K
34,14,55,Male,>50K
35,9,40,Male,<=50K
39,13,60,Male,>50K
36,10,50,Female,<=50K
33,6,40,Male,<=50K
37,10,60,Female,<=50K
77,16,4,Male,>50K
40,10,40,Female,>50K
21,7,15,Male,<=50K
18,10,35,Female,<=50K
54,3,35,Male,<=50K
52,13,40,Male,>50K
74,13,12,Male,>50K
18,3,48,Male,<=50K
42,9,50,Male,<=50K
73,9,10,Male,<=50K
22,9,40,Male,<=50K
32,9,40,Male,<=50K
40,13,46,Male,>50K
64,9,15,Female,<=50K
48,9,40,Female,>50K
18,9,30,Male,<=50K
31,10,45,Male,<=50K
38,11,40,Female,<=50K
51,13,40,Male,<=50K
46,9,40,Male,>50K
38,9,10,Female,<=50K
41,10,40,Male,<=50K
35,13,40,Female,>50K
35,9,50,Male,<=50K
24,16,99,Female,<=50K
31,10,40,Female,<=50K
31,9,35,Female,<=50K
37,13,45,Male,>50K
58,9,24,Male,<=50K
30,9,40,Male,<=50K
40,9,60,Male,<=50K
27,8,55,Male,<=50K
23,12,40,Female,<=50K
33,2,40,Male,<=50K
37,13,50,Male,>50K
60,11,40,Male,<=50K
48,7,40,Male,<=50K
27,10,40,Female,<=50K
36,10,40,Male,<=50K
22,9,36,Female,<=50K
46,10,10,Male,<=50K
25,9,40,Male,<=50K
65,5,40,Female,<=50K
29,10,40,Male,>50K
62,14,48,Male,>50K
36,9,40,Male,<=50K
42,16,40,Female,<=50K
30,5,30,Male,<=50K
54,9,60,Female,<=50K
38,11,40,Female,<=50K
31,9,40,Male,>50K
65,9,40,Female,<=50K
20,9,40,Female,<=50K
41,9,30,Female,<=50K
48,10,40,Female,<=50K
50,14,50,Female,>50K
46,10,40,Male,>50K
45,9,40,Male,>50K
31,9,60,Male,<=50K
19,9,58,Male,<=50K
42,10,21,Female,<=50K
27,13,45,Male,<=50K
69,10,1,Male,<=50K
22,9,48,Male,<=50K
23,9,40,Male,<=50K
22,10,40,Female,<=50K
25,9,40,Female,<=50K
51,16,40,Male,>50K
42,10,40,Female,<=50K
44,11,20,Female,<=50K
56,9,40,Female,<=50K
20,10,45,Female,<=50K
19,6,25,Male,<=50K
38,9,40,Male,<=50K
42,13,55,Female,>50K
28,10,60,Male,<=50K
29,11,40,Female,<=50K
50,10,40,Male,>50K
34,13,40,Male,>50K
20,10,12,Female,<=50K
63,9,40,Male,<=50K
28,9,40,Male,<=50K
20,9,40,Male,<=50K
30,9,50,Male,<=50K
42,10,20,Female,<=50K
25,2,40,Male,<=50K
52,10,50,Male,<=50K
34,16,40,Female,<=50K
68,9,40,Female,<=50K
31,12,20,Male,<=50K
49,9,40,Male,<=50K
31,13,43,Male,>50K
24,9,40,Male,<=50K
25,9,40,Male,<=50K
35,13,40,Male,<=50K
38,10,40,Female,<=50K
53,8,40,Female,<=50K
27,9,40,Male,<=50K
51,14,40,Male,>50K
43,9,32,Female,<=50K
39,16,45,Male,>50K
50,10,45,Female,<=50K
46,13,40,Male,<=50K
66,9,50,Male,<=50K
34,16,50,Male,>50K
17,6,10,Male,<=50K
61,9,40,Male,<=50K
51,13,45,Male,<=50K
65,11,56,Female,>50K
27,9,50,Male,<=50K
54,9,30,Male,<=50K
18,9,40,Female,<=50K
56,14,50,Male,>50K
53,14,50,Male,>50K
54,7,10,Female,<=50K
24,10,40,Male,<=50K
55,9,15,Male,<=50K
46,9,40,Male,<=50K
27,10,20,Male,<=50K
36,9,35,Male,<=50K
25,10,38,Male,<=50K
62,13,40,Male,>50K
21,10,40,Male,<=50K
22,10,35,Male,<=50K
25,13,40,Male,>50K
54,9,40,Male,<=50K
58,10,40,Male,>50K
51,10,40,Male,>50K
39,9,40,Male,<=50K
25,10,40,Female,<=50K
36,9,32,Female,<=50K
31,9,40,Male,<=50K
42,13,17,Female,>50K
22,10,60,Female,<=50K
49,9,40,Male,<=50K
48,11,40,Male,>50K
28,10,40,Male,>50K
74,9,26,Female,<=50K
30,9,40,Female,<=50K
50,14,50,Female,<=50K
56,13,40,Male,>50K
57,14,50,Male,>50K
23,8,40,Male,<=50K
41,11,44,Female,<=50K
44,10,50,Male,<=50K
21,10,24,Female,<=50K
24,10,40,Male,<=50K
59,9,40,Female,<=50K
40,13,35,Male,<=50K
19,3,36,Male,<=50K
29,13,40,Female,<=50K
41,9,40,Male,<=50K
26,10,32,Male,<=50K
20,10,35,Female,<=50K
38,11,38,Female,<=50K
55,13,38,Female,<=50K
25,13,40,Female,>50K
34,13,40,Female,<=50K
24,12,35,Female,<=50K
20,10,15,Female,<=50K
29,10,50,Male,<=50K
51,10,50,Male,>50K
35,10,40,Female,<=50K
43,14,40,Male,>50K
59,9,40,Female,<=50K
41,3,35,Male,<=50K
38,13,40,Male,>50K
89,6,20,Male,<=50K
43,4,40,Male,<=50K
60,6,48,Male,<=50K
29,10,40,Female,<=50K
45,10,40,Male,<=50K
66,9,40,Male,<=50K
21,10,40,Female,<=50K
41,10,40,Male,<=50K
21,10,12,Female,<=50K
28,10,40,Male,<=50K
40,14,60,Male,>50K
54,11,38,Male,>50K
44,10,35,Male,<=50K
26,9,53,Male,<=50K
52,9,44,Male,<=50K
44,10,40,Male,<=50K
47,10,60,Male,<=50K
49,13,40,Female,<=50K
69,9,40,Male,<=50K
47,9,40,Male,>50K
36,10,40,Male,>50K
45,10,42,Male,<=50K
26,9,50,Male,<=50K
49,10,40,Male,<=50K
38,12,36,Female,<=50K
29,9,40,Female,<=50K
59,10,40,Male,<=50K
42,14,45,Male,>50K
66,9,40,Female,>50K
32,11,40,Male,<=50K
21,10,25,Female,<=50K
34,10,40,Male,<=50K
40,13,40,Female,>50K
48,5,40,Male,<=50K
19,9,40,Female,<=50K
54,10,40,Female,<=50K
35,9,40,Female,<=50K
54,13,50,Male,>50K
22,9,40,Male,<=50K
19,10,30,Female,<=50K
20,12,40,Female,<=50K
24,9,60,Male,<=50K
37,13,50,Male,>50K
66,13,40,Male,>50K
31,9,40,Male,<=50K
47,9,40,Female,>50K
57,9,55,Male,>50K
22,9,40,Female,<=50K
48,14,60,Male,<=50K
27,10,40,Male,<=50K
17,8,30,Male,<=50K
49,9,47,Male,<=50K
36,11,40,Female,<=50K
27,13,50,Female,<=50K
41,13,50,Male,>50K
19,9,78,Female,<=50K
27,9,40,Male,<=50K
28,7,40,Male,<=50K
41,13,60,Male,>50K
54,10,32,Male,<=50K
28,13,40,Male,<=50K
23,10,37,Male,<=50K
42,9,15,Male,<=50K
28,9,45,Female,<=50K
67,9,24,Male,<=50K
38,14,60,Male,>50K
22,10,25,Male,<=50K
39,13,40,Male,>50K
41,14,35,Female,<=50K
40,10,40,Male,>50K
66,5,40,Male,<=50K
28,13,50,Male,<=50K
59,9,45,Male,>50K
29,9,40,Male,<=50K
32,13,40,Male,<=50K
47,7,40,Male,<=50K
51,12,30,Female,<=50K
32,13,60,Male,>50K
38,14,40,Male,<=50K
20,10,25,Male,<=50K
35,10,40,Female,<=50K
68,13,70,Male,<=50K
19,9,20,Female,<=50K
56,10,40,Male,<=50K
28,12,40,Female,<=50K
45,13,60,Male,<=50K
42,13,50,Male,<=50K
64,4,30,Female,<=50K
32,9,30,Male,<=50K
33,13,40,Female,<=50K
39,10,40,Male,>50K
54,10,40,Female,<=50K
56,9,40,Male,<=50K
67,9,10,Female,<=50K
52,14,40,Male,<=50K
34,9,40,Male,<=50K
26,10,40,Male,>50K
50,13,50,Female,>50K
50,10,15,Female,<=50K
53,9,40,Male,<=50K
59,9,40,Male,>50K
38,9,40,Male,<=50K
37,13,30,Male,<=50K
75,5,5,Male,<=50K
54,10,60,Male,<=50K
52,10,30,Male,<=50K
37,13,50,Female,<=50K
24,12,48,Male,<=50K
25,13,40,Female,<=50K
30,13,40,Male,<=50K
59,10,40,Female,<=50K
34,13,50,Male,<=50K
43,14,45,Male,<=50K
44,10,35,Male,<=50K
45,15,50,Male,>50K
20,10,14,Male,<=50K
23,9,40,Male,<=50K
50,9,50,Male,<=50K
43,10,40,Male,<=50K
20,10,22,Male,<=50K
76,14,10,Male,<=50K
38,9,40,Male,<=50K
47,16,40,Male,>50K
17,7,20,Male,<=50K
49,14,40,Male,<=50K
43,9,40,Male,<=50K
61,8,52,Male,<=50K
72,4,20,Male,<=50K
41,9,60,Female,<=50K
48,9,40,Male,<=50K
33,6,36,Female,<=50K
48,14,54,Male,>50K
48,9,40,Female,>50K
33,9,37,Male,<=50K
26,9,40,Male,<=50K
21,9,40,Male,<=50K
61,13,40,Male,>50K
40,10,50,Male,<=50K
19,6,30,Female,<=50K
62,9,40,Male,<=50K
38,13,40,Female,>50K
43,13,40,Male,<=50K
36,9,45,Male,<=50K
36,12,40,Male,>50K
18,9,60,Male,<=50K
26,14,40,Male,<=50K
58,10,12,Male,<=50K
48,13,70,Male,>50K
38,10,40,Female,<=50K
61,15,50,Male,>50K
27,12,45,Male,>50K
66,4,30,Male,<=50K
18,8,20,Female,<=50K
18,7,12,Male,<=50K
43,9,99,Male,>50K
39,13,99,Male,>50K
28,13,50,Male,>50K
37,10,40,Male,<=50K
28,9,55,Male,<=50K
20,10,40,Female,<=50K
42,9,24,Female,<=50K
44,8,60,Male,<=50K
53,15,50,Male,>50K
50,9,45,Male,<=50K
29,15,72,Female,<=50K
49,14,32,Female,>50K
20,9,40,Male,<=50K
46,5,40,Female,<=50K
28,13,40,Male,>50K
23,9,72,Male,<=50K
19,10,40,Female,<=50K
39,9,40,Female,<=50K
44,10,38,Female,<=50K
45,13,42,Male,>50K
45,10,55,Male,<=50K
34,3,40,Male,<=50K
33,4,40,Male,<=50K
34,9,60,Male,<=50K
46,9,40,Male,<=50K
42,16,45,Male,>50K
20,10,40,Female,<=50K
43,9,44,Male,<=50K
40,9,40,Male,<=50K
44,10,40,Male,<=50K
48,9,55,Male,<=50K
40,9,70,Female,<=50K
30,13,55,Male,<=50K
65,9,20,Male,<=50K
17,7,18,Male,<=50K
39,9,40,Male,<=50K
40,14,40,Male,>50K
40,13,40,Male,<=50K
39,9,40,Male,<=50K
34,7,30,Female,<=50K
57,9,40,Male,<=50K
24,9,30,Male,<=50K
27,13,40,Female,<=50K
38,13,35,Male,>50K
38,9,20,Female,<=50K
35,13,40,Male,>50K
56,10,40,Male,<=50K
54,13,40,Male,>50K
35,9,40,Male,<=50K
31,10,40,Female,<=50K
61,10,40,Male,<=50K
25,9,48,Female,>50K
21,9,36,Male,<=50K
27,9,40,Male,<=50K
43,14,40,Male,>50K
43,3,40,Female,<=50K
43,13,40,Male,>50K
68,10,20,Male,>50K
61,9,55,Male,<=50K
45,14,1,Female,<=50K
23,9,40,Female,<=50K
26,9,50,Male,>50K
43,9,40,Female,<=50K
20,10,20,Male,<=50K
21,11,12,Female,<=50K
24,12,40,Male,<=50K
44,10,40,Male,<=50K
38,9,20,Female,<=50K
35,13,50,Male,>50K
38,9,40,Male,<=50K
37,12,38,Male,<=50K
46,9,40,Male,<=50K
23,13,38,Male,<=50K
43,9,50,Male,<=50K
36,10,40,Male,<=50K
53,9,40,Female,<=50K
42,12,40,Male,<=50K
41,16,50,Female,>50K
56,2,40,Male,<=50K
47,10,45,Female,<=50K
52,9,45,Female,<=50K
26,13,15,Male,<=50K
33,4,45,Male,<=50K
34,12,60,Male,>50K
35,7,40,Male,<=50K
19,5,40,Male,<=50K
77,5,40,Male,<=50K
19,6,38,Female,<=50K
42,12,40,Female,>50K
60,9,50,Male,<=50K
20,7,32,Female,<=50K
32,9,40,Male,<=50K
37,9,40,Female,<=50K
64,12,40,Male,>50K
36,11,40,Male,<=50K
22,9,40,Male,<=50K
17,7,30,Female,<=50K
21,10,25,Female,<=50K
36,10,20,Male,>50K
44,10,40,Female,<=50K
46,13,45,Male,>50K
19,9,30,Female,<=50K
49,9,20,Female,<=50K
23,10,40,Female,<=50K
48,13,50,Male,<=50K
37,10,40,Female,<=50K
24,9,45,Male,<=50K
47,13,40,Male,<=50K
58,10,36,Female,<=50K
54,10,40,Female,<=50K
34,11,60,Male,>50K
59,10,40,Female,<=50K
78,14,15,Female,<=50K
79,9,6,Male,<=50K
29,2,40,Male,<=50K
50,9,40,Male,<=50K
29,10,40,Female,<=50K
47,14,60,Female,<=50K
62,14,55,Male,<=50K
41,9,50,Male,<=50K
41,16,60,Male,<=50K
67,14,40,Male,>50K
40,9,40,Male,<=50K
43,9,40,Female,<=50K
90,9,4,Male,<=50K
34,9,30,Female,<=50K
50,14,60,Male,>50K
79,10,20,Male,<=50K
67,9,20,Female,<=50K
47,13,40,Male,<=50K
32,9,50,Male,<=50K
20,10,25,Male,<=50K
60,5,45,Male,>50K
51,9,45,Male,<=50K
38,14,40,Male,>50K
27,9,40,Female,<=50K
54,9,50,Male,>50K
39,11,40,Female,<=50K
32,9,40,Male,<=50K
53,11,48,Male,<=50K
38,12,40,Male,<=50K
21,10,40,Female,<=50K
35,13,45,Male,>50K
35,11,40,Male,<=50K
41,9,38,Female,<=50K
71,5,40,Male,<=50K
49,13,46,Male,>50K
28,10,50,Male,<=50K
81,14,60,Male,<=50K
47,16,50,Male,<=50K
44,10,44,Male,>50K
42,14,40,Female,<=50K
33,10,40,Female,>50K
47,16,45,Male,<=50K
72,13,17,Male,<=50K
27,10,40,Female,<=50K
29,12,32,Female,<=50K
43,9,40,Male,<=50K
57,14,40,Female,<=50K
45,10,55,Male,>50K
51,9,40,Female,<=50K
20,10,35,Female,<=50K
38,10,40,Male,<=50K
67,10,40,Male,<=50K
18,9,40,Male,<=50K
34,12,35,Male,<=50K
48,11,50,Female,<=50K
46,14,65,Male,>50K
62,13,40,Male,>50K
51,9,40,Male,>50K
20,9,20,Male,<=50K
59,9,35,Female,<=50K
41,13,45,Male,>50K
27,9,40,Male,<=50K
20,10,30,Female,<=50K
69,11,50,Female,<=50K
46,9,40,Male,>50K
34,9,50,Female,<=50K
75,7,30,Male,<=50K
20,9,30,Female,<=50K
67,6,16,Male,<=50K
32,10,40,Male,<=50K
46,10,40,Male,>50K
52,11,56,Male,<=50K
25,10,40,Female,<=50K
44,10,57,Female,<=50K
32,13,40,Female,<=50K
31,9,12,Female,<=50K
27,9,60,Male,<=50K
57,13,40,Male,>50K
33,13,40,Male,<=50K
60,10,45,Male,<=50K
41,12,50,Male,>50K
37,9,50,Male,<=50K
45,11,40,Female,>50K
36,10,40,Female,<=50K
22,9,40,Male,<=50K
19,10,40,Male,<=50K
25,10,40,Female,<=50K
53,13,50,Female,>50K
54,14,40,Male,<=50K
33,14,40,Male,<=50K
58,4,40,Male,<=50K
30,5,40,Male,<=50K
25,9,50,Male,<=50K
43,10,45,Male,>50K
26,9,40,Female,<=50K
21,10,35,Male,<=50K
53,6,50,Male,>50K
49,13,40,Male,>50K
61,13,10,Male,<=50K
38,13,60,Male,<=50K
57,3,37,Female,<=50K
47,9,50,Male,>50K
50,6,99,Male,<=50K
29,9,40,Male,<=50K
68,6,20,Female,<=50K
35,11,40,Male,<=50K
24,13,10,Male,<=50K
74,10,16,Male,<=50K
20,9,40,Male,<=50K
53,4,38,Male,<=50K
34,14,35,Male,<=50K
35,10,50,Male,<=50K
30,9,40,Male,<=50K
36,13,40,Male,<=50K
21,10,29,Female,<=50K
45,10,40,Male,>50K
30,14,60,Male,>50K
57,15,60,Male,>50K
32,9,40,Male,<=50K
35,9,45,Male,<=50K
35,6,40,Male,<=50K
49,14,35,Female,<=50K
27,13,40,Male,<=50K
37,9,55,Male,>50K
32,10,40,Male,<=50K
37,9,35,Male,<=50K
46,10,48,Male,<=50K
30,9,30,Female,<=50K
24,13,65,Female,<=50K
22,10,50,Female,<=50K
25,13,38,Male,<=50K
24,10,36,Female,<=50K
63,9,40,Female,<=50K
31,9,40,Male,<=50K
37,9,40,Male,<=50K
19,13,30,Female,<=50K
71,10,40,Male,>50K
41,9,40,Male,<=50K
30,9,40,Male,<=50K
56,7,50,Male,<=50K
36,7,40,Male,<=50K
20,6,40,Male,<=50K
22,10,40,Male,<=50K
26,6,20,Male,<=50K
37,6,50,Male,>50K
58,13,40,Male,>50K
26,9,40,Male,<=50K
54,9,40,Male,<=50K
19,8,28,Male,<=50K
24,10,40,Male,<=50K
57,4,40,Female,<=50K
71,9,33,Female,<=50K
66,13,5,Male,>50K
47,10,70,Male,<=50K
18,10,20,Male,<=50K
36,13,45,Male,<=50K
50,13,55,Male,>50K
70,9,20,Female,<=50K
65,13,20,Male,>50K
22,9,45,Female,<=50K
21,10,52,Female,<=50K
55,6,40,Male,<=50K
31,14,25,Female,<=50K
17,7,20,Female,<=50K
44,13,40,Male,>50K
53,9,40,Male,>50K
34,9,45,Male,<=50K
33,15,40,Male,>50K
53,13,42,Male,<=50K
70,10,30,Male,<=50K
27,13,40,Female,<=50K
24,9,45,Female,<=50K
23,8,40,Male,<=50K
27,10,40,Male,<=50K
22,10,30,Male,<=50K
44,13,45,Male,>50K
26,10,40,Male,<=50K
51,9,50,Male,<=50K
56,11,70,Male,<=50K
26,13,40,Male,<=50K
64,16,60,Male,>50K
71,4,40,Male,>50K
28,11,40,Female,<=50K
21,10,25,Female,<=50K
41,9,40,Male,>50K
42,10,40,Male,<=50K
65,13,40,Male,<=50K
29,9,45,Male,<=50K
22,9,37,Male,<=50K
62,16,40,Male,>50K
65,10,16,Male,<=50K
40,9,45,Male,<=50K
39,16,40,Male,<=50K
53,5,40,Male,<=50K
61,4,30,Male,>50K
42,12,40,Male,>50K
27,9,35,Female,<=50K
21,10,12,Male,<=50K
33,13,45,Male,<=50K
41,13,48,Male,>50K
49,7,40,Male,<=50K
41,14,40,Male,<=50K
50,13,40,Male,>50K
46,14,50,Male,>50K
39,13,20,Female,>50K
17,6,30,Male,<=50K
30,12,40,Female,<=50K
36,9,30,Female,<=50K
39,9,40,Male,>50K
18,9,40,Male,<=50K
59,10,14,Female,>50K
21,9,11,Male,<=50K
78,9,5,Female,<=50K
34,9,20,Female,<=50K
56,14,50,Female,<=50K
30,13,60,Male,>50K
52,9,35,Female,<=50K
27,13,40,Male,>50K
19,10,20,Female,<=50K
34,13,38,Male,<=50K
28,7,50,Male,>50K
28,13,38,Male,<=50K
34,9,40,Male,<=50K
51,13,45,Male,>50K
36,9,40,Female,<=50K
48,2,45,Male,<=50K
37,5,35,Male,<=50K
35,10,40,Male,>50K
58,10,35,Male,<=50K
68,3,12,Male,<=50K
20,10,30,Male,<=50K
65,13,40,Male,>50K
24,13,40,Female,>50K
30,10,40,Female,<=50K
32,13,55,Male,>50K
33,11,50,Male,<=50K
42,10,30,Female,<=50K
22,9,45,Female,<=50K
34,16,99,Female,<=50K
32,9,40,Female,<=50K
27,10,40,Male,<=50K
50,5,40,Female,<=50K
24,10,40,Male,<=50K
43,15,5,Female,>50K
33,14,40,Male,>50K
36,6,40,Male,<=50K
44,10,60,Male,>50K
23,9,35,Male,<=50K
23,2,35,Female,<=50K
37,9,99,Male,<=50K
24,7,40,Male,<=50K
50,9,35,Male,<=50K
51,10,40,Male,<=50K
33,11,40,Female,<=50K
36,9,45,Male,<=50K
46,9,40,Male,<=50K
29,16,80,Female,<=50K
55,11,40,Female,<=50K
26,6,48,Male,<=50K
24,4,50,Male,<=50K
35,9,45,Male,<=50K
31,7,55,Male,>50K
28,13,42,Male,<=50K
44,13,40,Female,>50K
28,13,40,Male,<=50K
45,14,36,Male,>50K
22,13,40,Male,<=50K
58,9,40,Male,<=50K
31,9,45,Male,<=50K
54,13,40,Male,>50K
33,6,35,Female,<=50K
32,10,45,Male,<=50K
39,13,40,Male,>50K
34,13,40,Male,>50K
48,13,40,Female,<=50K
38,10,40,Female,<=50K
22,13,30,Male,<=50K
31,13,48,Male,>50K
30,10,50,Male,<=50K
26,8,40,Male,<=50K
28,10,40,Male,<=50K
18,9,40,Female,<=50K
55,9,40,Male,<=50K
48,7,40,Male,<=50K
47,9,50,Male,>50K
40,16,30,Female,>50K
56,6,25,Female,<=50K
21,13,40,Male,>50K
18,7,40,Male,<=50K
26,9,60,Male,<=50K
42,11,40,Male,>50K
25,9,40,Female,<=50K
37,10,50,Male,<=50K
21,10,20,Male,<=50K
27,7,50,Female,<=50K
32,11,50,Male,<=50K
55,12,52,Female,<=50K
26,6,30,Female,<=50K
30,10,50,Male,<=50K
64,10,35,Male,<=50K
38,10,75,Male,>50K
38,9,60,Male,<=50K
39,14,40,Male,>50K
51,9,55,Male,<=50K
36,9,40,Male,<=50K
22,10,43,Female,<=50K
50,3,40,Male,<=50K
50,14,40,Female,>50K
43,10,14,Female,<=50K
37,9,55,Male,>50K
71,3,40,Male,<=50K
27,9,40,Male,<=50K
51,9,40,Male,>50K
40,4,42,Male,<=50K
29,9,40,Male,<=50K
42,9,50,Male,<=50K
28,12,40,Female,<=50K
60,9,40,Male,<=50K
35,9,42,Female,>50K
50,14,60,Male,>50K
37,13,40,Male,>50K
54,9,45,Female,<=50K
30,10,40,Female,<=50K
38,9,40,Male,<=50K
26,9,40,Male,<=50K
36,9,40,Male,<=50K
61,11,40,Male,>50K
51,10,45,Male,<=50K
27,11,36,Female,<=50K
22,8,40,Male,<=50K
24,13,32,Male,<=50K
20,9,20,Female,<=50K
32,15,50,Female,>50K
21,9,35,Male,<=50K
62,6,40,Male,<=50K
27,13,40,Male,<=50K
65,9,40,Male,<=50K
51,10,40,Female,<=50K
29,9,40,Male,<=50K
34,14,50,Male,>50K
29,13,40,Male,>50K
38,9,50,Male,<=50K
36,13,40,Male,<=50K
64,5,40,Male,<=50K
29,10,45,Male,<=50K
24,7,40,Female,<=50K
29,10,40,Female,<=50K
46,14,45,Male,>50K
66,9,25,Female,<=50K
32,13,50,Male,>50K
22,9,40,Female,<=50K
48,12,40,Male,>50K
50,11,40,Female,<=50K
36,13,40,Male,<=50K
22,9,40,Female,<=50K
57,9,40,Male,>50K
45,10,40,Male,>50K
37,9,40,Male,<=50K
27,13,40,Female,<=50K
35,10,70,Female,<=50K
47,13,40,Male,>50K
33,10,25,Male,<=50K
41,10,52,Male,<=50K
43,9,45,Female,<=50K
22,6,84,Male,<=50K
47,13,50,Female,>50K
62,9,48,Female,<=50K
33,13,60,Male,>50K
45,11,50,Male,>50K
27,6,40,Male,<=50K
48,7,22,Male,<=50K
37,10,40,Male,<=50K
46,9,40,Female,<=50K
50,16,40,Male,>50K
21,10,20,Female,<=50K
20,10,14,Female,<=50K
18,7,48,Male,<=50K
27,10,40,Male,<=50K
20,10,40,Male,<=50K
40,13,37,Male,<=50K
73,9,40,Male,<=50K
53,14,55,Male,>50K
42,13,40,Male,<=50K
40,13,55,Male,>50K
36,4,40,Female,<=50K
57,14,40,Male,<=50K
47,9,40,Male,<=50K
61,2,20,Male,<=50K
44,13,40,Male,>50K
27,9,40,Female,<=50K
38,13,60,Male,<=50K
32,9,38,Female,<=50K
22,9,40,Female,<=50K
58,9,35,Female,<=50K
27,9,40,Male,<=50K
29,8,40,Female,<=50K
26,13,60,Male,<=50K
29,9,50,Male,>50K
51,9,40,Male,<=50K
27,13,46,Male,>50K
53,14,35,Female,>50K
63,13,40,Male,>50K
46,13,45,Male,>50K
52,9,40,Male,>50K
19,10,8,Male,<=50K
61,9,45,Male,>50K
32,11,40,Male,<=50K
35,13,40,Male,<=50K
58,9,45,Male,<=50K
68,13,30,Male,<=50K
50,9,50,Male,<=50K
28,9,40,Female,<=50K
26,13,40,Female,<=50K
29,10,45,Male,>50K
47,10,40,Male,>50K
58,9,50,Male,<=50K
52,14,50,Female,<=50K
52,10,90,Male,>50K
22,10,40,Male,<=50K
29,9,40,Male,<=50K
67,14,40,Female,<=50K
24,10,48,Female,<=50K
18,10,15,Female,<=50K
30,15,40,Male,<=50K
56,14,40,Male,>50K
32,7,40,Female,<=50K
26,9,40,Female,<=50K
27,10,45,Male,<=50K
30,11,40,Female,<=50K
40,10,50,Female,<=50K
22,9,22,Female,<=50K
39,10,40,Female,<=50K
37,9,55,Male,<=50K
47,9,40,Male,<=50K
32,6,45,Male,<=50K
30,13,40,Male,<=50K
19,10,18,Female,<=50K
59,9,40,Female,<=50K
45,13,55,Male,>50K
36,10,40,Male,<=50K
45,11,40,Male,>50K
21,10,40,Female,<=50K
35,9,44,Male,<=50K
41,9,60,Male,<=50K
46,14,45,Male,>50K
63,9,35,Female,<=50K
20,9,40,Male,<=50K
54,13,55,Male,>50K
30,9,52,Male,<=50K
37,9,35,Male,<=50K
31,5,45,Male,<=50K
22,13,40,Female,<=50K
18,8,20,Female,<=50K
50,3,35,Female,<=50K
18,10,40,Male,<=50K
28,13,40,Male,<=50K
51,6,40,Female,<=50K
45,13,55,Male,>50K
36,9,40,Male,<=50K
55,4,75,Male,<=50K
18,9,20,Female,<=50K
57,6,60,Male,>50K
21,10,48,Male,<=50K
58,4,30,Female,<=50K
28,13,40,Male,<=50K
53,9,40,Male,<=50K
23,13,50,Female,<=50K
36,9,40,Male,<=50K
33,9,40,Female,<=50K
30,6,50,Male,<=50K
32,9,40,Male,>50K
42,13,40,Female,<=50K
31,9,40,Male,<=50K
68,9,37,Male,<=50K
19,9,35,Female,<=50K
31,9,42,Male,<=50K
38,7,40,Male,<=50K
65,13,15,Male,<=50K
59,13,40,Male,>50K
21,10,12,Female,<=50K
24,13,40,Female,<=50K
53,16,70,Male,>50K
41,14,40,Female,<=50K
52,3,40,Female,<=50K
25,13,43,Male,<=50K
32,13,50,Female,>50K
34,13,40,Male,<=50K
42,10,57,Male,<=50K
36,9,40,Female,<=50K
28,10,47,Male,<=50K
29,10,15,Female,<=50K
43,14,40,Male,>50K
28,13,40,Female,<=50K
48,9,40,Female,<=50K
61,9,40,Female,<=50K
17,7,12,Male,<=50K
51,4,47,Male,<=50K
54,13,40,Male,>50K
40,10,40,Female,<=50K
35,12,50,Female,<=50K
43,9,40,Female,<=50K
21,10,40,Female,<=50K
22,10,40,Male,<=50K
37,9,44,Male,<=50K
65,4,40,Male,<=50K
62,14,50,Male,>50K
20,11,40,Female,<=50K
33,10,30,Female,>50K
47,9,40,Female,<=50K
61,9,50,Male,<=50K
33,3,40,Male,<=50K
35,9,40,Male,<=50K
37,6,33,Female,<=50K
31,13,72,Female,>50K
30,10,40,Male,<=50K
21,10,40,Female,<=50K
49,10,60,Male,<=50K
22,13,25,Female,<=50K
40,14,50,Male,<=50K
37,9,40,Male,<=50K
53,9,40,Female,<=50K
36,9,50,Male,<=50K
68,10,40,Male,<=50K
45,9,50,Male,>50K
28,13,40,Female,<=50K
52,10,40,Male,<=50K
31,9,40,Male,<=50K
61,9,37,Male,<=50K
33,12,50,Male,<=50K
29,9,40,Female,<=50K
48,10,50,Male,<=50K
59,9,40,Female,<=50K
19,9,40,Male,<=50K
43,10,84,Male,<=50K
35,9,50,Male,>50K
27,10,24,Male,<=50K
69,9,24,Male,<=50K
47,10,35,Female,<=50K
27,14,50,Male,<=50K
30,9,40,Female,<=50K
62,14,40,Male,<=50K
28,4,55,Male,<=50K
45,9,40,Male,<=50K
47,13,40,Male,<=50K
25,12,43,Male,<=50K
52,9,40,Male,<=50K
38,13,60,Male,>50K
38,11,40,Male,<=50K
36,13,50,Male,<=50K
49,9,43,Male,>50K
56,13,40,Female,<=50K
32,9,50,Male,<=50K
22,10,22,Male,<=50K
36,9,65,Male,<=50K
74,6,1,Female,<=50K
39,13,40,Male,<=50K
56,2,40,Male,<=50K
90,10,12,Female,<=50K
30,10,6,Female,<=50K
38,9,40,Female,<=50K
23,10,40,Male,<=50K
38,9,48,Male,<=50K
40,14,46,Male,>50K
19,9,20,Female,<=50K
51,13,40,Male,<=50K
50,13,20,Male,>50K
38,15,37,Male,>50K
39,9,40,Male,<=50K
35,7,40,Male,<=50K
32,10,35,Female,<=50K
33,10,98,Male,<=50K
38,13,44,Male,<=50K
20,10,30,Female,<=50K
29,13,40,Male,<=50K
37,3,40,Male,<=50K
31,6,99,Male,<=50K
49,9,32,Female,<=50K
18,9,30,Female,<=50K
35,10,55,Male,>50K
32,9,48,Male,<=50K
27,9,40,Male,>50K
36,13,30,Female,<=50K
41,9,50,Male,<=50K
28,13,60,Female,<=50K
41,10,33,Male,<=50K
68,4,16,Male,<=50K
72,9,20,Male,<=50K
43,13,37,Male,>50K
38,14,48,Female,>50K
47,3,32,Female,<=50K
47,9,40,Male,<=50K
27,9,40,Female,<=50K
21,10,30,Male,<=50K
32,13,40,Male,<=50K
48,9,40,Male,<=50K
23,9,40,Male,<=50K
23,10,45,Male,<=50K
21,10,50,Male,<=50K
42,9,35,Male,<=50K
31,7,40,Male,<=50K
50,11,55,Male,>50K
24,13,40,Female,<=50K
51,14,47,Male,>50K
39,13,40,Male,<=50K
27,12,45,Female,<=50K
49,9,40,Female,<=50K
40,9,60,Male,<=50K
20,10,20,Male,<=50K
34,13,40,Male,>50K
41,10,38,Female,<=50K
25,10,40,Male,<=50K
63,9,30,Male,<=50K
39,14,40,Female,<=50K
52,9,38,Female,<=50K
53,10,30,Female,<=50K
81,5,5,Female,<=50K
65,10,40,Male,<=50K
26,13,50,Female,<=50K
30,10,40,Female,<=50K
51,15,60,Male,>50K
33,13,40,Male,<=50K
34,13,40,Male,>50K
71,9,9,Male,<=50K
32,10,38,Male,<=50K
51,10,60,Male,>50K
27,13,50,Male,<=50K
30,10,44,Male,<=50K
46,13,40,Female,<=50K
62,13,40,Male,>50K
44,12,40,Male,>50K
68,14,40,Male,>50K
54,13,45,Male,>50K
25,10,40,Female,<=50K
30,9,40,Male,<=50K
53,10,40,Female,<=50K
47,14,40,Male,<=50K
41,13,40,Male,<=50K
51,11,40,Male,>50K
40,14,60,Female,>50K
29,10,40,Female,<=50K
19,10,35,Female,<=50K
27,9,40,Male,<=50K
30,9,80,Male,<=50K
44,10,40,Male,>50K
45,9,40,Female,<=50K
38,10,40,Male,>50K
47,9,40,Male,<=50K
24,9,35,Male,<=50K
42,11,32,Female,<=50K
39,9,52,Female,<=50K
27,6,40,Male,<=50K
81,4,40,Female,<=50K
36,9,40,Female,<=50K
27,9,45,Female,<=50K
37,13,45,Male,<=50K
39,12,40,Female,<=50K
73,13,50,Male,>50K
47,9,40,Male,>50K
51,10,45,Male,>50K
61,9,40,Female,<=50K
17,7,20,Male,<=50K
30,14,60,Female,>50K
23,9,45,Male,<=50K
32,9,40,Male,<=50K
47,9,36,Female,<=50K
56,9,30,Male,<=50K
31,9,50,Male,<=50K
45,13,40,Female,<=50K
20,10,40,Male,<=50K
23,13,25,Male,<=50K
31,9,40,Female,<=50K
34,9,40,Female,<=50K
33,10,50,Male,<=50K
32,9,50,Male,<=50K
25,10,50,Male,<=50K
80,15,35,Male,>50K
50,10,50,Male,>50K
45,6,60,Male,<=50K
35,10,44,Female,<=50K
54,9,55,Male,<=50K
35,13,40,Female,<=50K
79,16,40,Female,<=50K
18,9,20,Male,<=50K
35,16,60,Female,>50K
22,10,40,Male,<=50K
46,9,40,Female,<=50K
36,9,20,Female,<=50K
28,12,45,Male,>50K
31,12,50,Male,>50K
30,7,40,Male,<=50K
54,9,56,Male,<=50K
46,4,40,Female,<=50K
34,7,40,Male,<=50K
46,4,40,Female,<=50K
21,10,40,Male,<=50K
30,10,80,Male,>50K
67,9,2,Male,>50K
36,10,40,Male,<=50K
54,6,45,Male,>50K
47,9,56,Male,<=50K
46,14,60,Male,<=50K
56,9,40,Male,<=50K
17,7,30,Female,<=50K
34,9,30,Male,<=50K
27,9,40,Female,>50K
22,8,35,Male,<=50K
19,9,52,Male,<=50K
72,9,20,Male,<=50K
30,12,25,Female,>50K
31,10,30,Female,<=50K
25,13,40,Male,>50K
59,4,85,Male,<=50K
35,9,40,Female,>50K
28,12,40,Male,<=50K
35,9,50,Male,<=50K
32,9,40,Male,<=50K
49,12,40,Female,<=50K
21,10,15,Female,<=50K
31,10,40,Male,<=50K
64,11,10,Male,<=50K
53,10,40,Female,<=50K
25,10,40,Female,<=50K
61,9,53,Male,<=50K
23,13,40,Male,<=50K
34,10,40,Female,<=50K
43,10,40,Male,<=50K
30,4,40,Male,<=50K
41,10,45,Female,<=50K
24,13,50,Female,<=50K
45,10,50,Female,<=50K
39,11,60,Male,<=50K
25,13,40,Male,<=50K
53,11,45,Male,>50K
51,10,45,Male,>50K
53,9,40,Male,<=50K
40,13,45,Female,<=50K
58,14,40,Male,>50K
58,9,40,Male,<=50K
45,9,40,Male,<=50K
45,9,45,Female,<=50K
19,10,20,Female,<=50K
37,10,40,Male,<=50K
43,10,40,Male,>50K
51,10,35,Female,<=50K
22,3,40,Female,<=50K
43,9,15,Female,<=50K
47,15,50,Male,>50K
28,10,40,Female,<=50K
46,13,40,Male,>50K
26,6,40,Male,<=50K
42,10,30,Male,<=50K
34,7,40,Male,<=50K
42,9,40,Female,>50K
24,13,40,Male,>50K
31,13,40,Male,<=50K
22,10,40,Male,<=50K
64,9,28,Male,<=50K
28,9,35,Male,<=50K
46,9,40,Female,>50K
36,13,45,Male,>50K
43,3,40,Female,<=50K
50,9,40,Male,>50K
36,9,30,Female,<=50K
55,9,40,Female,<=50K
17,8,15,Male,<=50K
21,9,20,Male,<=50K
47,3,40,Male,<=50K
58,9,35,Female,>50K
40,13,40,Female,<=50K
36,13,40,Female,<=50K
23,10,10,Male,<=50K
50,13,40,Male,>50K
43,10,40,Female,<=50K
21,10,20,Female,<=50K
36,13,32,Female,>50K
27,9,60,Male,<=50K
36,13,40,Female,<=50K
49,9,60,Male,<=50K
27,11,35,Female,<=50K
33,13,50,Female,<=50K
18,7,16,Female,<=50K
75,6,60,Female,<=50K
30,11,55,Male,<=50K
52,9,84,Male,<=50K
30,5,38,Female,<=50K
36,15,60,Male,>50K
40,9,40,Male,<=50K
34,9,50,Male,>50K
26,10,40,Male,<=50K
26,10,35,Male,<=50K
46,9,40,Male,<=50K
73,10,40,Female,<=50K
50,10,52,Male,>50K
34,8,40,Male,<=50K
23,10,20,Female,<=50K
37,13,42,Female,<=50K
39,13,50,Male,>50K
28,10,40,Male,<=50K
31,10,45,Female,<=50K
46,10,40,Female,<=50K
53,4,60,Male,>50K
46,4,50,Male,<=50K
40,9,45,Male,>50K
38,10,40,Male,<=50K
56,9,40,Male,<=50K
27,10,50,Female,<=50K
30,9,45,Male,<=50K
31,9,40,Male,<=50K
55,15,35,Female,<=50K
33,12,40,Male,<=50K
40,9,40,Male,<=50K
27,13,50,Male,>50K
45,14,60,Male,>50K
39,9,40,Female,<=50K
23,9,35,Male,<=50K
72,4,40,Female,<=50K
31,15,60,Male,>50K
59,14,40,Male,>50K
33,9,40,Female,<=50K
53,13,65,Male,>50K
20,10,40,Male,<=50K
57,15,36,Male,<=50K
28,9,40,Female,<=50K
50,13,40,Male,>50K
75,9,25,Female,<=50K
71,9,42,Female,>50K
27,10,40,Male,<=50K
51,9,40,Male,<=50K
44,12,45,Female,<=50K
33,9,40,Male,<=50K
47,16,29,Female,<=50K
25,9,50,Female,<=50K
40,12,50,Female,<=50K
20,10,25,Female,<=50K
32,13,40,Male,>50K
30,9,30,Female,<=50K
64,9,5,Male,<=50K
45,9,40,Female,<=50K
41,10,45,Male,>50K
31,4,40,Male,<=50K
45,13,45,Male,<=50K
26,13,40,Male,<=50K
54,15,50,Female,>50K
35,13,48,Male,<=50K
33,10,40,Male,>50K
31,10,40,Male,<=50K
66,11,35,Female,<=50K
45,10,40,Male,<=50K
23,9,40,Male,<=50K
54,6,40,Male,<=50K
41,11,40,Male,<=50K
26,13,25,Female,<=50K
71,13,40,Female,<=50K
58,10,40,Male,>50K
46,10,58,Male,>50K
41,9,20,Male,<=50K
41,9,50,Female,<=50K
48,10,40,Female,<=50K
40,11,72,Male,>50K
31,4,40,Male,<=50K
20,9,40,Male,<=50K
51,9,50,Male,<=50K
35,13,40,Male,>50K
32,9,40,Male,<=50K
43,13,50,Male,<=50K
44,11,45,Male,<=50K
31,10,40,Male,<=50K
64,10,12,Male,<=50K
46,10,40,Male,>50K
58,10,60,Male,>50K
42,10,48,Female,>50K
40,14,50,Female,<=50K
79,6,20,Male,<=50K
62,10,40,Female,<=50K
41,3,40,Male,<=50K
43,13,40,Female,>50K
43,9,40,Male,<=50K
27,9,50,Male,<=50K
35,9,40,Female,<=50K
35,13,45,Male,>50K
47,9,40,Male,>50K
22,6,40,Male,<=50K
34,13,40,Female,>50K
26,13,15,Female,<=50K
40,9,40,Female,<=50K
46,11,40,Female,<=50K
26,9,40,Male,<=50K
30,9,40,Male,>50K
20,10,35,Female,<=50K
48,14,40,Male,>50K
59,9,40,Male,<=50K
48,12,40,Male,<=50K
24,9,40,Male,<=50K
22,13,25,Male,<=50K
47,13,40,Male,>50K
31,10,40,Male,<=50K
37,13,40,Male,<=50K
17,6,15,Female,<=50K
22,10,25,Male,<=50K
43,14,30,Female,<=50K
43,9,40,Female,<=50K
17,6,20,Female,<=50K
31,9,40,Female,<=50K
32,13,40,Male,<=50K
30,10,40,Male,<=50K
23,9,40,Male,<=50K
31,13,25,Female,<=50K
47,10,40,Male,<=50K
51,9,65,Male,<=50K
31,10,38,Female,<=50K
23,12,35,Female,<=50K
20,10,35,Female,<=50K
24,8,40,Male,<=50K
70,9,30,Male,<=50K
61,7,40,Female,<=50K
23,10,40,Male,<=50K
48,10,65,Male,<=50K
26,10,40,Female,<=50K
28,13,46,Male,>50K
37,9,40,Male,<=50K
23,13,30,Female,<=50K
24,10,40,Female,<=50K
50,5,40,Male,<=50K
50,9,60,Male,<=50K
36,10,50,Male,<=50K
34,9,55,Male,<=50K
48,13,40,Male,>50K
47,9,45,Male,>50K
32,12,20,Male,<=50K
54,9,41,Male,>50K
35,9,35,Female,<=50K
75,13,6,Male,<=50K
45,6,65,Male,<=50K
31,9,40,Male,<=50K
28,9,40,Male,<=50K
32,10,40,Male,>50K
60,13,40,Male,>50K
52,14,40,Male,>50K
32,13,40,Female,>50K
59,14,8,Male,>50K
34,13,40,Male,<=50K
32,13,48,Male,>50K
34,13,46,Male,>50K
59,9,35,Female,<=50K
24,9,32,Female,<=50K
45,2,40,Male,<=50K
29,11,40,Male,<=50K
68,9,35,Male,<=50K
34,10,35,Female,<=50K
28,9,40,Male,<=50K
20,10,38,Male,<=50K
40,13,24,Female,>50K
76,10,20,Male,>50K
32,10,40,Male,<=50K
34,10,60,Male,<=50K
19,10,25,Female,<=50K
40,11,40,Female,<=50K
30,9,40,Male,<=50K
63,9,40,Female,<=50K
42,13,90,Male,<=50K
35,10,40,Male,<=50K
38,16,40,Male,>50K
56,9,40,Male,<=50K
46,10,80,Female,<=50K
38,10,45,Male,<=50K
22,10,40,Female,<=50K
29,9,35,Male,<=50K
39,9,40,Female,<=50K
27,3,40,Male,<=50K
46,14,56,Male,<=50K
44,9,40,Male,<=50K
27,12,40,Male,<=50K
19,10,40,Male,<=50K
48,10,40,Male,<=50K
51,4,48,Female,<=50K
23,9,38,Male,<=50K
49,10,56,Male,>50K
25,10,42,Male,<=50K
20,10,15,Female,<=50K
38,9,24,Male,<=50K
34,11,40,Male,<=50K
20,9,25,Female,<=50K
21,9,20,Female,<=50K
28,11,40,Male,<=50K
51,9,50,Male,<=50K
46,9,42,Male,<=50K
23,10,40,Male,<=50K
36,9,40,Male,<=50K
38,14,40,Male,<=50K
18,9,40,Male,<=50K
42,3,40,Female,<=50K
52,9,40,Male,<=50K
39,9,40,Male,<=50K
28,13,45,Male,>50K
61,4,44,Female,<=50K
31,5,43,Male,<=50K
44,10,35,Male,>50K
43,9,40,Male,<=50K
30,11,40,Male,<=50K
50,9,40,Male,>50K
38,9,40,Male,<=50K
61,9,40,Female,<=50K
56,13,45,Male,>50K
27,9,40,Male,<=50K
48,13,40,Male,>50K
71,4,40,Male,>50K
28,13,50,Male,>50K
27,10,25,Female,<=50K
53,9,40,Male,<=50K
36,9,50,Male,>50K
21,9,40,Female,<=50K
25,9,40,Male,<=50K
30,13,50,Female,<=50K
34,9,48,Male,>50K
66,15,20,Male,<=50K
28,9,42,Male,<=50K
29,16,50,Male,>50K
27,9,40,Female,<=50K
62,10,40,Male,<=50K
47,9,40,Male,>50K
46,9,40,Male,<=50K
51,9,43,Female,<=50K
21,10,40,Female,<=50K
20,9,15,Female,<=50K
40,13,40,Male,<=50K
63,15,30,Male,>50K
42,7,40,Male,<=50K
38,9,40,Male,<=50K
32,12,45,Male,>50K
38,13,40,Male,>50K
27,9,40,Male,<=50K
24,10,52,Female,<=50K
21,6,35,Male,<=50K
40,14,70,Male,>50K
36,10,48,Male,<=50K
32,10,50,Female,<=50K
50,10,40,Male,<=50K
23,13,40,Male,>50K
27,9,40,Female,<=50K
39,9,40,Female,<=50K
35,5,40,Male,<=50K
18,8,32,Female,<=50K
21,13,40,Male,<=50K
26,9,60,Male,<=50K
21,10,20,Male,<=50K
75,9,15,Male,<=50K
25,10,45,Female,<=50K
30,5,32,Male,>50K
44,14,35,Female,>50K
58,9,40,Male,<=50K
60,14,40,Male,>50K
51,9,40,Male,<=50K
43,11,36,Female,<=50K
54,10,40,Female,<=50K
35,9,40,Male,<=50K
48,9,55,Male,>50K
34,13,45,Female,<=50K
41,13,40,Male,>50K
39,6,40,Male,<=50K
42,10,40,Male,>50K
32,11,40,Male,<=50K
37,10,40,Male,<=50K
21,10,40,Female,<=50K
31,8,32,Male,<=50K
39,14,45,Female,<=50K
33,9,38,Female,<=50K
73,4,40,Female,<=50K
49,13,40,Male,>50K
63,9,40,Male,<=50K
32,9,48,Male,>50K
50,9,40,Male,<=50K
45,6,40,Male,<=50K
53,13,40,Male,<=50K
19,7,16,Male,<=50K
48,14,40,Male,>50K
62,9,40,Male,>50K
48,11,40,Male,<=50K
45,14,50,Male,>50K
48,13,40,Male,<=50K
24,13,42,Male,<=50K
39,9,50,Male,<=50K
17,6,40,Male,<=50K
24,13,45,Male,<=50K
19,10,40,Male,<=50K
32,9,40,Male,>50K
21,10,20,Female,<=50K
23,10,12,Female,<=50K
31,12,40,Male,<=50K
83,10,40,Female,<=50K
41,13,70,Male,>50K
24,11,40,Male,<=50K
53,14,40,Male,>50K
17,7,16,Female,<=50K
34,10,40,Female,>50K
52,9,40,Female,<=50K
22,9,50,Male,<=50K
26,9,40,Male,<=50K
31,9,40,Female,<=50K
38,14,40,Male,<=50K
41,12,40,Male,>50K
21,10,12,Female,<=50K
20,6,36,Female,<=50K
56,13,40,Male,<=50K
25,10,40,Female,<=50K
46,10,40,Female,>50K
17,8,18,Male,<=50K
19,8,40,Female,<=50K
22,9,40,Male,<=50K
29,13,40,Male,<=50K
22,10,40,Male,<=50K
21,10,50,Male,<=50K
31,10,40,Female,<=50K
28,10,40,Female,<=50K
22,10,30,Male,<=50K
31,13,40,Female,<=50K
45,7,32,Female,<=50K
46,12,36,Male,<=50K
62,9,15,Male,<=50K
39,13,50,Male,>50K
33,9,80,Female,<=50K
46,14,45,Male,>50K
46,3,40,Male,<=50K
40,13,40,Male,<=50K
52,13,40,Female,<=50K
44,10,40,Female,<=50K
32,12,40,Female,<=50K
63,10,48,Male,<=50K
59,15,50,Male,<=50K
55,14,40,Female,<=50K
26,9,45,Male,<=50K
31,13,40,Female,<=50K
30,9,40,Male,>50K
36,7,40,Male,<=50K
23,10,40,Male,<=50K
19,10,40,Male,<=50K
22,9,40,Female,<=50K
46,9,65,Male,>50K
26,9,40,Male,<=50K
40,10,40,Female,<=50K
23,9,55,Male,<=50K
48,8,40,Male,<=50K
20,9,48,Male,<=50K
45,7,16,Female,<=50K
61,13,50,Male,>50K
50,9,40,Male,<=50K
43,9,40,Male,<=50K
59,10,50,Male,>50K
75,11,20,Female,<=50K
43,3,40,Male,<=50K
19,10,20,Female,<=50K
30,9,40,Male,<=50K
28,9,20,Female,<=50K
64,9,40,Male,>50K
29,14,55,Male,>50K
41,10,40,Male,<=50K
17,6,20,Male,<=50K
40,7,20,Male,>50K
38,11,25,Female,<=50K
59,9,40,Male,>50K
54,9,35,Male,<=50K
20,10,40,Male,<=50K
24,13,40,Male,<=50K
37,9,45,Male,<=50K
18,7,40,Male,<=50K
59,15,40,Male,>50K
57,14,60,Female,>50K
33,14,40,Male,>50K
27,10,40,Male,<=50K
23,13,40,Male,<=50K
28,9,40,Male,<=50K
39,12,40,Male,<=50K
17,7,15,Female,<=50K
59,6,36,Male,<=50K
55,13,40,Male,>50K
60,4,40,Male,<=50K
35,9,50,Male,>50K
43,13,40,Male,<=50K
18,7,4,Male,<=50K
39,10,40,Female,<=50K
42,9,22,Female,<=50K
34,13,40,Male,<=50K
29,9,99,Female,<=50K
39,13,40,Male,<=50K
23,9,40,Female,<=50K
43,13,60,Female,<=50K
45,10,40,Male,<=50K
36,9,50,Male,<=50K
33,9,48,Male,>50K
26,9,40,Male,<=50K
38,9,40,Male,<=50K
33,9,40,Female,<=50K
64,13,8,Female,<=50K
27,9,40,Male,<=50K
29,13,40,Female,<=50K
58,13,50,Female,>50K
24,10,35,Male,<=50K
44,10,40,Male,<=50K
53,10,30,Male,<=50K
42,9,40,Male,<=50K
19,10,20,Female,>50K
21,10,25,Male,<=50K
28,10,30,Female,<=50K
44,10,38,Female,<=50K
52,9,40,Male,>50K
25,13,40,Male,<=50K
46,10,40,Male,<=50K
35,13,50,Male,>50K
41,10,40,Male,<=50K
37,10,50,Male,>50K
39,10,40,Female,<=50K
43,10,45,Male,<=50K
39,10,80,Male,<=50K
36,9,40,Male,<=50K
38,10,60,Male,>50K
24,9,50,Male,<=50K
31,13,50,Male,>50K
50,9,40,Male,>50K
33,7,53,Female,<=50K
65,4,40,Male,<=50K
24,10,40,Female,<=50K
43,9,35,Female,<=50K
19,9,12,Male,<=50K
37,9,60,Male,<=50K
37,5,65,Male,<=50K
36,9,48,Male,<=50K
62,9,40,Female,<=50K
36,9,40,Male,<=50K
34,9,55,Male,>50K
27,9,40,Male,<=50K
26,13,45,Female,<=50K
19,10,12,Female,<=50K
36,9,40,Male,<=50K
52,9,40,Female,<=50K
22,10,20,Female,<=50K
39,13,50,Male,>50K
46,14,40,Male,<=50K
44,8,35,Female,<=50K
56,11,48,Male,>50K
41,14,45,Male,>50K
31,9,40,Male,<=50K
44,9,38,Female,>50K
34,9,50,Male,<=50K
46,9,50,Female,<=50K
39,9,40,Male,<=50K
67,13,40,Male,<=50K
30,10,35,Female,<=50K
34,10,40,Female,<=50K
48,13,38,Female,>50K
28,9,60,Male,<=50K
26,10,40,Male,<=50K
41,4,40,Male,<=50K
22,9,35,Female,<=50K
30,13,45,Female,<=50K
27,11,40,Female,<=50K
40,9,48,Male,<=50K
41,9,50,Male,>50K
46,9,2,Male,<=50K
34,10,12,Female,>50K
39,9,40,Female,<=50K
30,9,40,Male,<=50K
22,9,40,Male,<=50K
28,9,40,Male,<=50K
51,9,99,Male,<=50K
54,9,15,Male,<=50K
64,13,20,Female,<=50K
32,7,50,Male,<=50K
22,10,45,Male,<=50K
43,13,40,Female,<=50K
37,9,40,Male,<=50K
44,10,72,Male,>50K
45,14,55,Female,<=50K
37,9,40,Male,<=50K
49,10,36,Female,<=50K
31,11,40,Female,<=50K
48,9,70,Male,>50K
32,7,40,Male,<=50K
40,12,40,Male,<=50K
77,9,5,Female,<=50K
28,9,40,Male,<=50K
22,13,40,Male,<=50K
45,9,80,Male,>50K
29,9,40,Male,<=50K
28,14,50,Male,<=50K
48,9,40,Male,<=50K
58,11,40,Male,>50K
27,13,35,Male,<=50K
39,9,99,Male,<=50K
30,9,30,Male,<=50K
18,9,40,Female,<=50K
54,13,50,Male,<=50K
28,14,54,Male,<=50K
44,13,35,Male,>50K
32,13,40,Male,>50K
21,10,40,Male,<=50K
37,9,40,Male,>50K
37,15,50,Male,>50K
40,9,40,Female,<=50K
52,12,20,Female,>50K
60,10,40,Male,>50K
30,12,40,Female,<=50K
22,9,35,Female,<=50K
25,9,24,Male,<=50K
55,13,60,Male,>50K
23,11,40,Female,<=50K
47,11,40,Male,>50K
24,13,20,Male,<=50K
53,13,40,Male,>50K
20,9,40,Male,<=50K
35,9,50,Male,<=50K
40,9,40,Female,<=50K
47,12,40,Male,<=50K
21,7,56,Female,<=50K
24,10,40,Female,<=50K
24,13,65,Male,<=50K
54,10,40,Male,<=50K
38,9,40,Male,<=50K
35,13,55,Female,<=50K
23,9,35,Female,<=50K
44,12,43,Female,<=50K
20,9,42,Female,<=50K
39,10,65,Male,<=50K
45,9,40,Male,<=50K
38,10,40,Male,<=50K
31,9,30,Male,<=50K
17,7,20,Female,<=50K
54,10,40,Male,>50K
22,9,40,Female,<=50K
23,9,45,Male,<=50K
48,9,40,Male,<=50K
38,6,40,Male,<=50K
32,13,32,Female,<=50K
57,9,45,Female,<=50K
36,13,40,Female,<=50K
57,9,40,Male,>50K
45,10,70,Male,<=50K
42,10,40,Female,<=50K
35,13,40,Male,<=50K
53,10,45,Male,>50K
21,10,20,Female,<=50K
51,11,40,Female,<=50K
22,10,40,Female,<=50K
34,10,30,Female,<=50K
58,9,33,Male,<=50K
35,14,40,Female,<=50K
20,10,10,Male,<=50K
44,10,40,Male,<=50K
21,8,40,Male,<=50K
56,9,40,Male,>50K
49,9,30,Female,<=50K
27,10,16,Male,<=50K
19,9,40,Female,<=50K
46,14,50,Male,>50K
45,10,50,Male,<=50K
28,13,35,Female,<=50K
52,10,50,Male,<=50K
53,9,35,Female,<=50K
49,10,50,Male,>50K
36,13,50,Male,>50K
25,10,25,Female,<=50K
39,9,40,Female,<=50K
30,13,40,Male,>50K
27,15,42,Male,>50K
46,5,35,Male,<=50K
18,6,20,Female,<=50K
17,6,12,Female,<=50K
46,14,20,Male,<=50K
20,10,20,Female,<=50K
61,13,40,Female,<=50K
72,9,2,Female,<=50K
66,9,40,Male,<=50K
19,9,45,Male,<=50K
35,14,40,Male,>50K
18,6,16,Female,<=50K
22,9,20,Female,<=50K
35,9,40,Male,<=50K
29,10,40,Male,<=50K
19,10,22,Female,<=50K
26,13,50,Female,<=50K
30,13,40,Male,<=50K
70,13,70,Male,>50K
22,13,50,Male,<=50K
32,13,40,Female,<=50K
20,10,40,Female,<=50K
40,11,15,Female,>50K
28,9,40,Female,<=50K
19,10,20,Female,<=50K
19,9,40,Female,<=50K
23,9,20,Female,<=50K
41,9,50,Male,<=50K
55,10,43,Male,>50K
37,13,39,Male,>50K
62,13,60,Male,>50K
35,13,55,Female,<=50K
39,7,30,Female,<=50K
38,9,45,Male,<=50K
23,11,36,Female,<=50K
19,10,20,Female,<=50K
47,9,45,Male,>50K
51,7,40,Male,<=50K
19,9,40,Female,<=50K
46,13,51,Male,<=50K
57,1,40,Male,<=50K
41,9,40,Female,<=50K
40,9,40,Female,<=50K
47,14,40,Male,>50K
22,4,35,Male,<=50K
20,9,8,Female,<=50K
45,14,55,Male,>50K
38,9,40,Male,<=50K
46,12,44,Male,>50K
64,14,50,Male,>50K
35,9,40,Male,<=50K
48,9,48,Male,<=50K
27,4,40,Male,<=50K
55,14,55,Male,>50K
49,10,25,Male,<=50K
39,9,40,Male,<=50K
39,12,45,Female,<=50K
18,10,15,Female,<=50K
42,13,50,Male,<=50K
27,13,40,Female,<=50K
32,9,38,Male,>50K
17,8,24,Female,<=50K
57,9,30,Female,<=50K
43,10,40,Female,<=50K
40,9,40,Male,<=50K
31,9,40,Male,<=50K
20,7,32,Male,<=50K
36,14,40,Male,>50K
36,10,50,Female,<=50K
49,5,40,Male,<=50K
18,7,25,Male,<=50K
66,9,25,Female,<=50K
38,7,65,Male,<=50K
51,13,50,Male,<=50K
24,9,40,Male,<=50K
18,7,40,Male,<=50K
22,10,20,Female,<=50K
76,3,8,Male,<=50K
30,11,60,Male,<=50K
65,9,40,Female,<=50K
30,9,50,Male,<=50K
29,11,40,Male,<=50K
50,9,40,Male,<=50K
21,10,40,Female,<=50K
33,13,40,Male,<=50K
35,10,40,Female,<=50K
56,10,32,Male,<=50K
48,9,42,Female,<=50K
59,16,40,Male,<=50K
49,9,40,Male,<=50K
24,6,40,Male,<=50K
30,11,40,Male,>50K
60,8,40,Male,<=50K
41,16,60,Male,<=50K
32,9,40,Male,<=50K
19,9,30,Female,<=50K
34,9,40,Female,<=50K
49,12,40,Female,<=50K
31,10,40,Female,<=50K
18,6,56,Male,<=50K
34,6,60,Male,<=50K
57,13,45,Female,>50K
24,8,40,Male,<=50K
42,13,50,Male,>50K
52,14,50,Male,>50K
26,13,40,Female,<=50K
32,10,48,Male,<=50K
46,10,40,Female,<=50K
28,13,50,Male,>50K
30,9,40,Male,<=50K
53,6,34,Male,<=50K
43,10,40,Female,<=50K
30,10,40,Female,>50K
47,9,45,Male,<=50K
67,11,1,Female,<=50K
22,10,40,Male,<=50K
23,13,40,Female,>50K
36,10,35,Female,<=50K
33,9,40,Male,<=50K
61,10,40,Female,<=50K
22,9,40,Male,<=50K
62,14,40,Male,>50K
28,10,40,Male,<=50K
35,13,40,Male,<=50K
59,6,40,Male,<=50K
28,10,40,Male,<=50K
25,9,50,Female,<=50K
63,6,20,Female,<=50K
23,9,1,Male,<=50K
46,9,25,Female,<=50K
24,10,40,Female,<=50K
20,10,40,Male,<=50K
29,10,40,Male,<=50K
60,10,40,Male,>50K
58,7,20,Male,<=50K
49,9,40,Male,<=50K
27,10,36,Male,<=50K
26,10,20,Male,<=50K
21,10,50,Male,<=50K
23,9,40,Male,<=50K
59,13,40,Male,>50K
35,11,40,Male,<=50K
19,8,40,Male,<=50K
36,9,40,Male,>50K
33,9,40,Female,<=50K
45,2,40,Female,<=50K
32,9,20,Male,<=50K
48,9,89,Male,<=50K
46,14,50,Female,>50K
31,10,40,Male,<=50K
44,10,45,Male,<=50K
40,9,40,Male,<=50K
63,9,40,Male,>50K
69,10,50,Male,>50K
26,13,40,Female,<=50K
40,9,40,Female,<=50K
23,13,40,Male,<=50K
31,10,40,Male,>50K
49,13,50,Male,>50K
47,10,30,Female,<=50K
49,9,70,Male,<=50K
37,11,52,Female,<=50K
22,10,40,Male,<=50K
33,9,40,Male,<=50K
41,12,36,Female,<=50K
43,11,40,Male,>50K
45,10,44,Male,>50K
25,6,40,Female,<=50K
